genome,D300476,D300487,D300459,D300506,D300473,D300486,D300528,D300494,D300423,D300441,D300435,D300457,D300522,D300429,D300472,D300471,D300470,D300433,D300436,D300442,classification
D300430:bin_000010,4.904541858901352,6.3362140490872365,4.896644770294685,4.24943337556221,0.0,2.860545412258014,0.0,0.0,0.0,0.0,0.0,0.0,0.0,4.21849478159052,0.0,12.119082098399725,0.0,5.068531401423342,14.24324898887277,0.0,d__Bacteria;p__Bacillota_A;c__Clostridia;o__Oscillospirales;f__Oscillospiraceae;g__Intestinimonas;s__Intestinimonas timonensis
D300432:bin_000001,6.3682857313552015,1.6203644907857735,2.858014729740704,0.0,0.0,0.0,0.0,1.4095282182895057,0.0,0.9506145500817982,2.719675225924115,5.865745214193698,0.0,0.0,0.0,0.0,0.0,0.0,0.0,0.0,d__Bacteria;p__Bacillota_A;c__Clostridia;o__Lachnospirales;f__Anaerotignaceae;g__Fimicola;s__Fimicola sp944379995
D300435:bin_000001,14.138965119266388,20.27314481275087,27.775307328670213,0.0,9.760489086070884,4.880097232686714,13.430284493602018,72.61775596449782,88.24915168880513,66.72051023590869,69.955386569853,48.62655687397227,1.0493800002042704,26.90305329177741,3.415125276648835,8.69844039587594,22.85537737768724,13.82566546959004,38.93760169324408,33.161503995449486,d__Bacteria;p__Bacillota_A;c__Clostridia;o__Lachnospirales;f__Anaerotignaceae;g__Anaerotignum;s__Anaerotignum merdipullorum
D300442:bin_000001,0.0,0.0,0.0,0.0,0.0,0.0,0.0,0.0,0.0,0.0,0.0,0.0,0.0,0.0,0.0,0.0,14.10542111498074,13.509982228394255,13.43644021453316,58.09636811402658,d__Bacteria;p__Bacillota_A;c__Clostridia;o__Lachnospirales;f__CAG-274;g__Tyzzerella;s__Tyzzerella sp944383305
D300442:bin_000015,0.0,0.0,0.0,0.0,0.0,0.0,0.0,0.0,0.0,0.0,0.0,0.0,0.0,0.0,0.0,0.0,0.0,0.0,0.0,36.11570620947071,d__Bacteria;p__Bacillota_A;c__Clostridia;o__Oscillospirales;f__Butyricicoccaceae;g__Agathobaculum;s__Agathobaculum merdipullorum
D300444:bin_000010,18.11859251356696,21.346380415056917,30.011987948266093,21.501107493812167,26.43741252925072,11.840397071863904,18.981574704866343,47.35675746323258,37.60806037873662,44.72362995323637,41.55568799066478,32.69332989808055,10.12264040032368,28.049922894417254,14.4238093034483,26.354256690926054,36.54692059188071,14.721725764270786,46.92742382306113,49.22652094357722,d__Bacteria;p__Bacillota_A;c__Clostridia;o__Lachnospirales;f__Lachnospiraceae;g__Enterocloster;s__Enterocloster excrementigallinarum
D300452:bin_000016,46.65346121089844,34.45836703012574,44.343395634717446,73.07843702402941,28.51591193442252,36.755094857419465,24.29796270765411,46.41920479690512,40.835209835321095,79.49012063180591,87.45278924860328,63.79279384199387,70.64296407721321,50.54635973795553,48.97237524487782,18.67636180042694,226.5363297507923,127.11411452637005,146.77925895467183,151.8671872509338,d__Bacteria;p__Bacillota_A;c__Clostridia;o__Lachnospirales;f__Lachnospiraceae;g__Eisenbergiella;s__Eisenbergiella sp904392525
D300458:bin_000001,0.0,0.0,0.0,67.16044888390039,126.32453714495792,22.68947301941994,35.381723836585394,0.0,0.0,0.0,0.0,0.0,0.0,0.0,0.0,0.0,0.0,0.0,0.0,0.0,d__Bacteria;p__Bacillota_A;c__Clostridia;o__Christensenellales;f__Borkfalkiaceae;g__Coproplasma;s__Coproplasma stercorigallinarum
D300462:bin_000001,107.67695981694766,249.67868018577437,345.8799931100186,0.0,0.0,0.0,0.0,0.0,0.0,0.0,0.0,0.0,0.0,0.0,0.0,0.0,0.0,0.0,0.0,0.0,d__Bacteria;p__Bacteroidota;c__Bacteroidia;o__Bacteroidales;f__Rikenellaceae;g__Alistipes;s__Alistipes excrementavium
D300472:bin_000003,0.0,0.0,0.0,0.0,0.0,0.0,0.0,0.0,0.0,0.0,0.0,0.0,61.447701214683086,16.586543886162012,77.76726269514145,14.13899920372726,0.0,0.0,0.0,0.0,d__Bacteria;p__Bacillota_A;c__Clostridia;o__Christensenellales;f__Borkfalkiaceae;g__Borkfalkia;s__Borkfalkia sp904373255
D300475:bin_000015,0.0,0.0,0.0,7.121097458548526,12.528429697356463,3.1572360581068293,0.0,0.0,0.0,0.0,0.0,0.0,0.0,0.0,0.0,0.0,0.0,0.0,0.0,0.0,d__Bacteria;p__Bacillota_A;c__Clostridia;o__Oscillospirales;f__Ruminococcaceae;g__Egerieicola;s__Egerieicola faecale
D300479:bin_000001,0.0,0.0,0.0,0.7621140452541899,2.1082477915837936,0.0,0.0,5.521310823800901,2.808345462867664,2.288736292167401,0.9022880412145016,2.67334593397586,0.0,0.0,0.0,0.0,1.4855354337722275,0.7900716135944835,15.4299518748819,6.524076203166568,d__Bacteria;p__Bacillota;c__Bacilli;o__Lactobacillales;f__Lactobacillaceae;g__Lactobacillus;s__Lactobacillus crispatus
D300479:bin_000005,0.0,0.0,0.0,0.0,0.0,0.0,0.0,0.0,0.0,0.0,0.0,0.0,2.7775283674822098,2.1431095941881617,1.6131333679139914,0.0,5.342783155826278,4.05747499812704,7.308790788353219,8.423259247990785,d__Bacteria;p__Bacillota_A;c__Clostridia;o__UBA1381;f__UBA1381;g__Ornithomonoglobus;s__Ornithomonoglobus merdipullorum
D300481:bin_000002,66.03327343676393,200.67793720824147,174.09355319960875,0.0,0.0,0.0,0.0,91.23836439662962,120.47574731194092,110.99613236712553,56.8747919944202,108.64881269906684,0.0,14.9195158206248,2.408221668369121,4.619960672965409,96.12567366695112,87.36752882931918,58.00346161953907,13.743822530825495,d__Bacteria;p__Bacillota_A;c__Clostridia;o__Oscillospirales;f__Ruminococcaceae;g__Merdivicinus;s__Merdivicinus intestinigallinarum
D300482:bin_000009,0.0,0.0,0.0,0.0,0.0,0.0,0.0,14.574842538436569,0.0,14.196718972511032,72.85933053994486,2.349311839089314,0.0,0.0,0.0,0.0,0.0,0.0,0.0,0.0,d__Bacteria;p__Bacillota_A;c__Clostridia;o__Lachnospirales;f__Lachnospiraceae;g__Mediterraneibacter;s__Mediterraneibacter sp900761655
D300492:bin_000003,5.655995871665748,22.12027724503057,140.74997368518677,0.0,12.831615657147994,13.204305797130736,116.37003060963204,54.19234937144543,21.913257327506777,39.91575640535731,28.820420777633647,28.074497613269063,21.97369845727334,124.75754933537378,8.869328629943755,8.594900566198268,6.165764322421458,4.660074441515214,20.38662115686856,18.265662290314676,d__Bacteria;p__Bacillota_A;c__Clostridia;o__Lachnospirales;f__Lachnospiraceae;g__Lachnoclostridium_A;s__Lachnoclostridium_A stercorigallinarum
D300500:bin_000011,0.0,0.0,0.0,0.0,0.0,0.0,0.0,0.0,0.0,0.0,0.0,0.0,117.96890936213462,0.0,74.37195244168288,47.51849598507195,0.0,0.0,0.0,0.0,d__Bacteria;p__Bacillota_A;c__Clostridia;o__Oscillospirales;f__Ruminococcaceae;g__Gemmiger;s__Gemmiger stercoravium
D300506:bin_000004,69.3479893493548,77.44212856850257,98.44918023193438,139.00157028743087,97.42180261194392,80.81762233124286,109.48166860107872,139.33068692760096,155.37974621814314,129.33055038086783,153.5780315813087,122.09027689726808,5.3922109842093455,10.338674911488456,8.852207668074398,7.442109061826409,39.870456163622,11.17094675652742,53.82215763345005,6.151683913819504,d__Bacteria;p__Bacillota_A;c__Clostridia;o__Oscillospirales;f__Butyricicoccaceae;g__Agathobaculum;s__Agathobaculum stercoravium
D300509:bin_000001,0.0,0.0,0.0,0.0,0.0,0.0,0.0,0.0,0.0,0.0,0.0,0.0,8.535982656644197,2.8054159780225465,20.34473493825928,2.805477601657429,0.0,0.0,0.0,0.0,d__Bacteria;p__Bacillota;c__Bacilli;o__Erysipelotrichales;f__Coprobacillaceae;g__Massilimicrobiota;s__Massilimicrobiota merdigallinarum
D300511:bin_000002,0.0,0.0,0.0,0.0,0.0,0.0,0.0,0.0,0.0,0.0,0.0,0.0,58.93588662196406,166.46105802818047,54.068027899119215,8.772382482054205,0.0,0.0,0.0,0.0,d__Bacteria;p__Bacillota_A;c__Clostridia;o__Lachnospirales;f__Lachnospiraceae;g__Eisenbergiella;s__Eisenbergiella merdigallinarum
D300519:bin_000006,0.0,0.0,0.0,61.26516226354708,61.10283608126735,33.13102838505856,41.17920656966428,0.0,0.0,0.0,0.0,0.0,0.0,0.0,0.0,0.0,0.0,0.0,0.0,0.0,d__Bacteria;p__Bacillota_A;c__Clostridia;o__Oscillospirales;f__Ruminococcaceae;g__Gemmiger;s__Gemmiger avicola
GPB:bin_000001,3.789070065240831,9.697708332731125,12.6805540701086,37.67065376688472,11.785588338165454,15.690210117676306,9.199874837042454,27.219655209293855,13.762144131071343,28.44649789419828,26.28469080702647,11.80361845243085,15.993903725693672,10.96447742297275,16.620983150695622,7.88212279844717,17.963305284883035,15.1100306692605,18.23957433032037,9.829628066564725,d__Bacteria;p__Bacillota_A;c__Clostridia;o__Lachnospirales;f__Lachnospiraceae;g__Enterocloster;s__Enterocloster excrementipullorum
GPB:bin_000002,0.7756513792942458,8.274939267198622,10.028584153289538,1.4577052627051026,1.1328090369778958,0.8734979418255564,0.6204424170159906,1.25658277470347,1.074738459456298,1.55181422031463,0.9078052206865548,1.12678952589334,0.0,0.0,0.0,0.0,0.0,0.0,1.3724485272787454,1.05522422744362,d__Bacteria;p__Pseudomonadota;c__Gammaproteobacteria;o__Enterobacterales;f__Enterobacteriaceae;g__Proteus;s__Proteus mirabilis
GPB:bin_000004,6.960207866058472,16.200182807106756,26.321048990375083,0.0,0.0,0.0,0.0,41.87095013324628,34.30420173140799,32.19094970999523,31.953011042184123,25.1358838150978,0.0,0.0,0.0,0.0,23.58104308353326,8.225246115815802,20.08151939656849,21.09190678642597,d__Bacteria;p__Bacillota_A;c__Clostridia;o__Oscillospirales;f__Acutalibacteraceae;g__Acutalibacter;s__Acutalibacter stercoravium
GPB:bin_000005,0.0,0.0,0.0,0.0,0.0,0.0,0.0,0.0,0.0,0.0,0.0,0.0,0.0,0.0,0.0,0.0,7.350063333396837,0.0,0.0,10.30380536466435,d__Bacteria;p__Bacillota_A;c__Clostridia;o__Lachnospirales;f__Lachnospiraceae;g__Blautia;s__
GPB:bin_000009,1.628501752775762,1.685755335401254,2.4732859619108383,15.148718832825848,0.0,1.5757493281233308,3.660932261490711,3.3607881670959814,11.886554763993107,3.182834743282046,2.0586060324691178,3.730829224155183,0.0,1.4346939317700906,0.0,0.0,8.891793882515381,2.537821672722046,21.54644115132549,18.162745817220117,d__Bacteria;p__Pseudomonadota;c__Gammaproteobacteria;o__Enterobacterales;f__Enterobacteriaceae;g__Klebsiella;s__Klebsiella pneumoniae
GPB:bin_000010,8.262989744847054,5.817314449548946,8.161011762763161,9.401292183305738,9.39602941352576,6.246025348272457,12.69175232586062,37.73402780885368,67.03016544005264,35.63572683262564,22.815777216555727,55.47126370132175,6.282927763915299,15.90484660129067,6.026281074764735,18.67410345407871,27.51448522233154,31.717957137733933,42.352596751452936,15.881463516399988,d__Bacteria;p__Pseudomonadota;c__Gammaproteobacteria;o__Enterobacterales;f__Enterobacteriaceae;g__Escherichia;s__Escherichia coli
GPB:bin_000012,0.0,0.0,0.0,2.199244210756884,0.0,0.0,1.292688979965858,0.0,0.0,0.0,0.0,0.0,0.0,0.0,0.0,0.0,0.0,0.0,0.0,0.0,d__Bacteria;p__Bacillota_A;c__Clostridia;o__Lachnospirales;f__Lachnospiraceae;g__Choladocola;s__Choladocola sp944381625
GPB:bin_000014,0.0,0.0,0.0,0.0,0.0,0.0,0.0,0.0,0.0,0.0,0.0,0.0,46.18004190062088,0.0,24.483756925544213,40.430103425698135,0.0,0.0,0.0,0.0,d__Bacteria;p__Bacillota;c__Bacilli;o__CAJFEE01;f__CAJFEE01;g__Harrysmithimonas;s__Harrysmithimonas galli
GPB:bin_000015,22.023653027364126,32.11396731496668,34.551838363572294,22.888758506105752,15.80345632380388,8.83884639904462,7.993351247658377,25.4242050025238,22.61650828814108,42.12956322505181,26.73398439427753,4.129380830248446,4.375224205637442,34.495604775857856,17.406957726829727,0.0,17.600983084902182,28.914280503005617,14.797658651011496,22.67118343924449,d__Bacteria;p__Bacillota_A;c__Clostridia;o__Oscillospirales;f__Oscillospiraceae;g__Lawsonibacter;s__Lawsonibacter pullicola
GPB:bin_000016,15.68818726518114,0.0,0.0,0.0,0.0,0.0,0.0,0.0,0.0,0.0,0.0,0.0,0.0,0.0,0.0,0.0,0.0,0.0,0.0,0.0,d__Bacteria;p__Bacillota_A;c__Clostridia;o__Oscillospirales;f__Ruminococcaceae;g__Fournierella;s__Fournierella sp002161595
GPB:bin_000017,2.082745708173875,0.8396646418513972,2.196472331034732,0.8588729330637591,0.0,1.0361053821575563,1.09233405841577,0.8133061276987508,2.8594968499530653,0.8599729673622644,3.267355720629648,1.1469973012491876,0.0,0.0,0.0,0.0,1.9785809219077188,3.279921497039497,1.6349894396707343,1.6762407258646834,d__Bacteria;p__Bacillota;c__Bacilli;o__Erysipelotrichales;f__Coprobacillaceae;g__Thomasclavelia;s__Thomasclavelia ramosa
GPB:bin_000021,32.65952274151947,33.69703776551548,71.88973854401667,62.9091949523768,58.61547892999328,28.048313467182005,25.85100402198926,45.94254014063308,58.11666185877868,43.71603807847289,22.33673087263638,34.142696022929705,4.147658767814167,34.515090228728866,22.29308320178345,10.6634037900806,31.27009542846757,30.319216558052343,53.25905748026281,93.361237917631,d__Bacteria;p__Bacillota_A;c__Clostridia;o__Oscillospirales;f__Acutalibacteraceae;g__Anaeromassilibacillus;s__Anaeromassilibacillus stercoravium
GPB:bin_000022,107.5325264362437,25.55404725348343,21.24619763636422,47.72707603445126,46.131165117941386,21.94620917567641,19.423867785125186,19.624002730970552,76.14788109379859,77.07022472810496,50.927472217503215,64.90202002070666,8.581321699997115,31.93905319943457,7.481040268994189,5.479169938809592,23.710602063613663,17.491714132772607,19.934041612041916,16.48042163364607,d__Bacteria;p__Bacillota_A;c__Clostridia;o__Oscillospirales;f__Oscillospiraceae;g__Dysosmobacter;s__Dysosmobacter pullicola
GPB:bin_000023,1.9385445048908168,0.7346951618147303,0.9215749901395466,3.683153514469044,7.600145181472073,2.1419670118964267,8.07768988563781,4.998177286028159,1.6864474303546872,6.600719487339051,2.9005465599332827,1.6802498850275889,2.804865994768001,0.0,0.0,0.0,0.0,0.0,0.0,0.0,d__Bacteria;p__Bacillota_A;c__Clostridia;o__Lachnospirales;f__Lachnospiraceae;g__Sellimonas;s__Sellimonas intestinalis
GPB:bin_000025,6.022001744105184,27.024164159537506,15.355132709058612,7.426619868097418,2.856196993983419,3.3701474556847626,4.604294898677432,0.0,0.0,0.0,0.0,0.0,0.0,0.0,0.0,0.0,0.0,0.0,0.0,0.0,d__Bacteria;p__Bacillota;c__Bacilli;o__Lactobacillales;f__Lactobacillaceae;g__Ligilactobacillus;s__Ligilactobacillus salivarius
GPB:bin_000026,0.0,0.0,0.0,0.0,0.0,0.0,0.0,0.0,0.0,0.0,6.40398951213647,0.0,0.0,0.0,0.0,0.0,0.0,0.0,0.0,0.0,d__Bacteria;p__Bacillota_A;c__Clostridia;o__UBA1381;f__UBA1381;g__UBA4716;s__UBA4716 sp905215805
GPB:bin_000029,0.0,0.0,0.0,3.398592409919834,1.4889154107012876,9.524694904484958,0.0,3.309948560397105,0.0,3.37928430057477,0.0,0.0,0.0,0.0,0.0,0.0,0.0,0.0,0.0,0.0,d__Bacteria;p__Bacillota_A;c__Clostridia;o__Lachnospirales;f__Lachnospiraceae;g__Mediterraneibacter;s__Mediterraneibacter merdigallinarum
GPB:bin_000031,2.990104717420699,0.0,0.0,14.266516264874577,17.695075240675727,3.295975887285825,2.0674711848084506,0.0,0.0,0.0,0.0,0.0,65.93068632405637,12.044280494499509,48.46229041728196,25.15152167664099,0.0,0.0,0.0,0.0,d__Bacteria;p__Bacillota_A;c__Clostridia;o__Lachnospirales;f__Lachnospiraceae;g__Mediterraneibacter;s__Mediterraneibacter faecigallinarum
GPB:bin_000032,0.0,0.0,0.0,15.144432677208489,16.651060877186577,28.417923529196948,10.797538618851112,0.0,0.0,0.0,0.0,0.0,0.0,0.0,0.0,0.0,0.0,0.0,0.0,0.0,d__Bacteria;p__Bacillota_A;c__Clostridia;o__Oscillospirales;f__Acutalibacteraceae;g__Caccousia;s__Caccousia avistercoris
GPB:bin_000033,5.679656865563515,3.2041644147511006,5.607815967710406,11.118349182985868,6.432390786886376,8.241177282292469,2.472301438542829,8.82789232202201,7.186892701493738,6.071159573611766,6.063742626174349,5.293113163069351,4.776169175396433,5.622822349734944,11.48022722307188,0.0,7.204486390763887,7.209962857767095,6.248131389211503,12.42243827834826,d__Bacteria;p__Bacillota_A;c__Clostridia;o__Oscillospirales;f__Ruminococcaceae;g__Anaerotruncus;s__Anaerotruncus colihominis
GPB:bin_000034,10.472004274192232,26.83004408732853,24.393692300154683,40.75632049286974,40.55295417764184,17.06422253796495,19.29748020191981,74.03051039112437,61.386297232118345,120.83377078477622,71.97001688368147,8.132513957617372,8.117232320545753,47.24043964453279,13.672165722938088,0.0,44.88403453883286,32.06145784484589,38.90490933284183,29.9598633440577,d__Bacteria;p__Bacillota_A;c__Clostridia;o__Oscillospirales;f__Oscillospiraceae;g__Lawsonibacter;s__Lawsonibacter sp900545895
GPB:bin_000035,0.0,0.0,0.0,8.710067123119485,5.185935249711303,16.368423320184974,2.902571239089349,0.0,0.0,0.0,0.0,0.0,6.930033119517903,3.0843438243766523,15.625830384935014,4.7345669496647576,0.0,0.0,0.0,0.0,d__Bacteria;p__Bacillota_A;c__Clostridia;o__Lachnospirales;f__Anaerotignaceae;g__Coprocola;s__Coprocola pullicola
GPB:bin_000038,0.0,0.0,0.0,0.0,0.0,0.0,0.0,6.490358365673474,0.0,9.04243496282207,9.6355935419366,0.0,0.0,0.0,0.0,0.0,0.0,0.0,0.0,0.0,d__Bacteria;p__Bacillota_A;c__Clostridia;o__Lachnospirales;f__Lachnospiraceae;g__Choladocola;s__
GPB:bin_000039,0.0,0.0,0.0,0.0,0.0,0.0,1.123133783682667,0.0,0.5881088394652235,0.0,2.013002027675999,0.0,0.0,0.0,0.0,0.0,0.0,0.0,0.0,0.0,d__Bacteria;p__Bacillota;c__Bacilli;o__Lactobacillales;f__Enterococcaceae;g__Enterococcus_D;s__Enterococcus_D gallinarum
GPB:bin_000051,2.072084577118724,1.4646193606547326,2.6928259523647107,1.1939152450023358,5.069646944842849,1.2157399548049332,0.0,0.0,2.3340782373751288,1.8727479101383224,1.642584650083629,1.560531512635881,6.197990917812159,0.0,5.300878773775118,0.0,0.0,0.0,0.0,0.0,d__Bacteria;p__Pseudomonadota;c__Gammaproteobacteria;o__Enterobacterales;f__Enterobacteriaceae;g__Salmonella;s__Salmonella enterica
GPB:bin_000053,0.0,4.248686965642428,5.726165088187142,32.41008085272728,59.44460678636534,17.249517167174336,1.8292494126662824,0.0,0.0,0.0,0.0,0.0,9.26545548842556,38.27219386076611,3.772385445735009,18.05499649728491,32.47191054723634,39.49954716280078,24.054557206497638,21.784275325017127,d__Bacteria;p__Bacillota_A;c__Clostridia;o__Lachnospirales;f__Lachnospiraceae;g__Mediterraneibacter;s__Mediterraneibacter excrementipullorum
GPB:bin_000054,35.682121022495544,129.3779913752429,64.97237038873384,0.0,0.0,0.0,0.0,20.887783693331308,0.0,14.723339024526778,70.36876634385472,10.750282893631995,7.452123001751342,67.86425803897734,50.67798257855046,12.908121546298592,0.0,0.0,0.0,0.0,d__Bacteria;p__Bacillota_A;c__Clostridia;o__Lachnospirales;f__Lachnospiraceae;g__Merdisoma;s__Merdisoma faecalis
GPB:bin_000059,10.469623541259317,11.09735324693388,7.956466184556086,18.108710374590316,31.26385839093579,6.842616434361557,3.901496146587564,0.0,0.0,0.0,0.0,0.0,0.0,29.454764749476706,12.534715931527126,19.664804902807333,10.8958404158062,13.168623991055416,46.743186723284666,14.29787485520416,d__Bacteria;p__Bacillota_A;c__Clostridia;o__Oscillospirales;f__Oscillospiraceae;g__Dysosmobacter;s__Dysosmobacter avistercoris
GPB:bin_000067,26.85787119476737,4.01264095743066,8.435154594555211,53.13742769440004,42.63747062889934,10.006036850810856,0.0,0.0,0.0,0.0,0.0,0.0,0.0,0.0,0.0,0.0,0.0,0.0,0.0,0.0,d__Bacteria;p__Bacillota_A;c__Clostridia;o__Lachnospirales;f__Lachnospiraceae;g__Lachnoclostridium_A;s__Lachnoclostridium_A stercoripullorum
GPB:bin_000070,0.0,65.05219839268105,0.0,0.0,20.06371868313201,0.0,57.30245862027581,0.0,0.0,0.0,0.0,0.0,0.0,0.0,0.0,0.0,0.0,0.0,0.0,0.0,d__Bacteria;p__Bacillota_A;c__Clostridia;o__Christensenellales;f__Borkfalkiaceae;g__Gallimonas;s__Gallimonas merdigallinarum
GPB:bin_000074,0.0,0.0,0.0,0.0,20.145797920457458,0.0,0.0,0.0,0.0,0.0,0.0,0.0,0.0,0.0,0.0,0.0,0.0,0.0,0.0,0.0,d__Bacteria;p__Bacillota_A;c__Clostridia;o__Oscillospirales;f__Butyricicoccaceae;g__Agathobaculum;s__Agathobaculum sp900557315
GPB:bin_000076,0.0,0.0,0.0,37.19590034632139,28.358821271995623,22.12894419545043,4.501460837523429,0.0,0.0,0.0,0.0,0.0,0.0,0.0,0.0,0.0,0.0,0.0,0.0,0.0,d__Bacteria;p__Bacillota_A;c__Clostridia;o__Christensenellales;f__UBA1750;g__Spyradocola;s__Spyradocola merdavium
GPB:bin_000078,0.0,0.0,0.0,0.929168660073244,0.7764495967501656,0.0,1.5837154147505843,0.0,0.0,0.0,0.0,0.0,0.0,0.8622583012260089,0.0,0.0,0.0,0.0,0.0,0.0,d__Bacteria;p__Actinomycetota;c__Coriobacteriia;o__Coriobacteriales;f__Eggerthellaceae;g__Gordonibacter;s__Gordonibacter urolithinfaciens
GPB:bin_000080,0.0,0.0,0.0,0.0,0.0,0.0,0.0,0.0,0.0,0.0,0.0,0.0,2.8576577049498075,1.0346926661444158,5.147872366200141,0.0,0.0,0.0,0.0,0.0,d__Bacteria;p__Bacillota_A;c__Clostridia;o__Oscillospirales;f__Oscillospiraceae;g__Lawsonibacter;s__Lawsonibacter asaccharolyticus
GPB:bin_000084,63.13514695488196,15.269505704105123,4.446667276721379,0.0,0.0,0.0,0.0,0.0,0.0,0.0,0.0,0.0,0.0,0.0,0.0,0.0,0.0,0.0,0.0,0.0,d__Bacteria;p__Bacillota_A;c__Clostridia;o__Lachnospirales;f__Lachnospiraceae;g__Mediterraneibacter;s__
GPB:bin_000085,0.0,0.0,0.0,2.7999797198760645,0.0,8.679956026141207,0.0,0.0,0.0,0.0,0.0,0.0,0.0,0.0,0.0,0.0,0.0,0.0,0.0,0.0,d__Bacteria;p__Bacillota_A;c__Clostridia;o__Oscillospirales;f__Oscillospiraceae;g__Pelethomonas;s__Pelethomonas intestinigallinarum
GPB:bin_000086,0.0,0.0,0.0,0.0,0.0,1.7516164877912328,1.7047241250524483,2.871869039513463,0.0,3.524811761975535,2.465514670961931,0.0,0.0,2.939971320501845,3.9175180092186297,0.0,0.0,0.0,0.0,0.0,d__Bacteria;p__Bacillota_A;c__Clostridia;o__Oscillospirales;f__Acutalibacteraceae;g__;s__
GPB:bin_000087,2.159123300129183,1.0653588352763308,1.9914330084389624,0.9876970842796012,1.1361829755874788,0.0,1.3812817734342222,5.685473285061115,3.374023213547586,11.729963338588632,6.216443300027885,4.468378583027587,0.7669942060394392,3.284121295274198,2.019289940861702,0.0,2.4939129788824754,1.4063108051413205,1.7302531632390914,2.0016894244673344,d__Bacteria;p__Actinomycetota;c__Coriobacteriia;o__Coriobacteriales;f__Eggerthellaceae;g__Rubneribacter;s__Rubneribacter badeniensis
GPB:bin_000089,0.0,0.0,0.0,38.870875523971314,20.72273840342552,26.50653068023527,16.606188836483938,0.0,0.0,0.0,0.0,0.0,0.0,0.0,0.0,0.0,0.0,0.0,0.0,0.0,d__Bacteria;p__Bacillota_A;c__Clostridia;o__Lachnospirales;f__Lachnospiraceae;g__Blautia_A;s__Blautia_A intestinavium
GPB:bin_000092,0.0,0.0,0.0,60.56379604830561,28.01900068962199,66.29106658861643,6.724904475325967,0.0,0.0,0.0,0.0,0.0,12.8030252153064,16.67805177778134,18.15365990810386,6.312935524353279,28.53745760027585,29.32711487418408,52.09824757830417,9.988705936362324,d__Bacteria;p__Bacillota_A;c__Clostridia;o__Lachnospirales;f__Lachnospiraceae;g__Choladocola;s__Choladocola avistercoris
GPB:bin_000093,0.0,0.0,0.0,9.416583756226911,0.0,0.0,0.0,0.0,0.0,0.0,0.0,0.0,2.591983128552457,5.8056866925939765,0.0,0.0,0.0,0.0,0.0,0.0,d__Bacteria;p__Bacillota_A;c__Clostridia;o__Monoglobales;f__Monoglobaceae;g__Roslinia;s__Roslinia sp019419865
GPB:bin_000097,0.0,0.0,0.0,0.0,0.0,0.0,0.0,0.0,0.0,1.4831083615826914,0.0,0.0,0.0,0.0,0.0,0.0,0.0,0.0,0.0,0.0,d__Bacteria;p__Bacillota_A;c__Clostridia;o__Oscillospirales;f__Oscillospiraceae;g__Dysosmobacter;s__Dysosmobacter faecalis
GPB:bin_000104,7.88236694240949,39.03582497149734,47.14610754744751,107.55054600459282,61.38571155943869,15.214011125015228,21.919970029076584,192.9456361532714,137.31436301576784,202.80917549679836,60.47584474554644,13.783209381687737,65.72920679162532,76.84710955935842,73.79494846282823,53.00593010211662,81.03279266895439,47.16008599739585,41.78053058956665,194.59255811267687,d__Bacteria;p__Bacillota_A;c__Clostridia;o__Lachnospirales;f__Lachnospiraceae;g__Caccovicinus;s__Caccovicinus merdipullorum
GPB:bin_000111,20.720403726857764,0.0,7.53676488308984,0.0,8.412856020475544,0.0,0.0,0.0,0.0,0.0,23.134136995281175,0.0,82.70814153576231,26.56263405746456,46.07836426998029,72.79673393840947,0.0,31.86694751454448,0.0,63.23449030448216,d__Bacteria;p__Bacillota_A;c__Clostridia;o__Oscillospirales;f__Butyricicoccaceae;g__Agathobaculum;s__Agathobaculum intestinigallinarum
GPB:bin_000112,94.83818904642726,71.44403464883897,36.943471405951904,0.0,0.0,0.0,0.0,0.0,0.0,0.0,0.0,0.0,20.79734369378446,3.47627784853004,49.92849313023287,35.206132303424866,0.0,0.0,0.0,0.0,d__Bacteria;p__Bacillota_A;c__Clostridia;o__Oscillospirales;f__Oscillospiraceae;g__Flavonifractor;s__Flavonifractor avicola
GPB:bin_000115,1.9334349562438804,1.0551342999326454,2.460231988724502,1.776624367250693,4.21642990647351,2.162196521758264,5.761358927311911,0.0,0.0,1.7092574233824782,0.0,0.0,0.5903867334427797,0.0,0.0,0.0,3.075445843015829,3.0327593309512664,0.0,0.0,d__Bacteria;p__Bacillota;c__Bacilli;o__Erysipelotrichales;f__Erysipelotrichaceae;g__Clostridium_AQ;s__Clostridium_AQ innocuum
GPB:bin_000116,0.0,0.0,0.0,0.0,0.0,0.0,0.0,0.0,0.0,5.9388572578782055,8.687951122814448,0.0,0.0,0.0,0.0,0.0,0.0,0.0,0.0,0.0,d__Bacteria;p__Bacillota_A;c__Clostridia;o__Lachnospirales;f__Lachnospiraceae;g__Mediterraneibacter;s__Mediterraneibacter sp019418195
GPB:bin_000123,0.0,0.0,0.0,18.3796118295305,30.6429198058626,20.186693235722533,0.0,0.0,0.0,5.467501746739496,32.29539520498913,0.0,0.0,0.0,0.0,0.0,0.0,0.0,0.0,0.0,d__Bacteria;p__Bacillota_A;c__Clostridia;o__Oscillospirales;f__Oscillospiraceae;g__Faecousia;s__Faecousia gallistercoris
GPB:bin_000124,12.913346761510851,35.928280827861485,46.30426296824878,0.0,0.0,0.0,0.0,0.0,0.0,0.0,0.0,0.0,13.93201165505703,11.863062300664817,17.150407199579533,10.136972021101226,37.76229257102813,26.67734824912889,32.9374846960782,24.172102653840916,d__Bacteria;p__Bacillota_A;c__Clostridia;o__Lachnospirales;f__Lachnospiraceae;g__Copromonas;s__Copromonas faecavium
GPB:bin_000126,0.0,22.45073388151655,28.722039989847957,10.80436596197762,0.0,4.570518101031493,0.0,0.0,0.0,0.0,0.0,0.0,3.259348316826548,29.853654954614477,8.075683434538107,4.41666392273956,27.138959170656044,12.279049519191124,33.43732088590868,6.587100550990276,d__Bacteria;p__Bacillota_A;c__Clostridia;o__Oscillospirales;f__Oscillospiraceae;g__Intestinimonas;s__Intestinimonas stercoravium
GPB:bin_000127,0.0,0.0,0.0,0.0,0.0,0.0,0.0,22.485552261218405,11.43534414253458,30.2146300995243,37.47795846394984,26.08310087248175,17.42134237236118,21.81675348554267,50.57587152267795,29.98178105202008,0.0,0.0,0.0,0.0,d__Bacteria;p__Bacillota_A;c__Clostridia;o__Oscillospirales;f__Acutalibacteraceae;g__Onthovicinus;s__Onthovicinus excrementipullorum
GPB:bin_000130,23.26871464067599,5.083911444646192,6.234820033137217,52.67402353167558,29.1420682680378,25.44920395722368,24.459730225908118,0.0,0.0,0.0,0.0,0.0,32.87957049154285,17.718342602133,53.229368390316594,29.969659644306315,44.54992342192672,68.0091602814314,57.840666145331646,66.75090814099315,d__Bacteria;p__Bacillota_A;c__Clostridia;o__Oscillospirales;f__Ruminococcaceae;g__Negativibacillus;s__Negativibacillus faecipullorum
GPB:bin_000131,50.02967310775897,33.29332858382848,164.01050268718717,5.300996480915159,4.520158224941476,21.50215744337453,25.8133668284142,0.0,0.0,0.0,0.0,0.0,1.7576105335973806,7.292924582178579,4.019646952719267,0.0,91.43784254984692,16.84381845277536,20.59813596621299,123.09623542992792,d__Bacteria;p__Bacillota_A;c__Clostridia;o__Christensenellales;f__Borkfalkiaceae;g__Borkfalkia;s__Borkfalkia excrementigallinarum
GPB:bin_000133,17.344221057203626,0.0,0.0,0.0,0.0,0.0,0.0,0.0,0.0,0.0,0.0,0.0,0.0,0.0,0.0,0.0,0.0,0.0,0.0,0.0,d__Bacteria;p__Bacillota_A;c__Clostridia;o__Oscillospirales;f__Acutalibacteraceae;g__Onthovicinus;s__
GPB:bin_000135,0.0,0.0,0.0,4.848835156993565,16.85828067635005,3.1645194257534164,2.8722648654957665,300.97309061302883,280.04922269467744,71.14154946751525,74.36809247765063,446.2300478349037,8.851224529882819,27.56163690072336,7.101647035156424,4.953417666746059,8.870546851351211,9.44363338403713,9.479146601026915,13.29916599688945,d__Bacteria;p__Bacillota_A;c__Clostridia;o__Lachnospirales;f__Lachnospiraceae;g__UMGS1370;s__UMGS1370 sp904395885
GPB:bin_000137,0.0,0.0,0.0,3.8782101120274537,2.5526026279115235,1.4596127125918223,0.0,0.0,0.0,0.0,0.0,0.0,0.0,0.0,0.0,0.0,0.0,0.0,0.0,0.0,d__Bacteria;p__Bacillota_A;c__Clostridia;o__Oscillospirales;f__Oscillospiraceae;g__Lawsonibacter;s__Lawsonibacter sp019424865
GPB:bin_000140,14.23726093413412,7.970444478099333,11.87378362066822,9.452816725776204,16.203321737466254,11.992643141899809,10.366283226981375,22.911067460218792,45.7919208678139,27.840403496994043,40.56504045744528,28.977875929496527,33.4969488327656,8.593562221734981,34.46741516142668,6.617555645469362,48.624770851652016,38.05245189674178,25.60531707048765,51.59347105214976,d__Bacteria;p__Bacillota_A;c__Clostridia;o__Oscillospirales;f__Oscillospiraceae;g__Flavonifractor;s__Flavonifractor plautii
GPB:bin_000141,0.0,0.0,0.0,6.011356334230954,4.909946830414552,5.042653436579442,2.2096558875811434,0.0,0.0,0.0,0.0,0.0,0.0,0.0,0.0,0.0,0.0,0.0,0.0,0.0,d__Bacteria;p__Bacillota_A;c__Clostridia;o__Oscillospirales;f__Oscillospiraceae;g__Lawsonibacter;s__
GPB:bin_000142,0.0,0.0,0.0,0.0,0.0,0.0,4.079032715913096,0.0,0.0,0.0,0.0,0.0,0.0,0.0,0.0,0.0,0.0,0.0,0.0,0.0,d__Bacteria;p__Bacillota_A;c__Clostridia;o__Christensenellales;f__CAG-314;g__Heteroclostridium;s__Heteroclostridium caecigallinarum
GPB:bin_000143,27.67817112156165,74.90306764525046,97.53168589920276,66.74192561716654,260.9411534717242,88.0805250406771,28.050244746041685,106.01411340883595,124.43927508701287,115.27957914904958,33.09156589629527,72.1319920155448,111.54775338313227,82.4254905326967,48.03443156522948,120.15163755261828,42.42369301554832,153.42420804148702,58.61992307537789,60.03608909141099,d__Bacteria;p__Bacillota_A;c__Clostridia;o__Lachnospirales;f__Lachnospiraceae;g__Blautia;s__Blautia ornithocaccae
GPB:bin_000146,0.0,0.0,0.0,0.0,0.0,0.0,0.0,35.79842696012573,75.42056595215561,40.58526004174183,15.819365134536447,42.63619498247844,15.857499352996152,15.11006867118592,5.30214945170123,3.703700216349478,23.550402003263805,9.595779974571808,48.32921008497407,9.505468460378346,d__Bacteria;p__Bacillota_A;c__Clostridia;o__Lachnospirales;f__Lachnospiraceae;g__Clostridium_Q;s__Clostridium_Q saccharolyticum_A
GPB:bin_000147,0.0,0.0,0.0,0.0,0.0,0.0,0.0,9.817833787335111,47.099360769765084,36.199316916714416,8.870831959591174,18.55012851824703,0.0,0.0,0.0,0.0,0.0,0.0,0.0,18.96798087110724,d__Bacteria;p__Bacillota_A;c__Clostridia;o__Lachnospirales;f__Lachnospiraceae;g__Mediterraneibacter;s__Mediterraneibacter faecavium
GPB:bin_000148,0.0,0.0,0.0,0.0,0.0,0.0,0.0,0.0,0.0,0.0,0.0,0.0,0.0,87.65251339343082,11.081322660286189,0.0,0.0,0.0,0.0,0.0,d__Bacteria;p__Bacillota_A;c__Clostridia;o__Christensenellales;f__Borkfalkiaceae;g__Borkfalkia;s__Borkfalkia sp017886545
GPB:bin_000159,0.0,0.0,0.0,0.0,0.0,0.0,0.0,0.0,0.0,0.0,9.77466722816824,0.0,0.0,0.0,0.0,0.0,0.0,0.0,0.0,0.0,d__Bacteria;p__Bacillota_A;c__Clostridia;o__Lachnospirales;f__Lachnospiraceae;g__Anaerobutyricum;s__Anaerobutyricum faecale
GPB:bin_000166,0.0,0.0,0.0,0.0,0.0,0.0,0.0,17.9987751881059,0.0,39.19613841744439,21.58694999917798,7.689804742515495,10.344060484335012,6.872098949456644,4.372691489886397,8.119773313897094,21.417253955292995,13.14982504644421,27.94143234489826,12.977919820032112,d__Bacteria;p__Bacillota_A;c__Clostridia;o__Oscillospirales;f__Acutalibacteraceae;g__UBA1417;s__UBA1417 sp900552925
GPB:bin_000171,0.0,0.0,0.0,6.305113604637925,5.544312903264014,5.992751309335239,2.51604837584901,0.0,0.0,0.0,0.0,0.0,3.526195044117473,0.0,0.0,0.0,7.43940751598432,4.275900810800423,5.448084286696013,4.455667759159183,d__Bacteria;p__Bacillota_A;c__Clostridia;o__Lachnospirales;f__Lachnospiraceae;g__Anaerobutyricum;s__Anaerobutyricum stercoris
GPB:bin_000172,0.0,0.0,0.0,0.0,0.0,0.0,1.9639889278377576,0.0,0.0,0.0,0.0,0.0,0.0,0.0,0.0,0.0,0.0,0.0,0.0,0.0,d__Bacteria;p__Bacillota_A;c__Clostridia;o__Lachnospirales;f__Lachnospiraceae;g__Enterocloster;s__Enterocloster sp944384065
GPB:bin_000173,0.0,0.0,0.0,11.927882476716352,11.137643098729928,7.040056548522687,4.302191633521996,0.0,0.0,0.0,0.0,0.0,0.0,0.0,0.0,0.0,0.0,0.0,0.0,0.0,d__Bacteria;p__Bacillota_A;c__Clostridia;o__Oscillospirales;f__Butyricicoccaceae;g__Pseudobutyricicoccus;s__Pseudobutyricicoccus lothianensis
GPB:bin_000175,0.0,0.0,0.0,0.0,0.0,0.0,0.0,0.0,0.0,0.0,4.072169335859617,0.0,0.0,0.0,0.0,0.0,0.0,0.0,0.0,0.0,d__Bacteria;p__Bacillota_A;c__Clostridia;o__Lachnospirales;f__Lachnospiraceae;g__Mediterraneibacter;s__Mediterraneibacter intestinavium
GPB:bin_000181,0.0,0.0,0.0,18.17887783655108,23.23049853806033,7.040117398745431,10.86980789632242,6.392576081853836,0.0,9.801094883765632,11.928651429965512,0.0,0.0,0.0,0.0,0.0,0.0,0.0,0.0,0.0,d__Bacteria;p__Bacillota_A;c__Clostridia;o__Oscillospirales;f__Oscillospiraceae;g__Intestinimonas;s__Intestinimonas pullistercoris
GPB:bin_000184,3.4355490241182927,0.0,0.0,21.242426861984644,58.76098700240729,8.582499036645563,9.966740462791076,13.191831340447262,0.0,30.98996206654545,18.5152180697454,4.291183585319504,16.115784214466874,12.895000959691494,16.661489704927835,8.100924380705953,0.0,0.0,0.0,0.0,d__Bacteria;p__Bacillota_A;c__Clostridia;o__Oscillospirales;f__Acutalibacteraceae;g__Acutalibacter;s__Acutalibacter ornithocaccae
GPB:bin_000190,0.0,0.0,0.0,3.0809413776389705,0.0,0.0,70.3725189853863,0.0,0.0,0.0,0.0,0.0,0.0,0.0,0.0,0.0,0.0,0.0,0.0,0.0,d__Bacteria;p__Bacillota_A;c__Clostridia;o__Christensenellales;f__Borkfalkiaceae;g__Borkfalkia;s__Borkfalkia sp944342025
GPB:bin_000194,0.0,0.0,0.0,0.0,0.0,0.0,0.0,0.0,0.0,0.0,0.0,0.0,2.385287826884047,3.5119773643588017,2.381230369982106,2.496909294308878,0.0,0.0,0.0,0.0,d__Bacteria;p__Bacillota_A;c__Clostridia;o__Lachnospirales;f__Lachnospiraceae;g__Lachnoclostridium_B;s__Lachnoclostridium_B sp002160985
GPB:bin_000197,4.364186868926582,2.9463564857524287,5.30837112134318,26.572393603090852,14.205191724407774,8.829275614632893,17.520208684741146,0.0,0.0,0.0,0.0,0.0,10.171429590222251,39.78226348351924,47.842921220161,24.503110057011487,0.0,0.0,0.0,0.0,d__Bacteria;p__Bacillota_A;c__Clostridia;o__Oscillospirales;f__Oscillospiraceae;g__Flavonifractor;s__Flavonifractor avistercoris
GPB:bin_000208,92.22964057733094,77.72374115348072,103.06304306059852,149.66124007885335,60.657873785297305,73.94366934220845,50.58112109611243,81.56040377581068,73.32087139383093,141.58086468068055,155.0717925830902,112.3011378715127,22.737395462119668,95.70227551875531,97.853959824262,36.445155131336286,422.2367873164817,255.31837751079675,283.74584072490063,272.82501029773346,d__Bacteria;p__Bacillota_A;c__Clostridia;o__Lachnospirales;f__Lachnospiraceae;g__Eisenbergiella;s__Eisenbergiella intestinigallinarum
GPB:bin_000210,3.749280852554944,6.164373761886641,6.805092718563091,0.0,0.0,0.0,0.0,9.002332899251083,8.960765423892864,9.973671422159883,7.3960737812647155,6.313662747208503,0.0,0.0,0.0,0.0,0.0,0.0,0.0,0.0,d__Bacteria;p__Bacillota_A;c__Clostridia;o__Oscillospirales;f__Acutalibacteraceae;g__Gallacutalibacter;s__Gallacutalibacter pullicola
GPB:bin_000215,0.0,0.0,0.0,0.0,0.0,0.0,0.0,0.0,0.0,16.96139752166413,0.0,0.0,1.700178910444753,9.234557949295075,0.0,0.0,0.0,0.0,0.0,0.0,d__Bacteria;p__Bacillota_A;c__Clostridia;o__Oscillospirales;f__Ruminococcaceae;g__Ruthenibacterium;s__Ruthenibacterium lactatiformans
TG1:bin_000014,0.0,0.0,0.0,0.0,0.0,0.0,0.0,0.0,0.0,0.0,0.0,0.0,4.600771498985676,3.717461691523825,16.807354398877663,21.534867844441845,0.0,0.0,0.0,0.0,d__Bacteria;p__Bacillota;c__Bacilli;o__Erysipelotrichales;f__Erysipelotrichaceae;g__Merdibacter;s__Merdibacter merdigallinarum
TG1:bin_000047,0.0,0.7005198411582255,0.0,1.7038925439998365,1.2978641253346497,1.4887964385894483,0.7283657349756189,0.0,0.0,0.0,0.0,0.0,0.0,0.0,0.0,0.0,0.0,0.0,0.0,0.0,d__Bacteria;p__Bacillota_A;c__Clostridia;o__Peptostreptococcales;f__Peptostreptococcaceae;g__Romboutsia;s__Romboutsia sp904418825
TG2:bin_000003,0.0,0.0,0.0,0.0,0.0,0.0,0.0,1.0862848649825994,0.0,0.0,0.0,0.0,0.0,0.0,0.0,0.0,0.0,0.0,0.0,0.0,d__Bacteria;p__Bacillota;c__Bacilli;o__Lactobacillales;f__Lactobacillaceae;g__Limosilactobacillus;s__Limosilactobacillus reuteri_E
TG2:bin_000055,0.0,0.0,0.0,0.0,0.0,0.0,0.0,0.922022439930282,0.0,0.7152146559825959,0.0,0.7399428222798665,0.0,0.0,0.0,0.0,0.0,0.0,0.0,0.0,d__Bacteria;p__Bacillota;c__Bacilli;o__Lactobacillales;f__Lactobacillaceae;g__Lactobacillus;s__Lactobacillus gallinarum
TG2:bin_000059,0.0,0.0,0.0,0.0,0.0,0.0,0.0,1.0840107978217113,0.0,0.0,12.979106527064772,0.9694633857100504,8.25963143851327,0.0,1.8632796042879207,7.639848955326354,0.0,0.0,0.0,0.0,d__Bacteria;p__Bacillota_A;c__Clostridia;o__Lachnospirales;f__Lachnospiraceae;g__Pullilachnospira;s__Pullilachnospira stercoravium
TG2_07:bin_000029,0.0,0.0,0.0,0.0,0.0,0.0,0.0,23.69634224909228,5.139325622176048,17.217412822821156,70.4694639878146,3.710923333575107,27.30705395961242,5.4667867001736505,4.082543657921572,15.633493188382918,0.0,0.0,0.0,0.0,d__Bacteria;p__Bacillota_A;c__Clostridia;o__Lachnospirales;f__Lachnospiraceae;g__Mediterraneibacter;s__Mediterraneibacter vanvlietii
TG2_14:bin_000017,0.0,0.0,0.0,0.0,0.0,0.0,0.0,0.0,0.0,0.0,0.0,0.0,44.32072320682625,9.16450008689845,7.350086942559685,22.379239828249847,0.0,0.0,0.0,0.0,d__Bacteria;p__Bacillota_A;c__Clostridia;o__Oscillospirales;f__Acutalibacteraceae;g__Heritagella;s__Heritagella sp905215105
TG2_28:bin_000031,0.0,0.0,0.0,0.0,0.0,0.0,0.0,0.0,0.0,0.0,1.5367583714805089,0.0,1.9331944745824816,0.837245503224373,0.0,1.346401475038559,0.0,0.0,0.0,0.0,d__Bacteria;p__Bacillota_A;c__Clostridia;o__Lachnospirales;f__Lachnospiraceae;g__Anaerostipes;s__Anaerostipes butyraticus
TG3:bin_000002,0.0,0.0,0.0,18.08768955880332,17.67113470210552,3.613758189398452,4.893316927265706,0.0,0.0,0.0,0.0,0.0,0.0,0.0,0.0,0.0,0.0,0.0,0.0,0.0,d__Bacteria;p__Bacillota_A;c__Clostridia;o__Christensenellales;f__Borkfalkiaceae;g__Scatosoma;s__Scatosoma sp904419075
TG3:bin_000068,0.0,0.0,0.0,0.0,0.0,1.4329578164984138,1.2081983684387478,3.897517292245838,8.867179032378777,3.492263908541984,11.43969749767039,6.850916934011231,0.0,0.0,0.0,0.0,0.0,0.0,0.0,0.0,d__Bacteria;p__Bacillota_A;c__Clostridia;o__Lachnospirales;f__Lachnospiraceae;g__An181;s__An181 sp002160325
TG3_07:bin_000004,0.0,0.0,0.0,0.0,0.0,0.0,0.0,0.0,0.0,0.0,146.02235182350768,0.0,0.0,0.0,0.0,0.0,0.0,0.0,0.0,0.0,d__Bacteria;p__Bacillota_A;c__Clostridia;o__TANB77;f__CAG-508;g__CAG-269;s__CAG-269 sp904419495
TG3_28:bin_000041,0.0,0.0,0.0,0.0,0.0,0.0,0.0,0.0,0.0,0.0,4.151101411313034,0.0,1.5453553429742144,6.2564076888852975,3.253200004096369,0.0,0.0,0.0,0.0,0.0,d__Bacteria;p__Bacillota_A;c__Clostridia;o__Lachnospirales;f__Lachnospiraceae;g__Merdimonas;s__Merdimonas faecis
TG3_28:bin_000042,0.0,0.0,0.0,1.0956177902072837,3.00261554804226,0.0,0.9324120729665094,0.0,0.0,0.0,0.0,0.0,0.0,0.0,0.0,0.0,0.0,0.0,0.0,0.0,d__Bacteria;p__Bacillota_A;c__Clostridia;o__Lachnospirales;f__Lachnospiraceae;g__Mediterraneibacter;s__Mediterraneibacter faecipullorum
TG3_35:bin_000005,0.0,0.0,0.0,132.913055143579,64.28238954379798,23.25490007432516,39.85102446090544,0.0,0.0,0.0,0.0,0.0,0.0,0.0,0.0,0.0,0.0,0.0,0.0,0.0,d__Bacteria;p__Bacillota_A;c__Clostridia;o__Oscillospirales;f__Ruminococcaceae;g__Merdivicinus;s__Merdivicinus excrementipullorum
TG3_35:bin_000033,0.0,0.0,0.0,11.66782689646082,14.07027491267383,10.045444622025968,7.001128649574904,0.0,0.0,0.0,0.0,0.0,5.797510380280762,1.078962219073354,2.583330587227312,1.2150489356093062,0.0,0.0,0.0,0.0,d__Bacteria;p__Bacillota_A;c__Clostridia;o__Lachnospirales;f__Lachnospiraceae;g__Hungatella_B;s__Hungatella_B pullicola
TG5:bin_000031,0.0,0.0,0.0,0.0,0.0,0.0,0.0,0.0,0.0,0.0,0.0,0.0,0.0,0.0,0.0,0.0,1.6679534860267125,8.8102142595567,6.932704858473293,0.8183840469669778,d__Bacteria;p__Bacillota_A;c__Clostridia;o__Lachnospirales;f__Anaerotignaceae;g__Anaerotignum;s__Anaerotignum lactatifermentans
TG5_28:bin_000003,7.217158753700299,12.053989685745943,13.316460140330475,2.865570408959333,1.704766973593766,5.972982364520949,3.340976187324832,1.5939829119433655,0.0,10.217925305031049,14.839066206922476,0.0,3.291012395578874,4.598768159609023,19.4954756676934,6.243014766009907,24.63196938913017,37.76212996503934,15.876489666752104,19.326630441084912,d__Bacteria;p__Bacillota;c__Bacilli;o__Erysipelotrichales;f__Coprobacillaceae;g__Thomasclavelia;s__Thomasclavelia spiroformis
TG5_28:bin_000004,0.0,0.0,0.0,0.0,3.5722889147629178,0.0,1.48385326748839,0.0,0.0,0.0,0.0,0.0,0.0,0.7070468810642255,0.8244837462025401,0.0,0.0,1.6160952075052528,2.3048239450756816,3.4559394280055136,d__Bacteria;p__Bacillota;c__Bacilli;o__Lactobacillales;f__Lactobacillaceae;g__Lactobacillus;s__Lactobacillus johnsonii
TG5_35:bin_000001,0.0,0.0,0.0,0.0,0.0,0.0,0.0,0.0,0.0,0.0,0.0,0.0,0.0,0.0,0.0,0.0,0.0,0.0,1.0459680783220895,0.0,d__Bacteria;p__Bacillota;c__Bacilli;o__Lactobacillales;f__Streptococcaceae;g__Streptococcus;s__Streptococcus alactolyticus
