treatment	TG1	TG1	TG1	TG1	TG1	TG1	TG1	TG1	TG1	TG1	TG1	TG1	TG1	TG1	TG1	TG1	TG1	TG1	TG1	TG1	TG1	TG2	TG2	TG2	TG2	TG2	TG2	TG2	TG2	TG2	TG2	TG2	TG2	TG2	TG2	TG2	TG2	TG2	TG2	TG2	TG2	TG2	TG2	TG2	TG3	TG3	TG3	TG3	TG3	TG3	TG3	TG3	TG3	TG3	TG3	TG3	TG3	TG3	TG3	TG3	TG3	TG3	TG3	TG3	TG3	TG3	TG3	TG3	TG4	TG4	TG4	TG4	TG4	TG4	TG4	TG4	TG4	TG4	TG4	TG4	TG4	TG4	TG4	TG4	TG4	TG4	TG4	TG4	TG4	TG4	TG5	TG5	TG5	TG5	TG5	TG5	TG5	TG5	TG5	TG5	TG5	TG5	TG5	TG5	TG5	TG5	TG5	TG5	TG5	TG5	TG5
day	35	35	35	35	35	28	28	28	28	28	21	21	21	21	21	14	14	14	7	7	7	35	35	35	35	35	28	28	28	28	28	21	21	21	21	21	14	14	14	14	7	7	7	7	35	35	35	35	35	28	28	28	28	28	21	21	21	21	21	14	14	14	14	14	7	7	7	7	35	35	35	35	35	28	28	28	28	28	21	21	21	21	21	14	14	14	14	7	7	7	14	14	7	14	7	14	21	21	21	21	21	28	28	28	28	28	35	35	35	35	35
L-Tyrosine	1330194.07494476	3761603.58873876	5205200.99642182	3080580.60526598	3892372.05318958	4441167.00326949	1709515.04061512	2946196.44209949	1915255.03443344	1910604.4356272	4255809.69393704	4757633.96134022	5099280.10167263	3189859.33885665	5214644.21535083	3629058.29040558	1522819.76382284	1906259.5702671	1994692.43385917	1415201.54134181	1615632.21981295	2121601.98382006	701756.168687122	1882659.75781753	631047.39383887	2317379.06103632	1486118.73107163	891119.822729777	723382.138613788	1013797.14472866	931320.661194342	792102.599615176	1470215.37798913	978882.06366507	814685.068191438	974864.39653066	881282.863491913	2465049.3907899	1177923.47876821	265559.604587513	647789.534250806	5420918.30688281	3399992.6266781	1096362.6924642	536540.631703852	374557.463944845	1005025.2432392	397442.551695511	918253.988013204	805607.76834545	737906.120485865	692634.919840204	1208050.32451239	1439298.82546443	828704.902526643	1110661.51349336	3199054.36948259	656204.241988148	2544805.22503206	1961502.89105271	532863.313399842	4424738.87183937	3078266.29712778	1454378.45637801	2330699.72867868	979775.984204332	979970.339661157	4331901.21643192	341450.402791481	676358.324937445	463288.425812592	519878.358243316	427363.05488429	407624.366220221	452328.508924273	605079.275620129	328951.773787001	392844.86918001	428142.431672516	632785.722057302	923467.435880421	945328.496618071	573342.874455709	2938962.83675836	4103839.65416823	368581.656932176	462266.471920656	1070405.43006612	601438.732166651	471502.748025865	359246.998160812	376374.231336048	374898.276490196	526227.279512977	672153.312981055	1699028.73344156	5251982.40456656	1546472.7662768	2283037.82119031	1157299.32251682	1588435.76397552	1143189.70431666	1341896.48590345	1125861.83482833	1783028.20587097	2308551.44272849	1533389.56479911	1534082.74693483	799052.748349736	1154861.9086068	1293202.31571859
L-Phenylalanine	3950385.79224954	13124521.903876	18075241.508035	8482253.88565525	12038492.0312555	13417966.5249991	7132264.91681859	6492338.74270179	3600457.7042684	2377164.47200524	13487627.1145673	16225612.8451383	14245490.2242886	7882331.11051679	13175244.2082315	7310025.60177609	2216250.80663464	1816818.5980672	2050994.73216014	2673541.36237018	2356668.23183426	4068227.77902756	1058103.50467417	3475704.22687324	1480611.43267531	5563986.58097753	2875225.64917164	716831.671609858	1049883.76600229	1691630.75364624	2197242.94048869	1150153.2691087	1909468.07877767	1421902.03392616	716413.966982705	1684092.9102333	1079236.07884678	9746621.61352549	2940726.32576084	765026.569402659	1338805.67283221	21447506.6376155	11510642.7539203	3482310.87767105	1419908.27490389	767847.278939821	1623982.28049608	1151120.46181054	1553725.38061354	1415680.0819498	1066576.88612189	1225876.35769487	2101855.67446477	2071580.82348585	2019043.54963826	1871747.41076342	5060518.38129713	753097.476398554	4139621.78482747	2386788.84815697	1260059.08268591	9801878.95347431	4774521.23986172	6741073.34729636	3153075.02253599	1977082.75428962	1975836.27677789	10365258.1538847	985032.66670117	1883922.09856307	1332456.80413608	1537512.0705063	1005837.47107135	528435.039831676	646761.506881542	835750.543788883	525748.264666951	577127.705671266	608551.385326433	681458.30512943	968064.798713094	1339175.85071551	926076.792379052	21991965.2249056	26192959.1192468	798089.409740587	727284.939808773	1647480.63786534	1862486.10297632	955339.135261436	555864.684311891	817680.78941111	480322.134387448	1753630.50505713	2686876.16699784	1873840.00900255	11604854.4804119	2574471.47946549	2274354.51741646	2325329.26244287	2637413.5609966	606643.188351384	1433684.91587871	1744189.10133197	3969178.65151784	4234876.1577415	1623591.13827129	819601.662471136	1112565.44215972	1233173.65460769	1361944.27807352
L-Tryptophan	1518710.29238708	2319915.71739288	1337547.7534244	1949337.13794327	1324227.417589	1145962.74223713	616716.164661172	1029570.58431557	1061073.46982657	1179691.31079989	1431215.60654963	993144.959102352	1470704.7827455	1082314.13478378	1389787.65261727	2763316.13630342	1606673.24901231	1088099.02812471	1712794.66167003	1140742.64856998	1000530.39078409	1472358.49287555	557446.116916545	1008217.58184259	781583.663299965	960210.4938505	1042825.99973387	444983.34558818	521827.675501919	873599.967817427	889525.280889141	553500.891693984	1200992.40749429	966851.355606281	753847.02845627	726538.080354775	541107.197307822	760897.758845948	1028292.8139725	434022.43457541	169438.67518823	791227.789052669	898179.416243205	1014373.65057131	875890.784287388	531961.903274303	795496.869155635	491432.849435242	1137060.10204287	968307.758773341	724290.356057351	1045592.63707388	1102213.26361565	679165.313314196	943710.799643757	737592.617557651	1002834.32710448	595405.465835309	874416.979500298	660873.92568649	185741.677640595	602887.573190743	1164654.27761129	1005799.71543175	800717.607112177	730805.378467265	747443.240092878	1235323.32636588	731815.276706748	700905.210597447	603873.946360258	628647.406451426	518074.659057941	516201.872562084	827324.784042501	824952.992775286	483945.584089889	387045.586719337	527565.273119213	584057.223898694	899659.133867964	920573.975237931	1153875.91526452	1782147.95886323	1367088.02217881	485479.097576841	470066.763120062	732086.452498767	946341.778649654	731037.557535761	650422.519583101	838408.858547822	734133.770958564	676495.749508391	836231.77662746	841761.606325392	908265.001409171	1378426.9330873	978629.013763349	1266711.5071647	1130461.24050191	795969.034604715	710300.823327402	1151889.72812671	1458030.17137279	1648267.29678674	677719.530673236	527840.950359791	624959.315670022	685302.366041993	539703.721834996
L-Aspartic Acid	886589.999325813	1069136.05830151	553254.887201038	1218806.07373698	552881.751997181	1334918.48690918	846429.007445318	912309.211088197	1010656.55587088	1103257.2701098	1327979.30146094	1254822.24499253	1954659.7376698	1064627.93646547	1689467.76257	1114128.06196368	688805.217377429	642109.21135439	854494.104335906	550323.55003456	930715.381407998	625954.592609511	544970.958700881	874316.834727945	779320.909465667	929587.093138289	896681.226674618	1107785.17611349	771148.328998793	690048.956354395	736739.351256183	920048.288727338	951064.048979147	971768.201765695	1005058.8642132	527487.486710054	647521.834969359	963523.738032352	304606.311097101	359043.435788478	1570898.9504055	1210625.79383326	828336.525761822	1940835.6877928	668459.523827729	528177.846984808	710156.488977672	410067.831722451	519771.638338291	575725.872773092	579965.540376476	463720.695267809	768397.578235855	861621.070596289	690798.064903636	1381482.12129061	1688896.58805782	637805.728990336	1434982.84525233	705707.317802773	1347202.36203054	696680.183668496	536010.624578417	447217.295723642	608045.155994973	1039527.77545195	615821.399300956	661653.274827483	535298.503300695	948715.731314185	867933.609154104	741824.63877426	650725.512213325	466091.031581266	594169.183875318	1095803.71548717	512413.88265812	598512.78034476	420826.77250661	761322.917644897	917199.670890345	807637.134648214	481365.615752152	1276834.57078396	1282400.23495853	271420.660586165	412218.584126053	866244.710282364	734443.749272791	492425.259903157	458010.022971917	612477.29475459	454350.238889491	368827.754169552	689361.409021353	760435.669741884	1213160.57500868	1111258.48459751	1118623.03605285	968274.476717378	1202762.84638572	875043.607640057	1145907.4374699	958569.090695624	1453514.43476746	1798951.99400655	1687953.68786875	822080.655650599	1958121.59220591	1544765.75089033	797955.309557442
L-Arginine	9935035.26302761	10578106.6179656	8342693.93852517	9756206.14503782	4797242.01524642	10124691.2673049	5732182.025824	9494966.63632845	7165322.35630783	10532432.1297785	8727182.25624892	11203716.9908897	12325874.7636285	7789545.39357294	10983682.0334478	8905533.92431001	6612732.79622935	11619406.217525	9259658.6926379	3743620.94418667	7317095.67420964	8460166.56959024	4798724.25677231	4238808.08462958	5110216.74401275	4354636.68734505	5946475.82827046	5041920.15234666	5218184.32118835	5245183.54978157	5555579.21070519	4035548.7897233	4689225.95517544	9878629.67545339	8281958.35750022	6362504.52453016	5550689.5501145	4767501.187372	5866269.36629796	4013268.88164862	6658185.95089014	8034442.80758192	5680846.5793111	12667652.7005935	5073449.9169564	4215411.64628277	7303672.96538768	4001578.67990599	7574712.02856434	6921887.98645702	6445564.43508063	5650550.96231286	8000486.22106428	8722564.51356617	7898685.27792605	7574636.19093601	10139930.796488	4885399.08654328	13496618.3452745	10495910.6585697	6227694.77830623	5551596.86484064	7882565.35474656	7634323.95751545	4654466.8294375	7104520.85099242	5751465.17405771	7611270.03106938	3653772.78659701	4600717.05672179	4382834.9414142	4291712.38622843	2557303.21387435	4422529.02984121	5568490.32857658	6794638.71972089	3748090.81706083	4310493.01149305	5262362.99384756	6914113.68114786	9796903.56441032	8146033.44955926	5466990.96836613	5267436.90018537	9197593.04964489	3794594.4721176	4981799.5932525	5969634.94017545	4670954.19309638	4785876.08104247	2771855.43290166	4477350.14516451	2876824.2145309	2226143.07367082	3625572.79881171	6753825.66944873	7152918.91657098	8009678.26641639	7393321.75796353	6115570.54488444	7219520.05059528	9331852.12768122	8584222.43990046	8254736.4511971	9116631.45502499	10032871.817692	9121889.97323241	11306250.1036264	7156602.74099851	9212572.45898847	8594715.39744077
L-Leucine	9968502.45169153	16552899.7773541	10371561.7679582	13114556.2907069	8220143.25885052	2652195.1065497	11412940.217081	4189342.86380882	4639337.7683086	5598202.82877713	17505997.2679763	10976031.9167016	5094200.52337183	9404787.86866757	7724138.89630059	8465906.85761186	5574748.42231552	4964210.389894	4569468.1035871	6115498.23631068	5456786.32070131	7054648.30350408	2952755.48582914	4816373.4666371	3131892.59439887	6337717.55031542	7841703.35648976	1309828.67168213	1769693.31519962	3260256.06358857	4494974.93836597	1486967.50618184	4254683.05008808	3824452.05983165	1603655.59739103	3085088.87979985	1606954.21563265	2421747.58844878	7036093.35608849	1855519.58835166	1318931.93463213	4010831.2149036	2940200.11085543	7693548.02377495	2002596.73254171	1833400.64514708	3588137.86131115	2788987.61737245	3494669.362372	2845835.64252895	2730554.69631035	1929995.70705302	3368673.97463099	2578120.93392536	5109987.30223558	3627420.06436035	3781260.35149649	2057683.17806165	5594167.82829136	2304911.04106224	1157794.87815946	1776961.1687833	3475552.31509309	8836163.10553757	2263778.88014758	4188289.33428697	4563840.4465718	3608224.7793229	1456788.21324585	2140346.21113651	1816502.91390632	2281088.13360012	1580513.39986819	1641011.40105695	2756111.4383924	3246289.17631634	1389850.47675822	1607938.39322411	1462675.63270879	2885936.05469826	6273104.11151944	6693634.62127591	3101438.29483932	19261713.2690373	9153347.58554029	2528114.38188709	2032140.93634104	2266268.96635112	2569711.24732522	1551616.12878331	1066095.35944397	998892.861715815	1039652.03553243	2733500.0869202	3121844.99453284	4787010.85362374	3124443.57744688	5833618.98733462	2410369.82050706	5091041.6546638	5577910.97576615	1107780.86135568	3260478.54210511	4051846.46280059	8372038.82435484	7408303.32965815	4344553.90529256	1804642.3380686	2713565.63456357	2646091.92847414	2430629.90614994
L-Glutamic acid	1381556.15766558	6579662.4774729	4613222.89530348	6291137.14839829	5335347.73464334	6191130.80647628	2863847.97634779	5255181.553719	3339636.94696108	7276669.69633144	6971048.89960895	5902004.47467481	9346719.01373851	5216741.18978658	7433119.44992929	3590182.0417752	3925126.0063814	2604935.9871509	4814153.4120212	3519736.9671134	4502333.88334472	3231210.48554742	2873264.40668292	2443161.92734272	1728730.16975281	3100411.74404954	3503774.02505936	3295707.57729069	2773040.00468302	2753975.1042514	2467230.98689459	3751145.66650459	5614728.42434871	5249850.08037904	6066042.22212925	4389915.45483815	4679131.0308772	2885838.22819643	2807646.76351165	721889.369851868	9361106.90684798	4584577.11288046	4436363.93582744	11295279.1583617	2322565.44355139	2186529.62541843	2642294.1835784	2039274.86884451	4155458.84065979	2922141.1888518	4108355.08156706	1840824.36404809	4549489.34833628	4127829.21470121	2161282.07582736	4291025.58722113	11407073.1771475	3006847.36191136	10373098.2680033	7328111.00153341	9357902.29383375	3641993.34351309	2918193.29731171	15076670.4076574	2789070.11541309	4073604.57637088	3423360.53902367	2041074.61850158	3819263.0046871	3074488.82028051	3664198.99512217	2172640.03345649	2463368.86267713	3384924.72778087	2155364.12184883	3141929.60955853	3379609.05854575	4782826.71152587	5138376.45795444	3327704.06417168	3904586.43473892	5177221.59786423	3523988.08099889	2287696.48645996	2582801.39262274	3204194.59192382	3302417.02805232	2813389.16114762	2655434.23758149	2455868.69102626	2862135.60083746	3724094.18178522	3851971.7333446	3382922.70397549	3328180.11027879	3979426.85726342	3517631.57379162	3471628.52696546	3865735.53888934	2779564.56483493	3861885.3954417	3847137.90821618	4734023.61359565	3661020.48278372	4544014.12652766	5397017.71707913	4477989.80309637	3846286.57761951	3446288.60895411	3318750.80475557	3687177.28819695
L-Glutamine	6131800.40287357	4834274.62140835	2365733.77533402	3905944.22867883	1807677.56554778	2521346.48738621	2814809.89332328	4731847.64376912	4607026.10758045	2366536.80772696	2091710.14889406	2897335.4961096	2423525.84167635	3448115.68622428	4063216.65975771	1979378.35610572	2074806.58696884	1010430.7083012	1720820.35740402	3391913.35008854	2940182.36025341	2186200.79070556	2274727.70754603	2842413.74633187	5359723.34001028	3235553.65825539	5400479.28799967	1989845.92152973	3183535.0979939	4583481.83542189	5022086.28037474	2214284.54669907	4540931.45628795	4411529.42999696	1771454.26427527	1928151.18701727	1581252.12172164	2238813.86792341	2755939.02416544	5309416.43647505	3842208.77238422	2828547.51090107	1413488.08895877	11489500.2626384	2690426.83294109	4115162.25538226	4583532.71278363	3755052.53522997	3755798.51745883	3482730.39422694	3124975.50600726	3192489.57284524	2197337.42486797	2661899.98593064	5191532.22656337	4785194.16952418	4487310.611545	2650241.11580469	2774582.49327244	2007359.81734357	3584689.7201903	4866411.6435795	2029362.7066742	5894027.37675744	2335004.23103788	2301847.09406418	2795464.13005243	3670542.01900543	981553.949570609	1061660.22008	755739.02640458	1756387.70453029	696247.698738738	2043721.78411969	1289146.96897271	4046020.17537444	1460965.62404458	2573153.82949376	2368072.03654067	2012631.21850405	4836005.50118912	4314340.87904375	3523615.9929317	4335321.87858008	3690118.88350518	2594471.97911278	2854240.37730095	2224671.58931255	4907294.05445122	3000452.17772532	1687824.84987286	547171.752822432	535089.168006037	1217745.94343146	4052035.96170503	2289319.03642151	2901841.03145967	2943970.32212445	2913995.40603783	4262581.85247963	2238992.76258654	1993521.06009176	2380836.77323979	2121878.39112969	4911478.1329123	3524195.07536314	2562744.29237127	1595869.14455961	2121663.49265467	3049044.86297741	1275949.13581939
L-Histidine	1469161.1892466	1136767.90447393	937398.456768025	1310019.9343662	592740.56020986	1498989.03551748	890392.01063784	1153987.96646739	1057207.85062152	1512668.31071538	1470687.91361005	2295184.62508437	3570063.18342411	1363518.78188752	2313838.5337266	1704796.46718169	1148154.47090934	1387882.84674197	1720011.84421104	1095285.53024539	1153160.71332077	700412.756118725	2180937.71822752	1469482.01557195	1593757.90570619	2108073.90686518	1497185.20650568	2193635.92114808	1588659.79081663	1837832.23825312	1046109.41857046	2933341.74873409	1629015.34611861	5321997.30210937	4525468.117995	2254002.6025628	2316102.61555469	642448.67857168	497474.483524184	527305.472576628	10672120.9794519	1390187.96673524	672159.00908077	1810763.67125376	1195881.4306336	1030444.30921351	941606.179279076	867454.16350267	909643.603261943	963102.174716621	1057888.27271522	756319.960365401	1218964.4166367	815972.799562368	1163372.60271581	2285500.48391235	2438913.00321729	944387.492463253	3274419.082784	3180941.87698502	11381189.2410417	676442.353219579	578041.863563818	809289.259654231	704159.710608518	1515340.65951002	775593.277699405	1372458.09680811	907349.415965754	1246193.70437996	1448084.78853015	1204375.59771752	1024546.60853901	2125533.96878918	2193651.07045298	2479508.60796649	2283808.69348441	2460825.34478016	2761240.46835575	2033926.72015983	2450148.99370532	3033100.41100714	3150232.79623692	929033.709911488	941427.799017327	437285.903205094	668741.07557626	759793.847812488	1092978.36770028	860444.959111426	448646.629305754	585351.546441363	630815.78129374	713026.287825621	1262135.05750073	1448424.9660013	1307679.29662073	1670604.02128958	1070038.81325308	2074787.13689484	1510726.84550312	815474.126088151	778742.568339899	1287748.52862478	1548295.39584059	4293749.97462522	1399225.99728665	1554722.19345636	3617492.07633915	1291594.17704219	1208463.33025644
L-Lysine	8322117.91536983	12572751.2501738	12772473.3256979	10451011.1472425	11756933.822209	10536553.916272	7481205.91108049	7572725.46620813	7137298.84794426	10384546.4217288	9836003.24337051	12189293.0714803	12974873.1035337	9078705.95413994	11941639.8878904	9588120.42553107	7449655.69409057	15144277.1991046	10120788.2242458	4937873.65126224	6302194.07567438	10658223.686716	9415986.29461181	7783448.37505061	6206629.26650756	10110072.312718	7771079.20837959	9653191.38336071	9006571.91309375	6990475.44661512	7087062.14280449	7169050.0113292	7480649.32474331	8857100.49416717	10970890.9086898	7648311.15725266	10582409.0757282	7695188.40791785	8776605.14171928	7596704.00265616	2520643.0159973	7729221.01205863	9474281.08431201	8679990.64579695	8363575.65246357	6528366.14937477	7124447.33150754	6879228.21306153	8028856.06487382	8937125.87831947	8928741.69003512	7484192.73327397	7828176.21155707	9944967.42151654	8354744.65499438	9620910.09631155	12115123.4885565	7587804.10342744	12864258.7317253	10670596.1898635	2614297.31277052	8967607.83229639	11470711.4250362	10792507.4710888	9695876.35889289	10165768.3517016	8678762.07942153	11047335.892471	7711730.7177928	6092256.48039606	7088876.36379133	6732488.68750725	5577929.67943132	7158019.39997733	8949321.31142182	7515972.14806658	7677461.56769097	8324169.06554577	8458496.33526578	10733052.2064489	12126568.982177	10267686.255417	9095197.15103665	7039952.98119514	9535028.13843947	8060503.06848241	7922343.25166135	11376053.9497055	6815216.32156269	7033395.64092404	5570949.42486609	8349086.81014818	8810684.04629258	7599441.52195719	6604626.35944467	8729426.96995282	8369024.98294586	6567615.58767064	9890193.4853319	7196531.01885614	7567586.69226065	12056867.477059	9538323.41470665	10138975.1701605	6316917.2251501	8997122.50904832	11428046.3093744	11908581.2865599	9310833.28115798	12390326.988426	10472267.2406304
L-Methionine	1115002.16607175	2276674.89684362	1475413.07021753	1461994.77339001	1275313.2702591	244766.843370771	245642.964976561	356764.858003546	425745.967917384	529186.290000908	354208.885096968	373965.02181394	127122.900183494	372558.214369412	628824.176109737	668503.040057962	469353.052013496	492964.49800294	393533.328045176	445691.453798681	502232.698838052	750480.009391312	517123.747536452	787619.16049048	441555.437682058	696293.045025097	742324.215400471	150064.233242164	247509.770775659	388342.49088006	148877.758413373	304892.823336987	304552.534482081	442572.85376963	242565.242146338	516751.605249447	211412.100163845	392809.770978289	1089873.13232229	307080.898518374	77028.9600302007	413245.797275298	342704.590049878	822141.963801651	154348.973611845	264623.624501343	227136.297781357	351893.906949032	265139.025981143	152065.221020475	358893.933618079	197415.459380452	358257.760690716	157951.128024143	264242.856369474	299583.710431188	449735.090372218	300615.785626384	554914.139737895	344949.554034678	54955.9929232345	383293.257311881	593821.71314133	1197546.75979863	565765.530346351	690859.517435481	576311.020065491	564332.462851316	124992.966625289	269892.576002705	211362.288634827	340135.400902577	333145.826055841	255298.671483289	166114.099470919	260403.001200948	256895.949543423	191646.837338651	226423.381725878	233608.548145041	105221.193703615	415289.651633178	433754.940564701	658177.663928995	827338.529498647	307520.609856946	368274.506807276	161097.584515729	289656.443631112	262443.284643278	239372.549154605	197114.760398641	172707.140740851	277737.465354941	371094.905945182	334112.975849729	302199.070165458	671434.566718886	175445.822444572	578809.139231097	455930.083002941	169045.996048464	183643.699376869	504863.11784902	1084067.11003811	705883.751410953	183907.459659142	88180.8715169535	300121.737308853	108877.357898088	271654.698490455
L-Proline	17729266.0329122	28708584.6936675	19817650.3652778	25720478.0264693	21524557.6944761	17005010.1709268	12685703.3847123	12588456.6070502	15811262.9542262	15857510.0756701	16948560.7500501	16813174.6648037	17203479.2952955	16091505.1743218	18985765.343811	80577035.9264678	45186243.9890518	28161809.7471978	55449064.2759294	43824164.7839122	73416065.8743232	14824501.2221481	18566831.9855058	24134931.6276234	13319801.1219875	27003525.1011585	31345785.7178294	27362608.9168593	15779622.9726249	11310957.8439247	21300111.3776676	22717565.5986872	32767208.8884666	17178234.8090344	15921928.2207477	27952971.4095882	27324742.468153	37286816.2311277	54599102.2868532	53102694.3227775	6422410.72767067	19140539.4351893	14892315.5899709	12733222.8009697	39972225.9419426	53441574.152265	21290462.2724559	34990935.0394233	18838795.6205128	41281778.4096188	14417076.0802165	13193049.4887828	15587220.4293861	14580460.2014166	13391086.5673492	13275217.5429157	25697006.8396592	15881893.9018255	26186005.1596274	16530238.3398971	6900413.81959614	23359216.3584426	21182647.5015199	22259357.5640635	14772594.1522931	19360819.3033217	22038464.2458989	14285254.2555988	20871696.9053783	31480792.2552411	18779216.8076187	22783080.0337712	21395121.0798878	16908091.3995128	12486153.1050461	14837057.024909	16461339.4196529	14571991.6928789	16690967.8735789	13406200.2374728	15675495.967069	18817815.9388492	16521306.2212459	30786392.0364292	49080867.7588116	61419402.2889256	54527491.8937863	16511455.1473719	22301685.723994	34379107.7953695	69936914.9362503	122048336.33707	41342302.1796512	38666560.8759664	37007977.061619	14460317.3729259	62563820.7358031	43633398.8227498	41812351.4615349	62313491.0853726	43565133.6709854	56346819.4541941	53098718.9958462	47035728.3063182	48934291.0668912	23449078.0413309	23732365.7478573	32339378.0244238	66541297.9007787	27479413.0930823	27313934.2628847
L-Threonine	2257556.61490751	2057270.14150281	1127103.0498634	1911338.54070942	1122410.48109219	1032654.61414657	973339.529901107	1171653.60745971	1327023.39278544	950597.380284107	1156147.04783242	1278720.17923322	1109500.86773465	1268830.79319397	1847447.18760237	1597393.54122626	992525.147030923	948239.952959151	1045676.8857286	1168939.41390693	1347135.6058339	1051211.05346766	1112603.62330686	1122247.91948974	1437337.06511927	1309221.7012812	1655773.14793451	702802.453298399	795536.633916273	1240195.91052948	1382129.99156904	887160.632505565	1027320.12851255	1000186.40405516	637921.517652106	708781.097332616	507299.957797631	1099022.29423688	1372989.3542741	1560454.43786325	641073.386415994	879222.24153441	857313.341047439	3328690.80933187	811575.271597883	947254.750316571	1254161.58118472	744146.687407654	917309.306368319	938035.213037992	923874.928325513	1003458.27707484	827787.364196453	902898.057534373	1267403.01636535	928081.323646823	1184666.03575901	794545.83444762	1278057.14044163	776335.993665195	759947.705486272	1578549.3796477	1262634.78089117	1810641.1037616	986059.625618002	1077074.68380679	1355080.63602229	1395931.03705655	625919.87565746	754280.520699464	659203.078504068	869393.230748368	676859.44142117	530872.5718514	1144614.96619171	1447679.73180435	496543.163527181	506802.549338155	614121.751190649	968291.676720186	1706118.80482168	1399034.79332084	1084855.3701308	1775329.41227897	1952140.55860026	1801088.71283954	952953.772039698	586347.48069909	1171925.505477	807365.540345886	868111.429114267	617984.480659536	722718.769082795	1086003.69144662	905242.471174124	930567.557230928	1074052.70063732	1105307.32676016	888778.726975452	1539036.99038989	829386.099982365	779540.027788032	997959.499854102	976847.601540503	1506980.61345756	1293955.78372007	1188287.26208451	820249.299794203	1103338.87546518	892947.565854585	669131.108252029
Thiamine	3394150.92000427	5155233.15281651	3528561.49540519	5088619.57050951	1825432.15136021	245029.177042984	268766.507210829	633621.061267495	856418.334277792	568414.410524744	323857.374356171	792366.579559075	84382.0327563287	609706.255053388	1040233.34586091	317221.805884352	577744.142277456	776722.778722778	250806.67546802	806185.892527081	1314499.48998977	487264.724025797	2461460.11303506	7820952.87865307	4411537.76236213	6454116.01590208	5797994.37542582	251141.764754415	278668.520431184	743807.823767373	407567.725498382	312300.518043791	1112766.24904624	660915.546479349	679775.573716377	94751.0799717825	308916.200295837	635443.616023487	2234744.50315644	1750140.82912629	1147837.91776568	911624.235482515	735940.213081197	2558111.32001954	413869.630746006	371526.700871821	544642.36988976	437486.410191464	804103.649336384	610097.197766834	397258.466691091	287922.367262637	196521.598671951	626680.389208536	865189.656961373	1663451.04091786	1128123.68000419	440823.171232723	486403.015182218	455796.482080954	1742219.7620015	2024028.23388784	551194.119113796	5537109.03261028	885715.152827034	783712.072677079	1539648.52850671	1493021.98056378	269355.477639247	548102.889271037	332742.463628482	1792615.32924424	786082.217834244	333257.008480889	271272.119813972	1242454.46197879	385192.433851038	365657.229134487	381920.323266041	402106.992619301	1018567.30812313	496498.552120749	550048.153944498	6342834.24454076	4577377.6229992	803928.29370102	1115781.46463935	704475.40236462	713251.31386297	437365.305516008	1655512.32911804	398817.559582186	996705.196849242	1393204.14267031	2424759.56749733	705682.586457115	327232.16347521	841287.107053876	448822.468361863	3107009.98258691	623314.550624421	190224.203448771	52817.8418404115	43536.2410848922	512785.702184162	203810.65674581	16185.9371933174	26189.6968821212	59263.531251337	58423.3345337449	117566.91780349
Adenine	1405613.26592634	204119.355710356	180568.727813959	408014.536083774	171948.095854082	1315236.52423893	2103120.71709908	733586.381044953	2302015.14989899	512026.925805702	430732.544410782	748530.167060603	502619.805998879	672890.398633617	2705180.34658893	330018.493665018	279852.443222645	236305.968612439	316995.745101639	414925.224575436	274027.469227779	582298.662411947	227381.146172668	174200.051060854	476732.154021295	268630.423686782	375679.578344162	1043634.44416266	903972.952822469	846996.055958636	824356.74641159	998444.353868932	1077213.03642253	734036.146161758	718060.369228913	1873188.14467638	1229448.08985121	603557.01015225	705863.657247228	1419618.48986017	3181672.35274306	368741.908064304	204318.748944749	2056875.60044646	352962.298019859	1021154.6065363	1283364.99959779	1531457.01054575	895821.805126605	1392938.62423331	4556552.8024641	535861.203474834	624757.671914479	1233975.48552047	2550530.7918573	503684.759564688	451928.773954188	1002670.6237529	1658904.54529243	704347.875009029	2664050.46672739	2469502.53626884	4943088.61172033	4173485.22639773	634687.277356358	444230.379091642	483341.693679449	475723.464737906	385804.386149091	430605.609853712	683493.840411676	554299.510076766	271684.631063928	1076427.24262118	2703428.28224125	2230256.00504919	1724819.5449541	1618105.00975096	2733761.5502132	2480441.35862252	5370647.25313628	1588447.73628628	2550165.87633975	730935.677330417	2233088.80703631	910319.614557797	681720.090014333	332391.182203954	577711.30787195	823355.059564421	932070.014334111	2280366.90698042	382810.859081755	464148.144478167	238893.091245005	167241.371375232	424157.806566793	444358.145419193	232407.853359332	672634.22874015	414215.164679359	411093.962679449	440983.585501616	413817.209937709	685535.083342584	496824.697818138	410715.225819256	463903.5446973	421081.969830812	597861.071114472	360081.80370957
Guanosine	679256.115547903	78328.400703066	65575.8842758691	90244.5244418956	58848.3826563774	135409.225748569	72474.1880703753	275971.382351457	465621.710465543	230203.712437099	128707.915276798	193130.669580726	144687.082638396	161813.288777536	176521.535743262	51827.8184180946	56510.0660905165	51881.3857507178	55958.0810703629	82569.5052094479	58280.0933429792	52742.0697162176	52791.5422619802	47300.8701079648	246875.527728814	31952.9238106039	41176.7234882045	39973.6578362305	71553.8711105321	132544.307208543	131953.795847486	20965.7292274752	263436.93974219	198046.881388141	81999.0377969289	146575.998826713	53800.2150926475	89043.1829380891	80180.6202559899	112158.259232269	11603.6679464751	211199.770963612	105525.838171585	967714.588397126	71758.4918581006	146875.688748596	317286.057563234	117943.678070876	135131.757324503	142230.933414074	79818.0384658317	80232.8434735945	185328.024487737	116203.889359038	224067.202107726	239851.623751468	268698.387623143	172573.482904514	266995.298365791	132294.676268756	139233.514700076	49965.8912260684	14409.6172466404	29996.3183968666	51184.1733736829	117450.574464018	51641.507774056	140751.403203207	111738.623477797	225340.843443295	119798.986914573	255607.542343105	149424.4519421	138158.024632875	190459.460074064	445689.558782307	59145.4475165918	69720.120478569	113314.780102619	92843.7050258472	421423.95564074	269646.442382713	212910.31160987	110032.977234091	63772.4302260328	45702.1946257196	37921.528392049	129476.273271268	166498.651990938	59848.0063731687	57364.4154583106	36504.8856917234	116434.494970427	102578.474219484	100748.330767189	51922.3465356185	116688.175077471	117743.118856052	60970.3551617568	378020.146628075	94516.0517959005	59568.9916592097	258268.953401772	120334.36804891	187988.355778341	400027.076625357	352001.20354717	185803.498188704	210226.01065619	342650.815527941	104680.837980535
L-Valine	7368018.0674571	4891955.79679389	5056964.86094769	5500886.19988458	3338408.48762353	2537099.59240535	12021942.3677178	3124842.14231636	3279866.18646623	3378353.53072242	10498214.8864025	5982769.10348382	3370473.77836607	4037457.3598163	3428072.10282193	1828762.0358419	1900629.97991772	2083487.81946076	2348695.92665263	2920771.75821962	1401004.21430518	4123943.80237264	2602928.1562074	1714070.1826751	3196401.70504541	2108924.15587498	4206638.06547158	1473539.01012714	1820709.73688661	3797082.19710571	2658056.58276983	1181845.95127301	3090843.23935542	3560269.89769694	2160281.42850661	2311152.88682523	1670243.94225791	991956.005021833	2359373.64499651	2421474.959688	33257273.0452024	2062105.86978432	2758140.85568491	10722183.9301362	2061259.8672513	1006163.02493595	3183592.50939166	1424714.99284816	1854461.58663241	1195958.80036111	3061461.70054721	2747059.81688806	3131641.60941963	2507187.01251637	4148953.7389333	4077071.81287503	3191309.33336894	2708411.72183357	3248159.08155305	2110369.50058678	28786941.0257315	4565929.23878665	4312175.36951674	7686267.97920313	3091511.95347725	3550724.86579205	2489983.3451443	2046428.94336249	1367248.62188526	1395437.74814255	1465201.33279272	1728882.77567334	1954085.7630102	1789694.51895334	2585711.01057862	4046409.01568536	2465371.28501079	2939360.26213756	1974765.4135151	2458323.66726031	5807263.82458739	5263210.58899694	3223522.59200952	17021659.269514	3598401.43300449	1044243.70176604	1386225.30957274	2110583.28445651	2780372.27416743	1721459.30554308	787143.641074013	505982.048455522	682533.647148833	1083864.9853681	2736470.87923108	2825054.30418098	791016.26958268	1407749.83731183	1289323.58218797	3022541.22640488	1620275.19881559	854093.502135506	2048338.2262714	2196005.33391588	2512558.35897183	4471752.15049001	2982403.01996402	1071228.60128819	1274263.29104552	2881141.76671836	1701518.43888354
L-Alanine	52536.4106842356	30945.1633497848	22120.4574177424	44071.1527690182	12349.6448615772	19522.6550246362	30850.9595227431	43980.955334552	40874.9480196597	30291.0819226435	25544.4957400908	33510.0969023377	21908.0070534634	47486.0707581583	45103.3534816654	27765.027085549	23020.8273123977	26619.0927097199	24402.560198264	51237.8610133105	41124.3151229036	20320.6053510476	20395.8954921878	27855.1799156406	34767.8230236641	31058.6192624295	49968.1007614123	22685.7938422241	19011.6088695178	33310.661844478	36973.2318443665	12037.503099832	37010.9481184684	36645.5317310026	15379.1662859155	30980.8311219687	21340.1959657982	20191.4355717484	27222.4377692123	54107.8932357767	0.0	32326.938383822	13233.0497352707	132896.479732957	18672.2666339183	19504.3652577377	45612.6667589916	20879.9390902458	41093.0622066821	35672.5126572191	29915.8367929578	20861.4881965072	32678.3370326726	24999.6241627753	52107.2957169175	41448.0616627251	68708.686247842	23807.5385943683	55232.2618864714	15228.2590486637	11603.6678803265	39697.9410109223	42804.0435660407	82917.501120777	13172.0218303597	20582.6459429074	27426.8062346842	29626.1415912402	23576.9921264786	28707.3249696937	21802.1226647053	28971.8676237773	18376.3622391263	34946.6193020637	34747.9487887389	66772.6615528395	19311.3313724555	19112.7325724578	17438.4239166084	20537.4702793975	56114.6125817295	37757.9166972901	50771.0010902399	66329.3392458584	39632.8445362968	21800.2603858887	11659.3317608359	18196.9691815351	33014.4028365609	8748.64339022802	24011.8722517756	16081.621975924	10863.2304826625	19583.3808381146	38369.8929911203	37820.0597789451	32227.2324007896	30645.2347970719	22668.030246742	33827.8486859989	21719.2567693987	11068.0866797967	28262.3979164056	15255.1762058102	40839.464197385	55339.139716401	40560.6524383936	20995.3003379592	42761.5643288423	41931.3164060292	15278.1703039111
L-Asparagine	32545.5733315725	15350.1141555635	66799.1236890541	85119.9803262443	43636.2337802249	75881.9967138993	40777.5775535632	109457.39122474	93764.719512402	62053.9988461128	78683.1677742281	78333.6641326378	63610.5067566782	67937.4610304372	110969.647290303	8872.13893445144	5213.61198517184	4622.36333897706	5713.09443541349	12323.4044465505	10862.7889264844	5395.24890997775	6913.5656446908	6682.31408777901	17431.9401239709	6064.47331125641	11362.2123094137	37691.6209100308	40055.6678442295	58169.8566388941	52893.3598415371	38157.8584709551	55797.8263877972	63255.4750659907	51363.1497354544	33536.3203845067	37279.4881075627	4719.53370734964	4529.47917513011	5782.70786961138	73668.3254125363	57429.9848117086	14671.5709889098	121933.871269902	17558.5077525174	28260.4210490043	44362.3554648367	19526.5222565585	25181.8011037121	26079.2880391174	41717.3822180341	43756.6651312794	41206.1052491237	47995.1074240497	68670.2036395918	68606.1266565765	113439.112345225	44185.4790493865	67973.5374879755	57340.2609735648	94876.0419448552	7957.77498757972	5579.42102621472	6684.40812884165	5028.90559763965	20080.9627740531	7716.6414186499	12634.5203968611	19195.7724188752	20806.7843180977	27768.7479047153	27343.0337577049	29595.2226053134	42407.5366733871	72925.4935240999	56256.8214440294	34686.3965528695	39923.5992712477	70015.9292584687	71441.7611023157	106991.855519265	93846.1383520565	90921.760957879	5957.40979346533	6911.04894590637	4382.18246189432	5413.20785287218	9066.72707451946	24799.3981715286	19845.0559380093	5516.25254474397	4115.37791503571	3990.32722454642	3719.06017504554	21818.2062456929	6995.88204487521	13881.3199556429	14920.1354181248	24476.9619080485	8193.25670795996	7194.70696580428	41837.4758089825	35796.144863674	44964.1460312401	73625.6383638053	51906.6248400072	18142.2584671992	48108.5722361184	24777.9531866232	35146.2911934052	38148.0414021217
L-Isoleucine	1968388.84378849	3113546.84267046	1514671.78324888	1165136.94434282	1030567.4002579	1336695.99197471	3544028.31484457	1664003.47269051	2115503.60639654	2009155.73283537	7075675.52639378	4404205.91246458	2016733.81319274	3584202.71534177	2885370.94420555	2668348.25430063	1384918.97505223	878025.854729827	1337172.14506899	3141086.27655717	1378368.73089363	1819802.96027604	1184080.50726934	1179020.1949937	1074402.53333827	1528450.97059306	3029739.47815435	582341.365596225	947539.254674793	1167300.99048807	1251833.32318776	416118.931042324	1463776.71433066	1903696.48882114	780547.004843001	851069.227451459	498088.417877949	811132.907819291	2347582.3934759	686756.233600185	207012.153068075	878483.851561018	869137.171130638	1954799.35666382	710698.226982525	401145.541512348	506768.90063502	622197.486905148	269643.026801982	705062.908041797	279889.335299053	255464.488260705	398374.196417206	298397.637086242	418423.086251241	1225649.40975361	1652442.13669657	747786.696849918	2385281.75816569	1109454.52309417	188168.794968089	265379.226652471	905702.922044583	1370676.09277011	811978.147615953	1357139.44878131	1116254.50620431	922627.819456617	893429.376786051	1497239.19413596	1161458.52629911	1392064.80954019	1339489.23190188	945042.961655232	1215066.44642279	1679492.2136061	585042.353898826	909073.51245175	810229.812746511	1513331.03572636	3447726.04426046	4171149.4630928	1523312.03145023	7935726.49185266	3290844.17099851	1136054.42070909	315676.849571492	367241.443262067	911458.398493766	550869.280284541	598900.094099136	545825.378962695	572549.736642518	1186986.87851265	1351946.62439139	1172867.94018572	792634.181673396	1266402.67540107	776502.786093615	2015358.09591829	1419439.31462589	762463.74556853	1672793.97058337	1434708.97072092	2960828.45823111	3128692.3157166	2140746.44066908	1001303.67152901	1372303.04635096	1180163.27819229	1148553.76352078
L-Serine	755086.302610258	598815.218656778	295598.839993955	427532.795678233	269985.452296897	216040.782832298	195268.083990632	577616.510285944	801000.421684168	343085.960713445	162399.140104891	221340.207272775	138745.438020703	258614.991516276	567681.011651232	452695.865564665	448118.487371654	291582.458708143	532081.33493777	1170196.87978596	930232.0140627	176393.156744311	196441.951414986	329347.876852779	651753.739818983	252035.428855247	749763.051901525	247652.389905117	221225.370848426	516552.561832563	288252.353413914	78518.6341061456	976738.027028843	281777.405742785	85776.3956679628	199491.475854473	89145.5167444777	428812.327491701	339568.656060521	283422.361693195	1174818.28528326	567339.330760814	191138.066663822	1274681.647413	223130.74881572	166911.03632613	425771.021357036	153239.382603606	227599.129520593	432312.837070226	195481.295375394	94919.5576612555	233145.76808658	116645.551579516	221471.940833407	307652.951830751	307892.153676312	152473.446338229	343834.093579655	152834.151249572	915555.149871809	105650.223006304	174400.688766813	639360.521594421	88185.1060753372	293325.73221259	275467.718406074	266796.457311849	134861.900304464	409838.598425072	254338.840838563	734691.830820775	399733.467040861	279523.764607492	222980.315735968	1111682.29788231	70379.4350557998	162726.203854242	93180.0038547216	103771.960553636	354784.599344428	272235.268840785	232218.065767815	333276.945045427	765089.54428659	196330.989153318	173786.7262014	245467.260197022	448100.01630006	120833.614064839	186156.935123226	100603.168184739	70086.3021839945	339471.628351943	605905.431341261	922234.581138944	547279.885034222	363019.519208721	182676.081997939	615843.73269696	314133.411832239	127709.342487101	478384.877838	211307.462243991	688715.484182798	557531.954679747	654173.576512091	332691.619618051	360075.648506558	365669.338376425	158506.486777146
Lactic acid	20110753.3285886	2637007.61616536	2494898.78585945	5409916.89895216	664433.481518813	4096159.24573526	619603.668372692	11071229.7265533	7011570.79669714	4267765.61209427	295199.240130716	1020714.11491087	753174.448675527	4108901.5665501	3581943.73006865	40864259.9718959	2233771.98046572	13204712.8700964	1869943.65145942	6836228.61323557	2281389.56269005	3846369.62700947	3348532.09009234	7870771.07259246	571119.684490261	1442230.49969747	11973513.6519128	1015614.86990625	1011205.1126861	2046892.91486668	2620932.65687685	201869.465372685	2650970.0112738	3451265.38364321	112866.115890908	1366648.57937261	331321.545449664	1697144.07889341	20707327.0533475	28700207.0962292	4895349.78932401	11695614.9210734	914565.000241261	6066024.54442414	1977636.06739637	2053264.19571731	6631647.37602203	4010626.84500574	3008757.72366825	2668617.64635579	4021215.8119785	2185841.17041446	6536171.14064086	1217720.21821229	11848360.0503342	7120745.40135772	12699993.4169166	1610475.76139152	7486878.35468992	516663.048745783	3538839.92081528	430636.325895845	18796326.7265813	2506180.40971626	5648544.03761306	2261530.12767459	7595268.57807181	5487775.7911911	4611573.66302357	1143633.70684343	1796054.36520746	1987835.16586744	1342252.39636546	4052564.60934958	2039929.3894641	7679853.25955007	489505.800420218	670142.21429531	400639.366035378	1016854.33540289	2029029.44232161	1516561.17560147	4795649.68741837	39600084.6154318	28067327.7592164	16232265.6311989	438557.136217759	5099613.22768834	5189663.00556902	389927.792605707	6612976.68361309	417710.280724772	190431.878972797	1497605.58221185	1401376.36271551	5470315.0224201	1596584.02458192	5683418.524289	1529842.07517306	1040425.9769757	1328057.53717739	365701.76501043	3987151.36553236	473137.371818965	4400452.34017812	10769484.5074697	4779832.9011224	1838649.16163889	6034466.84860398	3739240.4807707	136164.349575833
Sulfoacetic acid	645828.656175013	841855.172292759	1188805.90396026	813179.462865456	1106554.00491853	1532035.13849586	1324963.9002911	1068362.22949952	1025902.79809395	1703371.21149763	1638343.57601432	1409834.52138491	1865558.39854514	1412172.17265591	1301419.61483687	1258108.99038584	1454915.77705649	1919114.92024239	1757385.43280267	1125110.81621545	1392750.13047423	1664086.2563359	1435951.04992647	1449073.10067424	1023976.34167335	1524812.25752248	1115917.46086486	1784163.09038226	1849136.52345203	1568249.19365837	1649448.45088291	1582348.80338366	1511717.82949035	1435266.89770043	2067076.45073005	1721018.05369245	1709868.4735429	1431614.39235054	1671777.41069541	1193268.83865745	135113.826804939	1416473.42829491	1736747.56232662	170896.733139457	1043688.81313733	1273178.5327219	1100151.49969126	1325716.76782686	1195220.41855502	1495590.52472887	1288540.58050313	1509422.0733509	1434339.28918051	1225628.24052617	1191484.27663496	1258137.64626733	1085489.51776997	1462695.47023095	1458110.83574194	1819305.18391232	170498.419174902	1448282.47535133	1071608.21585147	1271483.31602952	1552201.75797718	1258210.97906715	1492323.05459657	1300065.90023765	1464550.38564042	964441.331563012	1321163.83530016	1034373.79184451	1320217.09906218	1687205.60414401	1281821.3981134	1037838.27987212	1309968.65969203	1529706.94803353	1541406.19926932	1800073.80286803	1208037.85663887	1369475.94323506	1377375.64761887	574518.745798416	623578.712994774	1206051.19804944	1149750.47358427	1129830.98547795	1031925.07107443	891178.362073738	1079988.15297567	1750986.48013302	1477782.31219053	1289556.52403448	1043875.78332556	1400179.75367338	1133922.87670815	981949.303667812	1395389.9471326	965127.310122288	1267645.31072909	1504238.05027448	1642005.93285169	1459705.713496	933908.370178656	1098978.92201848	1957508.37708611	1679483.38751447	2252859.03586164	2226589.72027367	1628399.46956377
