genome,D300419,D300420,D300430,D300431,D300432,D300444,D300445,D300446,D300449,D300452,D300462,D300463,D300479,D300482,D300492,D300501,classification
GPB:bin_000009,14.643643036574824,0.0,0.0,19.133935156948976,11.549197274381608,4.285159729945812,28.817990182315057,0.0,0.0,20.43669068749597,0.0,55.20334817345686,14.10499490919989,2.758923139526149,104.39550021817716,5.357266751618458,Bacteria;Pseudomonadota;Gammaproteobacteria;Enterobacterales;Enterobacteriaceae;Klebsiella;Klebsiella pneumoniae
GPB:bin_000010,38.99230249014097,56.6229279025751,352.4132162960563,40.79957544889536,56.54675955192715,93.7160953147483,55.73689176404891,54.1883138778924,62.499267308997695,52.47425812278578,30.18315069106155,62.80573698630482,142.99604126263617,74.93834365823636,149.1029341044499,101.51772608008108,Bacteria;Pseudomonadota;Gammaproteobacteria;Enterobacterales;Enterobacteriaceae;Escherichia;Escherichia coli
GPB:bin_000002,18.396570111435707,4.800186329441153,12.021593127213382,5.970607474895098,12.63341938130442,14.10638980937428,19.750291270895836,18.20532276906952,13.897870797948489,14.225599734774308,11.777114422119066,20.095213190361857,22.425196755391724,15.928019761831944,35.29070173073402,5.757603337563165,Bacteria;Pseudomonadota;Gammaproteobacteria;Enterobacterales;Enterobacteriaceae;Proteus;Proteus mirabilis
GPB:bin_000200,0.0,0.7484767879303577,0.0,1.0950303910979562,0.0,0.0,0.0,0.0,0.0,4.174442220342165,0.0,2.1177219232822875,0.0,0.0,0.0,0.0,Bacteria;Actinomycetota;Actinomycetia;Actinomycetales;Bifidobacteriaceae;Bifidobacterium;Bifidobacterium globosum
GPB:bin_000087,0.0,1.0608004281526098,0.0,1.1360141456940076,0.0,3.339961782539781,0.8259580463342387,0.0,0.0,2.313813690022125,0.0,3.795253797758108,1.2955583950242453,3.795338212704843,0.0,0.7824421412920495,Bacteria;Actinomycetota;Coriobacteriia;Coriobacteriales;Eggerthellaceae;Rubneribacter;Rubneribacter badeniensis
GPB:bin_000111,0.0,7.404310083049352,76.56171824916734,58.53692394453093,55.99333869964862,4.733234683106229,182.7926369012903,83.57560479497944,2.9359850000241,130.2026346358698,6.330211551716658,284.8363354171989,78.57712310873536,11.725141829784976,0.0,8.50554546024187,Bacteria;Bacillota_A;Clostridia;Oscillospirales;Butyricicoccaceae;Agathobaculum;Agathobaculum intestinigallinarum
D300506:bin_000004,0.0,101.76668064645123,16.981868544509357,0.0,140.70304011547952,29.49889299612792,0.0,17.441309288103852,6.7485882043129255,0.0,82.75522047420729,12.137287986813488,0.0,173.65560963239668,0.0,111.8536609154483,Bacteria;Bacillota_A;Clostridia;Oscillospirales;Butyricicoccaceae;Agathobaculum;Agathobaculum stercoravium
GPB:bin_000173,26.832770807001687,0.0,0.0,0.0,0.0,0.0,0.0,26.643107303999248,32.285237163858575,0.0,0.0,0.0,0.0,0.0,14.985118942544643,0.0,Bacteria;Bacillota_A;Clostridia;Oscillospirales;Butyricicoccaceae;Pseudobutyricicoccus;Pseudobutyricicoccus lothianensis
GPB:bin_000112,0.0,338.34353831033866,135.16334885642328,0.0,0.0,0.0,0.0,0.0,0.0,8.730854091747691,110.09659882120307,0.0,0.0,0.0,0.0,0.0,Bacteria;Bacillota_A;Clostridia;Oscillospirales;Oscillospiraceae;Flavonifractor;Flavonifractor avicola
GPB:bin_000140,29.66707278572812,14.078015547051418,9.640128782690136,9.94675244142354,41.472102483655405,43.17139806675272,90.57283884758633,33.316945412022484,38.05448625938727,26.50932755272955,11.615155851015336,53.14538836359636,40.30580991367521,51.30918770913436,86.44794254357116,28.315841581920395,Bacteria;Bacillota_A;Clostridia;Oscillospirales;Oscillospiraceae;Flavonifractor;Flavonifractor plautii
GPB:bin_000197,0.0,0.0,0.0,39.30980996090414,0.0,0.0,0.0,0.0,5.671682929103421,95.97109262421256,0.0,141.20520160257624,0.0,0.0,0.0,0.0,Bacteria;Bacillota_A;Clostridia;Oscillospirales;Oscillospiraceae;Flavonifractor;Flavonifractor avistercoris
D300430:bin_000010,6.289781167342973,74.14526511226195,235.59009578468735,1.486501976271415,0.0,0.0,0.0,0.0,14.326218400816233,18.025854468319345,27.2586506441292,3.0900607975859566,6.244747769655587,0.0,0.0,0.0,Bacteria;Bacillota_A;Clostridia;Oscillospirales;Oscillospiraceae;Intestinimonas;Intestinimonas timonensis
GPB:bin_000034,39.11675248491862,25.380738293604967,28.822917322843832,6.011671593342028,0.0,0.0,48.5759302939596,55.821992647705,69.37769907540263,31.92886145193439,34.327767395596865,0.0,40.25875350058366,57.176497853182745,99.20049430068818,0.0,Bacteria;Bacillota_A;Clostridia;Oscillospirales;Oscillospiraceae;Lawsonibacter;Lawsonibacter sp900545895
GPB:bin_000015,14.102985531647665,26.44428834425057,12.760349101344843,3.459729276472715,0.0,0.0,56.294236872552496,20.457727262626296,25.145158269338825,13.625584449804055,13.675151392015785,0.0,16.3476537303922,18.953532903647343,36.03676871444275,0.0,Bacteria;Bacillota_A;Clostridia;Oscillospirales;Oscillospiraceae;Lawsonibacter;Lawsonibacter pullicola
GPB:bin_000059,0.0,12.78596898824531,4.731947491752495,22.06200619805296,0.0,0.0,46.12347096934791,0.0,4.531150991506405,9.961700175530911,44.61044583538657,0.0,11.420328933171405,0.0,0.0,0.0,Bacteria;Bacillota_A;Clostridia;Oscillospirales;Oscillospiraceae;Dysosmobacter;Dysosmobacter avistercoris
GPB:bin_000022,114.8826275654936,32.204617648095855,0.0,16.17899716966315,13.55909249720332,11.313654532225131,31.54988188231825,19.4352868961494,8.310628668138998,41.67598893508176,14.895689425823058,88.40767909172791,17.505376998945437,48.43125454761088,5.374314452667985,22.764578799078137,Bacteria;Bacillota_A;Clostridia;Oscillospirales;Oscillospiraceae;Dysosmobacter;Dysosmobacter pullicola
GPB:bin_000004,0.0,20.792441109751795,1.8882442955250849,0.0,0.0,0.0,16.841968328995527,0.0,0.0,0.0,15.977509186259404,0.0,2.791963085039538,11.974892498902191,0.0,0.0,Bacteria;Bacillota_A;Clostridia;Oscillospirales;Acutalibacteraceae;Acutalibacter;Acutalibacter stercoravium
GPB:bin_000184,31.652412928143285,0.0,0.0,22.12456649050345,0.0,0.0,0.0,47.31809450690172,31.851794330054755,13.187919315586123,0.0,12.066970349195838,0.0,0.0,96.01779311981784,0.0,Bacteria;Bacillota_A;Clostridia;Oscillospirales;Acutalibacteraceae;Acutalibacter;Acutalibacter ornithocaccae
GPB:bin_000166,0.0,0.0,0.0,13.817100922308017,34.674301418808945,38.62683721784115,0.0,0.0,0.0,23.770598486384586,0.0,44.892695380787714,0.0,43.6807789474838,0.0,36.90377759936869,Bacteria;Bacillota_A;Clostridia;Oscillospirales;Acutalibacteraceae;UBA1417;UBA1417 sp900552925
GPB:bin_000021,0.0,2.4607021860247724,0.0,42.70060585666676,55.53123186251722,22.068017541937703,34.06684230368044,0.0,0.0,100.0438517052726,0.0,73.65254884505532,21.541608739202264,125.82790104770103,0.0,45.55366623170714,Bacteria;Bacillota_A;Clostridia;Oscillospirales;Acutalibacteraceae;Anaeromassilibacillus;Anaeromassilibacillus stercoravium
GPB:bin_000016,173.42789643788564,0.0,1257.408980785985,0.0,0.0,0.0,0.0,124.08895539386484,123.69422101942428,0.0,0.0,0.0,0.0,0.0,0.0,0.0,Bacteria;Bacillota_A;Clostridia;Oscillospirales;Ruminococcaceae;Fournierella;Fournierella sp002161595
D300481:bin_000002,0.0,0.0,0.0,92.59854296115896,50.27302532804725,124.62765730305472,262.19429534318294,0.0,0.0,5.241486429055101,0.0,54.3790300551541,117.5847832437822,137.5151916091481,0.0,0.0,Bacteria;Bacillota_A;Clostridia;Oscillospirales;Ruminococcaceae;Merdivicinus;Merdivicinus intestinigallinarum
GPB:bin_000130,0.0,42.06161150696027,3.87001753072912,28.71515529854261,0.0,0.0,59.431577016061816,0.0,0.0,35.45452918189558,16.821389055768304,94.36314899777258,31.562248632054946,0.0,0.0,0.0,Bacteria;Bacillota_A;Clostridia;Oscillospirales;Ruminococcaceae;Negativibacillus;Negativibacillus faecipullorum
GPB:bin_000033,23.971617239515652,0.0,0.0,0.0,6.236143532306842,5.582374113128571,4.247754792267976,7.52984027689937,5.263445373319687,0.0,3.950602555109644,0.0,1.910812644457988,6.291037567701205,4.219121925416556,6.10613134321493,Bacteria;Bacillota_A;Clostridia;Oscillospirales;Ruminococcaceae;Anaerotruncus;Anaerotruncus colihominis
D300432:bin_000001,0.0,0.0,0.0,0.0,119.56992405458168,2.7261146132235683,0.0,0.0,0.0,0.0,0.0,0.0,0.0,181.5014826689257,0.0,32.53425306863636,Bacteria;Bacillota_A;Clostridia;Lachnospirales;Anaerotignaceae;Fimicola;Fimicola sp944379995
D300435:bin_000001,6.106308575505,31.738839571566512,1.4656790457117763,30.19007748917171,0.0,0.0,49.22846695887802,48.52762324376603,43.19422260597114,54.098900632688135,22.71048291867762,94.60294165017446,51.83786355211998,0.0,17.551851278614546,0.0,Bacteria;Bacillota_A;Clostridia;Lachnospirales;Anaerotignaceae;Anaerotignum;Anaerotignum merdipullorum
GPB:bin_000208,104.76678530552684,108.83930527116868,77.05392124981218,15.166673768551806,0.0,0.0,222.5965912446465,181.0879415223302,237.98503072126,18.63179566306564,251.7596228674721,31.716495735504868,116.95126536904012,0.0,86.53886263683277,56.248313302279406,Bacteria;Bacillota_A;Clostridia;Lachnospirales;Lachnospiraceae;Eisenbergiella;Eisenbergiella intestinigallinarum
GPB:bin_000029,7.242640704233239,0.0,0.0,0.0,0.0,0.0,0.0,14.084512614022833,7.289381848368807,0.0,0.0,0.0,0.0,0.0,1.3670871746682474,0.0,Bacteria;Bacillota_A;Clostridia;Lachnospirales;Lachnospiraceae;Mediterraneibacter;Mediterraneibacter merdigallinarum
D300452:bin_000016,52.093701264353534,52.08657695458204,35.79786739154621,61.93643944564412,0.0,0.0,118.13855774041618,89.12039823265069,114.51407327694176,48.96677989656413,129.85710391277502,81.28603225392992,58.30268362013831,0.0,41.22812039888327,32.56112104755331,Bacteria;Bacillota_A;Clostridia;Lachnospirales;Lachnospiraceae;Eisenbergiella;Eisenbergiella sp904392525
GPB:bin_000053,54.99581996431488,59.0608562880509,0.0,32.45584837307592,0.0,0.0,24.56854677963084,94.68850025738185,89.39998103502327,62.92569599529359,3.3381261828920428,154.8786435010121,28.560432478877274,0.0,44.01756582588603,0.0,Bacteria;Bacillota_A;Clostridia;Lachnospirales;Lachnospiraceae;Mediterraneibacter;Mediterraneibacter excrementipullorum
GPB:bin_000031,70.28802738779275,0.0,0.0,21.36704696043444,0.0,0.0,0.0,36.35321660244842,91.89191047288357,4.219621207482869,0.0,42.84406744835473,0.0,0.0,11.297503427106152,0.0,Bacteria;Bacillota_A;Clostridia;Lachnospirales;Lachnospiraceae;Mediterraneibacter;Mediterraneibacter faecigallinarum
GPB:bin_000143,166.02398525704598,136.38800111744268,202.11522002086195,440.5434341647955,260.8769460763493,173.27709120307946,73.0936429812029,200.96784287380743,129.4531054076067,116.55338304945472,67.73805660646572,205.99412949123013,165.74022398140522,245.3640728093847,358.52741721014985,130.65676886352392,Bacteria;Bacillota_A;Clostridia;Lachnospirales;Lachnospiraceae;Blautia;Blautia ornithocaccae
GPB:bin_000001,6.048976872313549,0.0,0.0,10.038040289175571,4.80226131597432,4.36570852929189,0.0,8.419882699473044,8.089920768668215,0.0,0.0,0.0,4.202028333656117,4.496363625852366,11.60427548569298,0.0,Bacteria;Bacillota_A;Clostridia;Lachnospirales;Lachnospiraceae;Enterocloster;Enterocloster excrementipullorum
GPB:bin_000104,0.0,5.441067629642201,5.14114713427692,27.858276122624456,53.895022897193954,43.27456985457483,0.0,0.0,0.0,18.350289392645152,90.29652623195211,42.20175022869026,0.0,31.784671309249084,0.0,47.25163252098704,Bacteria;Bacillota_A;Clostridia;Lachnospirales;Lachnospiraceae;Caccovicinus;Caccovicinus merdipullorum
GPB:bin_000135,0.0,0.0,0.0,0.0,31.01588439534537,0.0,0.0,0.0,0.0,0.0,0.0,10.253000238178156,0.0,27.703938859382845,0.0,6.66926116377073,Bacteria;Bacillota_A;Clostridia;Lachnospirales;Lachnospiraceae;UMGS1370;UMGS1370 sp904395885
GPB:bin_000146,0.0,0.0,0.0,58.72120832878234,0.0,19.317463400566137,34.53927138488954,0.0,0.0,33.89526716012928,0.0,60.61544996763636,25.315713665420724,3.684007625229545,0.0,18.315844949361523,Bacteria;Bacillota_A;Clostridia;Lachnospirales;Lachnospiraceae;Clostridium_Q;Clostridium_Q saccharolyticum_A
TG3:bin_000068,0.8395905469185347,0.0,0.0,0.0,4.757815490176081,3.100156393177023,0.0,0.0,0.0,0.0,0.0,0.0,0.0,3.890479017604218,0.0,13.180245366275305,Bacteria;Bacillota_A;Clostridia;Lachnospirales;Lachnospiraceae;An181;An181 sp002160325
GPB:bin_000023,8.03773955499082,0.0,0.0,0.0,2.418186839782648,1.5173497897760844,0.0,2.818166880508466,4.452078195859595,0.0,0.0,0.0,0.0,5.867454528292113,1.5153475059011756,2.502568803082373,Bacteria;Bacillota_A;Clostridia;Lachnospirales;Lachnospiraceae;Sellimonas;Sellimonas intestinalis
D300492:bin_000003,83.20581079332602,42.75603710071984,7.113685723618156,44.6805622955324,118.40648047139256,44.606141892488985,39.28487949323552,32.6736785213518,48.11647765744176,52.51307220392669,12.60536858382271,96.0106893938183,70.0091053777827,70.1569961361711,362.5026427914151,41.621996831364726,Bacteria;Bacillota_A;Clostridia;Lachnospirales;Lachnospiraceae;Lachnoclostridium_A;Lachnoclostridium_A stercorigallinarum
GPB:bin_000124,0.0,31.21781053770425,7.604256206348604,0.0,0.0,0.0,28.72850919567197,0.0,0.0,0.0,15.815047174499028,0.0,5.405562892331083,0.0,0.0,0.0,Bacteria;Bacillota_A;Clostridia;Lachnospirales;Lachnospiraceae;Copromonas;Copromonas faecavium
D300444:bin_000010,32.52335992735941,30.89560667022699,9.53740715124576,46.54813376974384,76.96666137204163,60.34402972660974,13.77446210570156,33.19428167988864,28.558613375223405,59.3867761111521,36.44950678691719,43.24474112410309,29.41366926270053,38.637166641861135,61.98144463218824,33.80685833209306,Bacteria;Bacillota_A;Clostridia;Lachnospirales;Lachnospiraceae;Enterocloster;Enterocloster excrementigallinarum
TG2:bin_000059,0.0,0.0,0.0,5.779565278449608,0.0,0.0,0.0,0.0,0.0,3.987485761542903,0.0,3.379780610732286,0.0,0.0,0.0,1.3073946354174797,Bacteria;Bacillota_A;Clostridia;Lachnospirales;Lachnospiraceae;Pullilachnospira;Pullilachnospira stercoravium
TG3_35:bin_000033,0.0,0.0,0.0,9.851998615962566,0.0,0.0,0.0,0.0,9.372682973044224,7.696442694259541,0.0,11.352247825084032,0.0,0.0,0.0,0.0,Bacteria;Bacillota_A;Clostridia;Lachnospirales;Lachnospiraceae;Hungatella_B;Hungatella_B pullicola
GPB:bin_000145,3.04032917601654,0.0,0.0,0.0,0.0,0.0,0.0,3.113182918777047,0.5749733680699759,0.0,11.080491322506797,0.0,1.6753061486249343,0.0,0.0,0.0,Bacteria;Bacillota;Bacilli;Paenibacillales;Paenibacillaceae;Paenibacillus_A;Paenibacillus_A macerans
GPB:bin_000017,12.003278102209546,5.873463900823164,60.788318425518085,0.0,9.87052314246516,2.5112090674416927,6.796054205177269,7.441943574445808,7.901123276048812,0.0,4.331681213445014,0.0,10.85327686114521,4.960308506029316,0.0,10.598111212903458,Bacteria;Bacillota;Bacilli;Erysipelotrichales;Coprobacillaceae;Thomasclavelia;Thomasclavelia ramosa
TG5_28:bin_000003,6.826865364875634,31.239485910770544,19.99061504447957,6.888945226168631,0.0,0.0,87.34360573429979,10.309815495853146,12.708317421828358,57.19270668595107,20.986412007944622,22.46937093606834,34.700243241092586,0.0,3.2556838561570625,0.0,Bacteria;Bacillota;Bacilli;Erysipelotrichales;Coprobacillaceae;Thomasclavelia;Thomasclavelia spiroformis
GPB:bin_000115,0.0,8.928008683991457,3.838558926822948,0.0,0.0,0.0,0.0,8.426918906628757,0.0,0.0,0.8195516938306255,0.0,0.0,0.0,0.0,0.0,Bacteria;Bacillota;Bacilli;Erysipelotrichales;Erysipelotrichaceae;Clostridium_AQ;Clostridium_AQ innocuum
GPB:bin_000039,1.2453095425891694,6.860104462727194,2.3149914317502414,0.0,2.201417655869159,1.2034956251019666,0.0,2.07059391402801,0.0,0.0,0.0,0.0,0.0,0.8681562868382606,1.062459903412457,4.290733532952495,Bacteria;Bacillota;Bacilli;Lactobacillales;Enterococcaceae;Enterococcus_D;Enterococcus_D gallinarum
TG3_14:bin_000007,5.204804010207038,0.0,0.0,7.245129490450973,19.667991999134287,2.777525665953384,0.0,2.0647783878883925,6.715543392129689,1.1556224233686716,2.578446533481808,2.252809204486349,4.8615207928257504,2.631331836952689,5.04222097329903,4.533684272992889,Bacteria;Bacillota;Bacilli;Lactobacillales;Enterococcaceae;Enterococcus_B;Enterococcus_B hirae
TG4_14:bin_000001,0.7157310963094957,1.0624370466864843,8.812831876145077,0.0,0.0,0.0,0.0,4.50132669198824,0.0,0.0,0.0,0.0,0.0,0.0,62.57229812233447,0.0,Bacteria;Bacillota;Bacilli;Lactobacillales;Enterococcaceae;Enterococcus;Enterococcus faecalis
D300479:bin_000001,0.0,0.0,0.0,6.529945747900994,8.985500679888933,26.718708247070765,3.4779369477028714,0.0,0.0,0.0,0.0,3.091396534600194,37.91440144287826,20.285532756436037,0.0,6.424602866088397,Bacteria;Bacillota;Bacilli;Lactobacillales;Lactobacillaceae;Lactobacillus;Lactobacillus crispatus
TG5_28:bin_000004,4.036264905448268,0.0,0.0,11.806587170942572,4.590075079294977,4.924903976124516,4.609564245660524,5.365375864884035,0.7964628417713895,3.507715367835013,0.0,9.696571245031516,0.0,1.9740936282972656,1.387160236078211,2.806189023166178,Bacteria;Bacillota;Bacilli;Lactobacillales;Lactobacillaceae;Lactobacillus;Lactobacillus johnsonii
TG2:bin_000055,0.0,0.0,0.0,1.0130094107933163,5.556651454030268,1.3166163414431389,0.0,0.0,0.0,0.0,0.0,6.201908648094945,0.0,0.7347647019868483,0.0,1.3636421277776916,Bacteria;Bacillota;Bacilli;Lactobacillales;Lactobacillaceae;Lactobacillus;Lactobacillus gallinarum
GPB:bin_000025,20.20081536124078,15.70099225729412,31.258008578797543,0.0,0.0,0.0,0.0,10.17993157903922,16.94434146808388,0.0,19.25866539463685,0.0,0.0,0.0,23.688285356338454,0.0,Bacteria;Bacillota;Bacilli;Lactobacillales;Lactobacillaceae;Ligilactobacillus;Ligilactobacillus salivarius
Total_removed_abd,26.412488155323807,336.93020009341524,46.033903550162435,81.33978567525327,20.800424531782397,7.675597462672676,5.310613390680739,72.83513187261073,65.941643766305,232.08802201281475,196.99808331423472,194.71002159107,85.14430081629662,109.40494591759591,0.0,221.82961979735023,Removed_sum
