sample	D300418	D300419	D300420	D300421	D300422	D300423	D300424	D300425	D300426	D300427	D300428	D300429	D300430	D300431	D300432	D300433	D300434	D300435	D300436	D300437	D300438	D300439	D300440	D300441	D300442	D300443	D300444	D300445	D300446	D300447	D300448	D300449	D300450	D300451	D300452	D300453	D300454	D300455	D300456	D300457	D300458	D300459	D300460	D300461	D300462	D300463	D300464	D300465	D300466	D300467	D300468	D300469	D300470	D300471	D300472	D300473	D300474	D300475	D300476	D300477	D300478	D300479	D300480	D300481	D300482	D300483	D300484	D300485	D300486	D300487	D300488	D300489	D300490	D300491	D300492	D300493	D300494	D300495	D300496	D300497	D300498	D300499	D300500	D300501	D300502	D300503	D300504	D300505	D300506	D300507	D300508	D300509	D300510	D300511	D300512	D300513	D300514	D300515	D300516	D300517	D300518	D300519	D300520	D300521	D300522	D300523	D300524	D300525	D300526	D300527	D300528	D300529
animal_x	G041	G026	G004	G013	G073	G058	G062	G063	G070	G045	G020	G082	G003	G079	G054	G105	G111	G056	G103	G072	G088	G036	G069	G057	G108	G097	G053	G101	G027	G066	G087	G029	G061	G009	G076	G075	G012	G114	G064	G055	G046	G005	G112	G065	G002	G077	G123	G074	G014	G042	G010	G116	G107	G080	G081	G032	G095	G035	G007	G106	G047	G104	G023	G060	G052	G016	G049	G067	G031	G006	G091	G093	G044	G092	G028	G120	G059	G048	G043	G125	G008	G121	G085	G051	G089	G122	G039	G119	G033	G110	G090	G019	G017	G094	G050	G113	G098	G124	G018	G021	G086	G040	G118	G099	G084	G071	G115	G011	G096	G037	G030	G024
treatment	TG2	TG2	TG1	TG1	TG3	TG3	TG3	TG3	TG3	TG2	TG1	TG4	TG1	TG4	TG3	TG5	TG5	TG3	TG5	TG3	TG4	TG2	TG3	TG3	TG5	TG4	TG3	TG5	TG2	TG3	TG4	TG2	TG3	TG1	TG4	TG3	TG1	TG5	TG3	TG3	TG2	TG1	TG5	TG3	TG1	TG4	TG5	TG3	TG1	TG2	TG1	TG5	TG5	TG4	TG4	TG2	TG4	TG2	TG1	TG5	TG2	TG5	TG1	TG3	TG3	TG1	TG2	TG3	TG2	TG1	TG4	TG4	TG2	TG4	TG2	TG5	TG3	TG2	TG2	TG5	TG1	TG5	TG4	TG3	TG4	TG5	TG2	TG5	TG2	TG5	TG4	TG1	TG1	TG4	TG2	TG5	TG4	TG5	TG1	TG1	TG4	TG2	TG5	TG4	TG4	TG3	TG5	TG1	TG4	TG2	TG2	TG1
day	28	7	7	28	35	14	21	21	28	28	35	14	7	7	7	14	21	14	14	35	21	21	28	14	14	35	7	7	7	28	21	7	21	21	7	35	21	21	21	14	35	14	21	28	7	7	35	35	28	28	21	28	14	14	14	14	35	21	14	14	35	7	35	21	7	28	35	28	14	14	28	28	28	28	7	28	14	35	28	35	21	35	21	7	21	35	21	28	14	21	28	35	28	28	35	21	35	35	28	35	21	21	28	35	14	35	28	21	35	21	14	35
treatment_expl	Pathogen&ProbioticWater	Pathogen&ProbioticWater	Pathogen&Probiotic	Pathogen&Probiotic	Pathogen&ProbioticFeed	Pathogen&ProbioticFeed	Pathogen&ProbioticFeed	Pathogen&ProbioticFeed	Pathogen&ProbioticFeed	Pathogen&ProbioticWater	Pathogen&Probiotic	PathogenOnly	Pathogen&Probiotic	PathogenOnly	Pathogen&ProbioticFeed	Control	Control	Pathogen&ProbioticFeed	Control	Pathogen&ProbioticFeed	PathogenOnly	Pathogen&ProbioticWater	Pathogen&ProbioticFeed	Pathogen&ProbioticFeed	Control	PathogenOnly	Pathogen&ProbioticFeed	Control	Pathogen&ProbioticWater	Pathogen&ProbioticFeed	PathogenOnly	Pathogen&ProbioticWater	Pathogen&ProbioticFeed	Pathogen&Probiotic	PathogenOnly	Pathogen&ProbioticFeed	Pathogen&Probiotic	Control	Pathogen&ProbioticFeed	Pathogen&ProbioticFeed	Pathogen&ProbioticWater	Pathogen&Probiotic	Control	Pathogen&ProbioticFeed	Pathogen&Probiotic	PathogenOnly	Control	Pathogen&ProbioticFeed	Pathogen&Probiotic	Pathogen&ProbioticWater	Pathogen&Probiotic	Control	Control	PathogenOnly	PathogenOnly	Pathogen&ProbioticWater	PathogenOnly	Pathogen&ProbioticWater	Pathogen&Probiotic	Control	Pathogen&ProbioticWater	Control	Pathogen&Probiotic	Pathogen&ProbioticFeed	Pathogen&ProbioticFeed	Pathogen&Probiotic	Pathogen&ProbioticWater	Pathogen&ProbioticFeed	Pathogen&ProbioticWater	Pathogen&Probiotic	PathogenOnly	PathogenOnly	Pathogen&ProbioticWater	PathogenOnly	Pathogen&ProbioticWater	Control	Pathogen&ProbioticFeed	Pathogen&ProbioticWater	Pathogen&ProbioticWater	Control	Pathogen&Probiotic	Control	PathogenOnly	Pathogen&ProbioticFeed	PathogenOnly	Control	Pathogen&ProbioticWater	Control	Pathogen&ProbioticWater	Control	PathogenOnly	Pathogen&Probiotic	Pathogen&Probiotic	PathogenOnly	Pathogen&ProbioticWater	Control	PathogenOnly	Control	Pathogen&Probiotic	Pathogen&Probiotic	PathogenOnly	Pathogen&ProbioticWater	Control	PathogenOnly	PathogenOnly	Pathogen&ProbioticFeed	Control	Pathogen&Probiotic	PathogenOnly	Pathogen&ProbioticWater	Pathogen&ProbioticWater	Pathogen&Probiotic
dpi	21	0	0	21	28	7	14	14	21	21	28	7	0	0	0	7	14	7	7	28	14	14	21	7	7	28	0	0	0	21	14	0	14	14	0	28	14	14	14	7	28	7	14	21	0	0	28	28	21	21	14	21	7	7	7	7	28	14	7	7	28	0	28	14	0	21	28	21	7	7	21	21	21	21	0	21	7	28	21	28	14	28	14	0	14	28	14	21	7	14	21	28	21	21	28	14	28	28	21	28	14	14	21	28	7	28	21	14	28	14	7	28
day_code	d	a	a	d	e	b	c	c	d	d	e	b	a	a	a	b	c	b	b	e	c	c	d	b	b	e	a	a	a	d	c	a	c	c	a	e	c	c	c	b	e	b	c	d	a	a	e	e	d	d	c	d	b	b	b	b	e	c	b	b	e	a	e	c	a	d	e	d	b	b	d	d	d	d	a	d	b	e	d	e	c	e	c	a	c	e	c	d	b	c	d	e	d	d	e	c	e	e	d	e	c	c	d	e	b	e	d	c	e	c	b	e
type_simple	P	P	P	P	P	P	P	P	P	P	P	P	P	P	P	P	P	P	P	P	P	P	P	P	P	P	P	P	P	P	P	P	P	P	P	P	P	P	P	P	P	P	P	P	P	P	P	P	P	P	P	P	P	P	P	P	P	P	P	P	P	P	P	P	P	P	P	P	P	P	P	P	P	P	P	P	P	P	P	P	P	P	P	P	P	P	P	P	P	P	P	P	P	P	P	P	P	P	P	P	P	P	P	P	P	P	P	P	P	P	P	P
L-Asparagine	41717.3822180341	5957.40979346533	4115.37791503571	42407.5366733871	51363.1497354544	12634.5203968611	17431.9401239709	6064.47331125641	38157.8584709551	68670.2036395918	71441.7611023157	14671.5709889098		5782.70786961138	6684.40812884165	5713.09443541349	14920.1354181248	20080.9627740531	5213.61198517184	63255.4750659907	85119.9803262443	44362.3554648367	52893.3598415371	7716.6414186499	6995.88204487521	63610.5067566782	5579.42102621472	8872.13893445144	6911.04894590637	40055.6678442295	66799.1236890541	5413.20785287218	6682.31408777901	20806.7843180977	4719.53370734964	37279.4881075627	29595.2226053134	7194.70696580428	11362.2123094137	5028.90559763965	68606.1266565765	3990.32722454642	24476.9619080485	37691.6209100308	5516.25254474397	4529.47917513011	24777.9531866232	33536.3203845067	72925.4935240999	43756.6651312794	27768.7479047153	35796.144863674	10862.7889264844	73668.3254125363	57429.9848117086	19845.0559380093	78683.1677742281	28260.4210490043	21818.2062456929	12323.4044465505	113439.112345225	4622.36333897706	93846.1383520565	6913.5656446908	7957.77498757972	56256.8214440294	67973.5374879755	58169.8566388941	24799.3981715286	3719.06017504554	40777.5775535632	93764.719512402	47995.1074240497	109457.39122474	4382.18246189432	51906.6248400072	5395.24890997775	44185.4790493865	41206.1052491237	38148.0414021217	19195.7724188752	18142.2584671992	32545.5733315725	94876.0419448552	43636.2337802249	48108.5722361184	25181.8011037121	73625.6383638053	17558.5077525174	13881.3199556429	75881.9967138993	70015.9292584687	34686.3965528695	62053.9988461128	57340.2609735648	8193.25670795996	67937.4610304372	35146.2911934052	39923.5992712477	106991.855519265	15350.1141555635	26079.2880391174	44964.1460312401	110969.647290303	121933.871269902	55797.8263877972	41837.4758089825	27343.0337577049	78333.6641326378	19526.5222565585	9066.72707451946	90921.760957879
L-Glutamic acid	4108355.08156706	2287696.48645996	3724094.18178522	3384924.72778087	6066042.22212925	2041074.61850158	1728730.16975281	3100411.74404954	3751145.66650459	2161282.07582736	3327704.06417168	4436363.93582744		721889.369851868	15076670.4076574	4814153.4120212	3471628.52696546	4073604.57637088	3925126.0063814	5249850.08037904	6291137.14839829	2642294.1835784	2467230.98689459	3423360.53902367	3979426.85726342	9346719.01373851	2918193.29731171	3590182.0417752	2582801.39262274	2773040.00468302	4613222.89530348	3302417.02805232	2443161.92734272	3074488.82028051	2885838.22819643	4679131.0308772	2463368.86267713	3861885.3954417	3503774.02505936	2789070.11541309	4291025.58722113	3851971.7333446	3865735.53888934	3295707.57729069	2862135.60083746	2807646.76351165	3446288.60895411	4389915.45483815	2155364.12184883	1840824.36404809	3664198.99512217	4734023.61359565	4502333.88334472	9361106.90684798	4584577.11288046	2455868.69102626	6971048.89960895	2186529.62541843	3328180.11027879	3519736.9671134	11407073.1771475	2604935.9871509	5177221.59786423	2873264.40668292	3641993.34351309	3141929.60955853	10373098.2680033	2753975.1042514	2655434.23758149	3382922.70397549	2863847.97634779	3339636.94696108	4127829.21470121	5255181.553719	3204194.59192382	5397017.71707913	3231210.48554742	3006847.36191136	4549489.34833628	3687177.28819695	3819263.0046871	4477989.80309637	1381556.15766558	9357902.29383375	5335347.73464334	3846286.57761951	4155458.84065979	4544014.12652766	2322565.44355139	3517631.57379162	6191130.80647628	5138376.45795444	3379609.05854575	7276669.69633144	7328111.00153341	2779564.56483493	5216741.18978658	3318750.80475557	4782826.71152587	3904586.43473892	6579662.4774729	2922141.1888518	3661020.48278372	7433119.44992929	11295279.1583617	5614728.42434871	3847137.90821618	2172640.03345649	5902004.47467481	2039274.86884451	2813389.16114762	3523988.08099889
Pantothenic acid	30849.8221000725	466217.912693091	779530.896748074	30539.6678355151	55046.2636228555	584338.685942345	115204.941156538	166497.225815491	49462.3547119726	54712.9684317266	30849.5929788717	409098.897496743		742130.728625507	564963.46908006	417736.197410199	628554.574252003	483642.768186412	772025.489909588	40145.0591788884	250728.268761654	50124.5160990061	104630.147271539	36716.7348158746	908449.704152805	49303.0642226417	902727.599484663	528007.718706118	499197.851694551	20365.127050301	150836.444687465	915469.131358229	169011.385203382	41285.5796936942	1063507.87072042	53330.4752151302	56490.9110481712	795896.469287593	203860.689985375	66027.3389900235	75781.4756387175	869090.056302163	375584.541977401	27689.6788863403	361438.929523345	808693.475341791	69232.5900608821	83279.5154052794	20569.2258235094	18410.5120216343	51914.0520950288	92384.7759961705	492689.479442508	714595.226343963	445965.899560307	31507.6290635903	38296.6506701819	83836.981327401	346248.432076827	741831.884620187	121860.232344966	2611265.85654715	34343.3984965351	200560.239173413	1000281.68644985	67986.6861378991	132548.262383502	40659.7059006238	67804.6893132679	623090.406999485	16932.8179521444	41039.4555975581	30527.3571469615	40326.9688471053	578876.427833307	114678.39635608	1569181.84275555	42623.4316922627	59268.9730435486	70639.410559495	22178.1691852904	56576.1033861169	100700.042678329	859412.61135731	146850.834996394	76871.8594369182	264693.174273052	108588.908894652	137053.695837772	358604.430668962	19845.883990869	23256.2314386145	26778.2835110701	59841.7648323416	53292.7285907438	110839.323825212	31434.7972903658	95767.2234399979	52135.7881860269	45425.715733282	131510.662483267	35993.7071191521	58268.6277743552	78843.4893557653	732593.301973123	49323.9189762402	38383.9117732477	45409.1431979708	58649.390219574	102312.226268114	426089.029672888	31369.1143654671
L-Alanine	29915.8367929578	66329.3392458584	16081.621975924	34946.6193020637	15379.1662859155	29626.1415912402	34767.8230236641	31058.6192624295	12037.503099832	52107.2957169175	20537.4702793975	13233.0497352707		54107.8932357767	82917.501120777	24402.560198264	30645.2347970719	20582.6459429074	23020.8273123977	36645.5317310026	44071.1527690182	45612.6667589916	36973.2318443665	27426.8062346842	37820.0597789451	21908.0070534634	42804.0435660407	27765.027085549	39632.8445362968	19011.6088695178	22120.4574177424	11659.3317608359	27855.1799156406	28707.3249696937	20191.4355717484	21340.1959657982	18376.3622391263	21719.2567693987	49968.1007614123	13172.0218303597	41448.0616627251	10863.2304826625	22668.030246742	22685.7938422241	24011.8722517756	27222.4377692123	42761.5643288423	30980.8311219687	34747.9487887389	20861.4881965072	21802.1226647053	28262.3979164056	41124.3151229036	0.0	32326.938383822	8748.64339022802	25544.4957400908	19504.3652577377	38369.8929911203	51237.8610133105	68708.686247842	26619.0927097199	37757.9166972901	20395.8954921878	39697.9410109223	66772.6615528395	55232.2618864714	33310.661844478	33014.4028365609	19583.3808381146	30850.9595227431	40874.9480196597	24999.6241627753	43980.955334552	21800.2603858887	55339.139716401	20320.6053510476	23807.5385943683	32678.3370326726	15278.1703039111	23576.9921264786	40560.6524383936	52536.4106842356	11603.6678803265	12349.6448615772	20995.3003379592	41093.0622066821	40839.464197385	18672.2666339183	32227.2324007896	19522.6550246362	17438.4239166084	19311.3313724555	30291.0819226435	15228.2590486637	33827.8486859989	47486.0707581583	41931.3164060292	19112.7325724578	56114.6125817295	30945.1633497848	35672.5126572191	15255.1762058102	45103.3534816654	132896.479732957	37010.9481184684	11068.0866797967	28971.8676237773	33510.0969023377	20879.9390902458	18196.9691815351	50771.0010902399
L-Serine	195481.295375394	333276.945045427	100603.168184739	279523.764607492	85776.3956679628	266796.457311849	651753.739818983	252035.428855247	78518.6341061456	221471.940833407	103771.960553636	191138.066663822		283422.361693195	639360.521594421	532081.33493777	363019.519208721	293325.73221259	448118.487371654	281777.405742785	427532.795678233	425771.021357036	288252.353413914	275467.718406074	922234.581138944	138745.438020703	174400.688766813	452695.865564665	765089.54428659	221225.370848426	295598.839993955	173786.7262014	329347.876852779	409838.598425072	428812.327491701	89145.5167444777	399733.467040861	314133.411832239	749763.051901525	88185.1060753372	307652.951830751	70086.3021839945	182676.081997939	247652.389905117	186156.935123226	339568.656060521	360075.648506558	199491.475854473	222980.315735968	94919.5576612555	254338.840838563	478384.877838	930232.0140627	1174818.28528326	567339.330760814	120833.614064839	162399.140104891	166911.03632613	605905.431341261	1170196.87978596	307892.153676312	291582.458708143	272235.268840785	196441.951414986	105650.223006304	1111682.29788231	343834.093579655	516552.561832563	448100.01630006	339471.628351943	195268.083990632	801000.421684168	116645.551579516	577616.510285944	196330.989153318	557531.954679747	176393.156744311	152473.446338229	233145.76808658	158506.486777146	134861.900304464	654173.576512091	755086.302610258	915555.149871809	269985.452296897	332691.619618051	227599.129520593	688715.484182798	223130.74881572	547279.885034222	216040.782832298	93180.0038547216	70379.4350557998	343085.960713445	152834.151249572	615843.73269696	258614.991516276	365669.338376425	162726.203854242	354784.599344428	598815.218656778	432312.837070226	211307.462243991	567681.011651232	1274681.647413	976738.027028843	127709.342487101	734691.830820775	221340.207272775	153239.382603606	245467.260197022	232218.065767815
L-Proline	14417076.0802165	30786392.0364292	122048336.33707	16908091.3995128	15921928.2207477	14285254.2555988	13319801.1219875	27003525.1011585	22717565.5986872	13391086.5673492	13406200.2374728	14892315.5899709		53102694.3227775	22259357.5640635	55449064.2759294	43633398.8227498	19360819.3033217	45186243.9890518	17178234.8090344	25720478.0264693	21290462.2724559	21300111.3776676	22038464.2458989	14460317.3729259	17203479.2952955	21182647.5015199	80577035.9264678	49080867.7588116	15779622.9726249	19817650.3652778	54527491.8937863	24134931.6276234	31480792.2552411	37286816.2311277	27324742.468153	21395121.0798878	43565133.6709854	31345785.7178294	14772594.1522931	13275217.5429157	41342302.1796512	41812351.4615349	27362608.9168593	69936914.9362503	54599102.2868532	66541297.9007787	27952971.4095882	12486153.1050461	13193049.4887828	18779216.8076187	53098718.9958462	73416065.8743232	6422410.72767067	19140539.4351893	34379107.7953695	16948560.7500501	53441574.152265	37007977.061619	43824164.7839122	25697006.8396592	28161809.7471978	18817815.9388492	18566831.9855058	23359216.3584426	14837057.024909	26186005.1596274	11310957.8439247	22301685.723994	38666560.8759664	12685703.3847123	15811262.9542262	14580460.2014166	12588456.6070502	61419402.2889256	23449078.0413309	14824501.2221481	15881893.9018255	15587220.4293861	27313934.2628847	20871696.9053783	23732365.7478573	17729266.0329122	6900413.81959614	21524557.6944761	32339378.0244238	18838795.6205128	48934291.0668912	39972225.9419426	62563820.7358031	17005010.1709268	16690967.8735789	16461339.4196529	15857510.0756701	16530238.3398971	62313491.0853726	16091505.1743218	27479413.0930823	14571991.6928789	15675495.967069	28708584.6936675	41281778.4096188	47035728.3063182	18985765.343811	12733222.8009697	32767208.8884666	56346819.4541941	22783080.0337712	16813174.6648037	34990935.0394233	16511455.1473719	16521306.2212459
L-Valine	3061461.70054721	17021659.269514	505982.048455522	1789694.51895334	2160281.42850661	2046428.94336249	3196401.70504541	2108924.15587498	1181845.95127301	4148953.7389333	2458323.66726031	2758140.85568491		2421474.959688	7686267.97920313	2348695.92665263	1407749.83731183	3550724.86579205	1900629.97991772	3560269.89769694	5500886.19988458	3183592.50939166	2658056.58276983	2489983.3451443	2825054.30418098	3370473.77836607	4312175.36951674	1828762.0358419	3598401.43300449	1820709.73688661	5056964.86094769	1386225.30957274	1714070.1826751	1395437.74814255	991956.005021833	1670243.94225791	1954085.7630102	1620275.19881559	4206638.06547158	3091511.95347725	4077071.81287503	682533.647148833	1289323.58218797	1473539.01012714	787143.641074013	2359373.64499651	1274263.29104552	2311152.88682523	2585711.01057862	2747059.81688806	1465201.33279272	2048338.2262714	1401004.21430518	33257273.0452024	2062105.86978432	1721459.30554308	10498214.8864025	1006163.02493595	2736470.87923108	2920771.75821962	3191309.33336894	2083487.81946076	5263210.58899694	2602928.1562074	4565929.23878665	4046409.01568536	3248159.08155305	3797082.19710571	2780372.27416743	1083864.9853681	12021942.3677178	3279866.18646623	2507187.01251637	3124842.14231636	1044243.70176604	4471752.15049001	4123943.80237264	2708411.72183357	3131641.60941963	1701518.43888354	1367248.62188526	2982403.01996402	7368018.0674571	28786941.0257315	3338408.48762353	1071228.60128819	1854461.58663241	2512558.35897183	2061259.8672513	791016.26958268	2537099.59240535	1974765.4135151	2465371.28501079	3378353.53072242	2110369.50058678	3022541.22640488	4037457.3598163	2881141.76671836	2939360.26213756	5807263.82458739	4891955.79679389	1195958.80036111	2196005.33391588	3428072.10282193	10722183.9301362	3090843.23935542	854093.502135506	1728882.77567334	5982769.10348382	1424714.99284816	2110583.28445651	3223522.59200952
L-Threonine	923874.928325513	1775329.41227897	617984.480659536	530872.5718514	637921.517652106	1395931.03705655	1437337.06511927	1309221.7012812	887160.632505565	1267403.01636535	968291.676720186	857313.341047439		1560454.43786325	1810641.1037616	1045676.8857286	1105307.32676016	1077074.68380679	992525.147030923	1000186.40405516	1911338.54070942	1254161.58118472	1382129.99156904	1355080.63602229	930567.557230928	1109500.86773465	1262634.78089117	1597393.54122626	1952140.55860026	795536.633916273	1127103.0498634	952953.772039698	1122247.91948974	754280.520699464	1099022.29423688	507299.957797631	676859.44142117	829386.099982365	1655773.14793451	986059.625618002	928081.323646823	722718.769082795	888778.726975452	702802.453298399	868111.429114267	1372989.3542741	1103338.87546518	708781.097332616	1144614.96619171	1003458.27707484	659203.078504068	997959.499854102	1347135.6058339	641073.386415994	879222.24153441	807365.540345886	1156147.04783242	947254.750316571	905242.471174124	1168939.41390693	1184666.03575901	948239.952959151	1399034.79332084	1112603.62330686	1578549.3796477	1447679.73180435	1278057.14044163	1240195.91052948	1171925.505477	1086003.69144662	973339.529901107	1327023.39278544	902898.057534373	1171653.60745971	1801088.71283954	1293955.78372007	1051211.05346766	794545.83444762	827787.364196453	669131.108252029	625919.87565746	1188287.26208451	2257556.61490751	759947.705486272	1122410.48109219	820249.299794203	917309.306368319	1506980.61345756	811575.271597883	1074052.70063732	1032654.61414657	614121.751190649	496543.163527181	950597.380284107	776335.993665195	1539036.99038989	1268830.79319397	892947.565854585	506802.549338155	1706118.80482168	2057270.14150281	938035.213037992	976847.601540503	1847447.18760237	3328690.80933187	1027320.12851255	779540.027788032	869393.230748368	1278720.17923322	744146.687407654	586347.48069909	1084855.3701308
Niacinamide	311425.70734628	102067.612393694	1236392.93534256	141841.619829352	348550.927285158	514059.869982425	151032.213178976	11917.6202553436	483499.142671965	226456.391943494	122843.729720264	197824.651165992		213575.213711616	1569091.44193415	155712.721037431	149347.71695038	320565.758479828	130714.89759019	160780.817161875	28396.7119129004	244946.750440596	269996.636589911	264860.209267074	86607.9197901364	235265.07776692	396688.295168913	751618.593140015	157323.855472092	178330.329017127	15828.4976125823	344030.96573565	15272.9626051003	116653.945134934	220497.18485314	530062.606163167	100337.214334934	166063.366883225	27490.7097146058	328701.102492395	289284.692725982	1876416.46625993	149022.114156626	252455.888812132	488818.505445921	979656.569861223	363898.10574521	1265150.15721331	178864.923033031	166918.901965272	113039.78284775	203570.59538016	140824.940493597	823079.669613897	124890.381390274	221290.379510463	263768.101738438	232508.377066572	124923.819186731	139652.391944779	410724.98272264	237455.095505224	148748.595455072	22716.9287543849	491592.753213545	331320.461367333	431338.638572964	411502.570278378	201676.098105418	1015245.58664404	135509.669693829	240958.80157289	201695.746778111	132415.935229884	188870.444538458	317458.829454393	210047.391150753	387098.891876495	350398.241340988	203725.80179334	131078.293511509	198795.556488361	225963.555231606	1263564.15271235	19586.7537159931	305674.769108641	225891.641430094	470719.969713366	146463.070517535	127226.663027393	180862.812744429	263636.42816082	368732.691952948	125221.726523819	202927.115473063	277146.280009732	147400.376134768	260899.306436094	171389.614381078	311622.090261428	18572.9674734951	196630.678662661	321173.373487813	279304.465810424	299256.55167466	447174.258243691	130215.000816487	133206.270051643	269527.704721228	319387.854085846	163874.313862238	306719.268918141
Nicotinic acid	664168.607181333	3168102.23203533	2787949.00451998	677936.14532037	1074847.7609006	908916.259345418	2376930.17794068	4177731.81257774	592074.902301281	474383.982696421	281448.802185979	1186038.99042454		1325551.5662093	2349345.45493215	603135.858268064	514775.58833967	1866703.44224409	441280.131750961	450570.191880603	3548303.67431144	502797.064854138	281527.812349869	825165.139977871	390640.314205315	918179.062595122	1869188.25241145	1298108.4671187	1416353.32452597	302655.862604763	3332926.40848366	454729.280750552	3641654.00619502	837198.062048338	300371.358659894	1381148.12133285	1161912.7008631	591010.168388719	3413600.97404827	1193694.5964758	1982283.99217138	3067714.89317895	168890.210750327	375931.176628715	1451910.55563212	2780532.1636601	1433671.3106803	1647710.87701532	426977.764980407	192111.315911891	822052.478511312	759597.431797876	498594.999048409	1878099.33538146	442781.034992052	320108.118758472	1115078.57764594	254905.385994516	1857974.73254358	411144.400489453	1705294.72589833	2004664.09125776	553335.133070201	4025097.90540942	790777.62766703	983908.895315458	1205952.37569467	527193.328956075	310102.458872343	3559002.60356503	254137.871974422	447369.318022064	469039.615509607	291775.536494454	350722.147269549	702926.430415223	1372748.66424469	535313.436808654	894390.505984351	874267.848519607	787929.371874428	1058613.25999194	1405409.55497336	1461986.39182911	3510350.77230475	802965.760427609	278155.750961471	677462.519699909	232624.510504483	226942.415295867	439052.220654075	1058153.91341093	1212537.38249851	686233.902949216	506664.816717513	1088344.32396783	766718.065483408	1411658.67173628	679719.736623254	911016.986357349	4079543.99485089	463305.753463994	522041.851373789	1929775.21481166	1421111.79324555	817414.369231679	248778.956326492	1162122.46067091	2006167.77607909	390997.923307933	1072598.08027944	1166468.47018398
L-Isoleucine	279889.335299053	7935726.49185266	545825.378962695	945042.961655232	780547.004843001	922627.819456617	1074402.53333827	1528450.97059306	416118.931042324	418423.086251241	1513331.03572636	869137.171130638		686756.233600185	1370676.09277011	1337172.14506899	1266402.67540107	1357139.44878131	1384918.97505223	1903696.48882114	1165136.94434282	506768.90063502	1251833.32318776	1116254.50620431	1172867.94018572	2016733.81319274	905702.922044583	2668348.25430063	3290844.17099851	947539.254674793	1514671.78324888	315676.849571492	1179020.1949937	1497239.19413596	811132.907819291	498088.417877949	1339489.23190188	1419439.31462589	3029739.47815435	811978.147615953	1225649.40975361	572549.736642518	776502.786093615	582341.365596225	598900.094099136	2347582.3934759	1372303.04635096	851069.227451459	1215066.44642279	255464.488260705	1161458.52629911	1672793.97058337	1378368.73089363	207012.153068075	878483.851561018	550869.280284541	7075675.52639378	401145.541512348	1351946.62439139	3141086.27655717	1652442.13669657	878025.854729827	4171149.4630928	1184080.50726934	265379.226652471	1679492.2136061	2385281.75816569	1167300.99048807	911458.398493766	1186986.87851265	3544028.31484457	2115503.60639654	298397.637086242	1664003.47269051	1136054.42070909	3128692.3157166	1819802.96027604	747786.696849918	398374.196417206	1148553.76352078	893429.376786051	2140746.44066908	1968388.84378849	188168.794968089	1030567.4002579	1001303.67152901	269643.026801982	2960828.45823111	710698.226982525	792634.181673396	1336695.99197471	810229.812746511	585042.353898826	2009155.73283537	1109454.52309417	2015358.09591829	3584202.71534177	1180163.27819229	909073.51245175	3447726.04426046	3113546.84267046	705062.908041797	1434708.97072092	2885370.94420555	1954799.35666382	1463776.71433066	762463.74556853	1392064.80954019	4404205.91246458	622197.486905148	367241.443262067	1523312.03145023
L-Leucine	2730554.69631035	19261713.2690373	998892.861715815	1641011.40105695	1603655.59739103	3608224.7793229	3131892.59439887	6337717.55031542	1486967.50618184	5109987.30223558	2885936.05469826	2940200.11085543		1855519.58835166	8836163.10553757	4569468.1035871	5833618.98733462	4188289.33428697	5574748.42231552	3824452.05983165	13114556.2907069	3588137.86131115	4494974.93836597	4563840.4465718	4787010.85362374	5094200.52337183	3475552.31509309	8465906.85761186	9153347.58554029	1769693.31519962	10371561.7679582	2032140.93634104	4816373.4666371	2140346.21113651	2421747.58844878	1606954.21563265	1580513.39986819	5577910.97576615	7841703.35648976	2263778.88014758	3627420.06436035	1039652.03553243	2410369.82050706	1309828.67168213	1066095.35944397	7036093.35608849	2713565.63456357	3085088.87979985	2756111.4383924	1929995.70705302	1816502.91390632	3260478.54210511	5456786.32070131	1318931.93463213	4010831.2149036	1551616.12878331	17505997.2679763	1833400.64514708	3121844.99453284	6115498.23631068	3781260.35149649	4964210.389894	6693634.62127591	2952755.48582914	1776961.1687833	3246289.17631634	5594167.82829136	3260256.06358857	2569711.24732522	2733500.0869202	11412940.217081	4639337.7683086	2578120.93392536	4189342.86380882	2528114.38188709	7408303.32965815	7054648.30350408	2057683.17806165	3368673.97463099	2430629.90614994	1456788.21324585	4344553.90529256	9968502.45169153	1157794.87815946	8220143.25885052	1804642.3380686	3494669.362372	8372038.82435484	2002596.73254171	3124443.57744688	2652195.1065497	1462675.63270879	1389850.47675822	5598202.82877713	2304911.04106224	5091041.6546638	9404787.86866757	2646091.92847414	1607938.39322411	6273104.11151944	16552899.7773541	2845835.64252895	4051846.46280059	7724138.89630059	7693548.02377495	4254683.05008808	1107780.86135568	2281088.13360012	10976031.9167016	2788987.61737245	2266268.96635112	3101438.29483932
L-Aspartic Acid	579965.540376476	1276834.57078396	612477.29475459	466091.031581266	1005058.8642132	661653.274827483	779320.909465667	929587.093138289	920048.288727338	690798.064903636	761322.917644897	828336.525761822		359043.435788478	447217.295723642	854494.104335906	1111258.48459751	1039527.77545195	688805.217377429	971768.201765695	1218806.07373698	710156.488977672	736739.351256183	615821.399300956	760435.669741884	1954659.7376698	536010.624578417	1114128.06196368	1282400.23495853	771148.328998793	553254.887201038	412218.584126053	874316.834727945	948715.731314185	963523.738032352	647521.834969359	650725.512213325	1202762.84638572	896681.226674618	608045.155994973	1381482.12129061	454350.238889491	1118623.03605285	1107785.17611349	458010.022971917	304606.311097101	1958121.59220591	527487.486710054	594169.183875318	463720.695267809	867933.609154104	1145907.4374699	930715.381407998	1570898.9504055	1210625.79383326	492425.259903157	1327979.30146094	528177.846984808	689361.409021353	550323.55003456	1688896.58805782	642109.21135439	807637.134648214	544970.958700881	696680.183668496	1095803.71548717	1434982.84525233	690048.956354395	734443.749272791	368827.754169552	846429.007445318	1010656.55587088	861621.070596289	912309.211088197	271420.660586165	1798951.99400655	625954.592609511	637805.728990336	768397.578235855	797955.309557442	535298.503300695	1687953.68786875	886589.999325813	1347202.36203054	552881.751997181	822080.655650599	519771.638338291	1453514.43476746	668459.523827729	1213160.57500868	1334918.48690918	420826.77250661	512413.88265812	1103257.2701098	705707.317802773	968274.476717378	1064627.93646547	1544765.75089033	598512.78034476	917199.670890345	1069136.05830151	575725.872773092	958569.090695624	1689467.76257	1940835.6877928	951064.048979147	875043.607640057	741824.63877426	1254822.24499253	410067.831722451	866244.710282364	481365.615752152
L-Glutamine	3124975.50600726	4335321.87858008	547171.752822432	2043721.78411969	1771454.26427527	3670542.01900543	5359723.34001028	3235553.65825539	2214284.54669907	5191532.22656337	2012631.21850405	1413488.08895877		5309416.43647505	5894027.37675744	1720820.35740402	2943970.32212445	2301847.09406418	2074806.58696884	4411529.42999696	3905944.22867883	4583532.71278363	5022086.28037474	2795464.13005243	2289319.03642151	2423525.84167635	2029362.7066742	1979378.35610572	3690118.88350518	3183535.0979939	2365733.77533402	2854240.37730095	2842413.74633187	1061660.22008	2238813.86792341	1581252.12172164	696247.698738738	2238992.76258654	5400479.28799967	2335004.23103788	4785194.16952418	535089.168006037	2913995.40603783	1989845.92152973	1687824.84987286	2755939.02416544	2121663.49265467	1928151.18701727	1289146.96897271	3192489.57284524	755739.02640458	2380836.77323979	2940182.36025341	3842208.77238422	2828547.51090107	3000452.17772532	2091710.14889406	4115162.25538226	4052035.96170503	3391913.35008854	4487310.611545	1010430.7083012	4314340.87904375	2274727.70754603	4866411.6435795	4046020.17537444	2774582.49327244	4583481.83542189	4907294.05445122	1217745.94343146	2814809.89332328	4607026.10758045	2661899.98593064	4731847.64376912	2594471.97911278	3524195.07536314	2186200.79070556	2650241.11580469	2197337.42486797	1275949.13581939	981553.949570609	2562744.29237127	6131800.40287357	3584689.7201903	1807677.56554778	1595869.14455961	3755798.51745883	4911478.1329123	2690426.83294109	2901841.03145967	2521346.48738621	2368072.03654067	1460965.62404458	2366536.80772696	2007359.81734357	4262581.85247963	3448115.68622428	3049044.86297741	2573153.82949376	4836005.50118912	4834274.62140835	3482730.39422694	2121878.39112969	4063216.65975771	11489500.2626384	4540931.45628795	1993521.06009176	1756387.70453029	2897335.4961096	3755052.53522997	2224671.58931255	3523615.9929317
L-Lysine	8928741.69003512	7039952.98119514	8349086.81014818	7158019.39997733	10970890.9086898	11047335.892471	6206629.26650756	10110072.312718	7169050.0113292	8354744.65499438	10733052.2064489	9474281.08431201		7596704.00265616	10792507.4710888	10120788.2242458	6567615.58767064	10165768.3517016	7449655.69409057	8857100.49416717	10451011.1472425	7124447.33150754	7087062.14280449	8678762.07942153	8729426.96995282	12974873.1035337	11470711.4250362	9588120.42553107	9535028.13843947	9006571.91309375	12772473.3256979	7922343.25166135	7783448.37505061	6092256.48039606	7695188.40791785	10582409.0757282	5577929.67943132	7567586.69226065	7771079.20837959	9695876.35889289	9620910.09631155	8810684.04629258	9890193.4853319	9653191.38336071	5570949.42486609	8776605.14171928	9310833.28115798	7648311.15725266	8949321.31142182	7484192.73327397	7088876.36379133	9538323.41470665	6302194.07567438	2520643.0159973	7729221.01205863	7033395.64092404	9836003.24337051	6528366.14937477	6604626.35944467	4937873.65126224	12115123.4885565	15144277.1991046	10267686.255417	9415986.29461181	8967607.83229639	7515972.14806658	12864258.7317253	6990475.44661512	6815216.32156269	7599441.52195719	7481205.91108049	7137298.84794426	9944967.42151654	7572725.46620813	8060503.06848241	8997122.50904832	10658223.686716	7587804.10342744	7828176.21155707	10472267.2406304	7711730.7177928	11428046.3093744	8322117.91536983	2614297.31277052	11756933.822209	11908581.2865599	8028856.06487382	6316917.2251501	8363575.65246357	8369024.98294586	10536553.916272	8458496.33526578	7677461.56769097	10384546.4217288	10670596.1898635	7196531.01885614	9078705.95413994	12390326.988426	8324169.06554577	12126568.982177	12572751.2501738	8937125.87831947	10138975.1701605	11941639.8878904	8679990.64579695	7480649.32474331	12056867.477059	6732488.68750725	12189293.0714803	6879228.21306153	11376053.9497055	9095197.15103665
L-Methionine	358893.933618079	658177.663928995	197114.760398641	255298.671483289	242565.242146338	564332.462851316	441555.437682058	696293.045025097	304892.823336987	264242.856369474	233608.548145041	342704.590049878		307080.898518374	1197546.75979863	393533.328045176	671434.566718886	690859.517435481	469353.052013496	442572.85376963	1461994.77339001	227136.297781357	148877.758413373	576311.020065491	334112.975849729	127122.900183494	593821.71314133	668503.040057962	827338.529498647	247509.770775659	1475413.07021753	368274.506807276	787619.16049048	269892.576002705	392809.770978289	211412.100163845	333145.826055841	455930.083002941	742324.215400471	565765.530346351	299583.710431188	172707.140740851	175445.822444572	150064.233242164	239372.549154605	1089873.13232229	300121.737308853	516751.605249447	166114.099470919	197415.459380452	211362.288634827	183643.699376869	502232.698838052	77028.9600302007	413245.797275298	262443.284643278	354208.885096968	264623.624501343	371094.905945182	445691.453798681	449735.090372218	492964.49800294	415289.651633178	517123.747536452	383293.257311881	260403.001200948	554914.139737895	388342.49088006	289656.443631112	277737.465354941	245642.964976561	425745.967917384	157951.128024143	356764.858003546	307520.609856946	705883.751410953	750480.009391312	300615.785626384	358257.760690716	271654.698490455	124992.966625289	183907.459659142	1115002.16607175	54955.9929232345	1275313.2702591	88180.8715169535	265139.025981143	1084067.11003811	154348.973611845	302199.070165458	244766.843370771	226423.381725878	256895.949543423	529186.290000908	344949.554034678	578809.139231097	372558.214369412	108877.357898088	191646.837338651	105221.193703615	2276674.89684362	152065.221020475	504863.11784902	628824.176109737	822141.963801651	304552.534482081	169045.996048464	340135.400902577	373965.02181394	351893.906949032	161097.584515729	433754.940564701
L-Histidine	1057888.27271522	929033.709911488	585351.546441363	2125533.96878918	4525468.117995	1372458.09680811	1593757.90570619	2108073.90686518	2933341.74873409	1163372.60271581	2033926.72015983	672159.00908077		527305.472576628	809289.259654231	1720011.84421104	1670604.02128958	1515340.65951002	1148154.47090934	5321997.30210937	1310019.9343662	941606.179279076	1046109.41857046	775593.277699405	1448424.9660013	3570063.18342411	578041.863563818	1704796.46718169	941427.799017327	1588659.79081663	937398.456768025	668741.07557626	1469482.01557195	1246193.70437996	642448.67857168	2316102.61555469	1024546.60853901	1510726.84550312	1497185.20650568	704159.710608518	2285500.48391235	630815.78129374	1070038.81325308	2193635.92114808	448646.629305754	497474.483524184	3617492.07633915	2254002.6025628	2193651.07045298	756319.960365401	1448084.78853015	778742.568339899	1153160.71332077	10672120.9794519	1390187.96673524	860444.959111426	1470687.91361005	1030444.30921351	1262135.05750073	1095285.53024539	2438913.00321729	1387882.84674197	3033100.41100714	2180937.71822752	676442.353219579	2479508.60796649	3274419.082784	1837832.23825312	1092978.36770028	713026.287825621	890392.01063784	1057207.85062152	815972.799562368	1153987.96646739	437285.903205094	4293749.97462522	700412.756118725	944387.492463253	1218964.4166367	1208463.33025644	907349.415965754	1399225.99728665	1469161.1892466	11381189.2410417	592740.56020986	1554722.19345636	909643.603261943	1548295.39584059	1195881.4306336	1307679.29662073	1498989.03551748	2761240.46835575	2283808.69348441	1512668.31071538	3180941.87698502	2074787.13689484	1363518.78188752	1291594.17704219	2460825.34478016	2450148.99370532	1136767.90447393	963102.174716621	1287748.52862478	2313838.5337266	1810763.67125376	1629015.34611861	815474.126088151	1204375.59771752	2295184.62508437	867454.16350267	759793.847812488	3150232.79623692
L-Phenylalanine	1066576.88612189	21991965.2249056	817680.78941111	528435.039831676	716413.966982705	10365258.1538847	1480611.43267531	5563986.58097753	1150153.2691087	2019043.54963826	681458.30512943	11510642.7539203		765026.569402659	6741073.34729636	2050994.73216014	2574471.47946549	1977082.75428962	2216250.80663464	1421902.03392616	8482253.88565525	1623982.28049608	2197242.94048869	1975836.27677789	1873840.00900255	14245490.2242886	4774521.23986172	7310025.60177609	26192959.1192468	1049883.76600229	18075241.508035	727284.939808773	3475704.22687324	1883922.09856307	9746621.61352549	1079236.07884678	1005837.47107135	2637413.5609966	2875225.64917164	3153075.02253599	1871747.41076342	480322.134387448	2274354.51741646	716831.671609858	555864.684311891	2940726.32576084	1112565.44215972	1684092.9102333	646761.506881542	1225876.35769487	1332456.80413608	1433684.91587871	2356668.23183426	1338805.67283221	21447506.6376155	955339.135261436	13487627.1145673	767847.278939821	2686876.16699784	2673541.36237018	5060518.38129713	1816818.5980672	1339175.85071551	1058103.50467417	9801878.95347431	835750.543788883	4139621.78482747	1691630.75364624	1862486.10297632	1753630.50505713	7132264.91681859	3600457.7042684	2071580.82348585	6492338.74270179	798089.409740587	4234876.1577415	4068227.77902756	753097.476398554	2101855.67446477	1361944.27807352	985032.66670117	1623591.13827129	3950385.79224954	1260059.08268591	12038492.0312555	819601.662471136	1553725.38061354	3969178.65151784	1419908.27490389	11604854.4804119	13417966.5249991	608551.385326433	525748.264666951	2377164.47200524	2386788.84815697	2325329.26244287	7882331.11051679	1233173.65460769	577127.705671266	968064.798713094	13124521.903876	1415680.0819498	1744189.10133197	13175244.2082315	3482310.87767105	1909468.07877767	606643.188351384	1537512.0705063	16225612.8451383	1151120.46181054	1647480.63786534	926076.792379052
Pyridoxamine	646390.725258399	1840993.36020706	958096.893391971	345111.695915348	249579.961647101	449322.575569912	577466.304045373	529966.656719258	288210.104716203	813584.137124795	338494.39315047	561574.717660536		236149.455867658	892083.100625539	282893.809678226	460646.478374191	975580.288091742	301483.279606043	496696.046154849	2493369.60594295	546015.934967975	101255.115137699	346865.31890438	223472.210147743	57918.3555456089	705743.441668987	593168.560979048	608684.41841627	169487.489981909	1814043.9344154	1386315.86294812	396663.311997812	479144.767910037	610426.426107682	122901.502965179	549059.585129004	452964.848846362	228042.851556432	663651.74991081	803118.893497375	504472.567059328	163428.833000073	110576.745843341	506392.900647314	785521.862989626	581684.80972335	285331.203553211	344975.118337439	629392.895871739	200071.38641957	31639.6249885922	469061.52122348	324514.473647928	776375.191798683	309898.629282619	254202.685310238	1180066.73992195	766505.854904999	255655.26580998	571155.512062168	533885.876023359	653165.194284023	245042.124157182	1051604.55788754	475000.774041387	180298.493944078	346959.037399082	315276.875392808	544826.602693063	471953.98510528	445729.157140608	510898.056802616	614285.392594236	369681.30355802	495066.003216915	449828.090940594	899374.541763319	487375.06708566	563641.458207442	105606.386167676	140385.460874228	567250.678896845	192135.456094815	1654100.43723601	682037.752338926	672857.344649173	1085596.8140436	296269.478968665	283304.078698848	321736.32077964	412759.381267434	461392.293397824	227346.762436848	440031.642903437	985026.527963132	302901.709624092	118307.37503597	404782.078017688	237162.375746882	1680234.14857332	172703.590015863	448234.519184923	398633.185919735	964557.831810471	144281.443266327	178799.540444723	761257.977551184	644554.978924829	238518.020744862	193925.413510317	652172.438660954
Pyridoxine	3974828.69197762	4963150.73574374	5335448.86312373	3317341.89509854	2087486.42708662	3913287.86434233	3921936.64188836	2114813.17789823	3482832.06339407	4314141.60088896	3447622.42076495	2178192.03967861		6660182.28762723	4878114.9814686	2401290.2386885	3521303.53212938	2525492.14921768	2202046.78336295	3399821.27881595	2975084.49450213	4414658.25161292	3010441.99159106	4557693.29833556	2403713.66362705	1824748.209968	4015247.90988377	2657681.17558808	4205986.69409818	3880862.1873147	3821335.53433362	7386129.64650482	2109059.49778394	3649583.5877486	5197549.9306895	2625112.27570241	3269727.76363976	2791709.53607913	2950825.81610518	4385307.3126346	3288242.81473194	2634174.327525	2872230.20370762	3173086.27042569	5788857.02998048	4115487.60738728	3399847.86114226	2727548.44742327	3989113.87613998	4191815.30690914	3534622.98642538	1321875.13355728	2450589.16984614	2749033.00090765	3769392.54355532	3808113.80210156	2737750.5766676	4714177.35559005	4376536.6101539	2268682.72990764	2011634.88211474	2391049.71557324	3251342.9846429	2971013.75240266	4980494.47792807	2306119.39485081	1932112.53599355	3256351.91185973	2514676.10636781	3301746.64914828	3145205.08357929	3267884.64600519	3352053.16086574	3339384.24707639	4426404.85505233	2713607.58740909	3294902.37666315	3972411.65871417	3362459.17728703	2779071.04253652	3603355.0073258	2071732.21951493	4957042.42982681	2283718.27736102	3356753.98720308	2853758.34907422	4119306.89416245	2807323.00466627	2458691.60837925	3459365.53419021	2923985.30450849	3099145.49998754	2729609.64622016	2735859.07873496	2922232.45211368	3336337.76200838	2120192.06799712	2559067.94717525	3266604.9668769	2737868.15116087	2664884.26938825	2847558.88387865	2826920.36279179	2432949.09442918	4251138.00379341	2551287.84566051	2798480.9348707	4007835.94053623	2531327.98806651	3545367.0630187	2712981.48897422	3930989.76303167
L-Arginine	6445564.43508063	5267436.90018537	4477350.14516451	4422529.02984121	8281958.35750022	7611270.03106938	5110216.74401275	4354636.68734505	4035548.7897233	7898685.27792605	6914113.68114786	5680846.5793111		4013268.88164862	7634323.95751545	9259658.6926379	8009678.26641639	7104520.85099242	6612732.79622935	9878629.67545339	9756206.14503782	7303672.96538768	5555579.21070519	5751465.17405771	6753825.66944873	12325874.7636285	7882565.35474656	8905533.92431001	9197593.04964489	5218184.32118835	8342693.93852517	4981799.5932525	4238808.08462958	4600717.05672179	4767501.187372	5550689.5501145	2557303.21387435	7219520.05059528	5946475.82827046	4654466.8294375	7574636.19093601	2876824.2145309	7393321.75796353	5041920.15234666	2771855.43290166	5866269.36629796	7156602.74099851	6362504.52453016	5568490.32857658	5650550.96231286	4382834.9414142	8584222.43990046	7317095.67420964	6658185.95089014	8034442.80758192	4785876.08104247	8727182.25624892	4215411.64628277	3625572.79881171	3743620.94418667	10139930.796488	11619406.217525	8146033.44955926	4798724.25677231	5551596.86484064	6794638.71972089	13496618.3452745	5245183.54978157	4670954.19309638	2226143.07367082	5732182.025824	7165322.35630783	8722564.51356617	9494966.63632845	3794594.4721176	10032871.817692	8460166.56959024	4885399.08654328	8000486.22106428	8594715.39744077	3653772.78659701	9121889.97323241	9935035.26302761	6227694.77830623	4797242.01524642	11306250.1036264	7574712.02856434	9116631.45502499	5073449.9169564	7152918.91657098	10124691.2673049	5262362.99384756	3748090.81706083	10532432.1297785	10495910.6585697	6115570.54488444	7789545.39357294	9212572.45898847	4310493.01149305	9796903.56441032	10578106.6179656	6921887.98645702	8254736.4511971	10983682.0334478	12667652.7005935	4689225.95517544	9331852.12768122	4291712.38622843	11203716.9908897	4001578.67990599	5969634.94017545	5466990.96836613
L-Tyrosine	737906.120485865	2938962.83675836	376374.231336048	407624.366220221	814685.068191438	4331901.21643192	631047.39383887	2317379.06103632	792102.599615176	828704.902526643	632785.722057302	3399992.6266781		265559.604587513	1454378.45637801	1994692.43385917	1546472.7662768	979775.984204332	1522819.76382284	978882.06366507	3080580.60526598	1005025.2432392	931320.661194342	979970.339661157	1699028.73344156	5099280.10167263	3078266.29712778	3629058.29040558	4103839.65416823	723382.138613788	5205200.99642182	462266.471920656	1882659.75781753	676358.324937445	2465049.3907899	881282.863491913	427363.05488429	1588435.76397552	1486118.73107163	2330699.72867868	1110661.51349336	374898.276490196	2283037.82119031	891119.822729777	359246.998160812	1177923.47876821	799052.748349736	974864.39653066	452328.508924273	692634.919840204	463288.425812592	1341896.48590345	1615632.21981295	647789.534250806	5420918.30688281	471502.748025865	4255809.69393704	374557.463944845	672153.312981055	1415201.54134181	3199054.36948259	1906259.5702671	945328.496618071	701756.168687122	4424738.87183937	605079.275620129	2544805.22503206	1013797.14472866	601438.732166651	526227.279512977	1709515.04061512	1915255.03443344	1439298.82546443	2946196.44209949	368581.656932176	2308551.44272849	2121601.98382006	656204.241988148	1208050.32451239	1293202.31571859	341450.402791481	1533389.56479911	1330194.07494476	532863.313399842	3892372.05318958	1534082.74693483	918253.988013204	1783028.20587097	536540.631703852	5251982.40456656	4441167.00326949	428142.431672516	328951.773787001	1910604.4356272	1961502.89105271	1157299.32251682	3189859.33885665	1154861.9086068	392844.86918001	923467.435880421	3761603.58873876	805607.76834545	1125861.83482833	5214644.21535083	1096362.6924642	1470215.37798913	1143189.70431666	519878.358243316	4757633.96134022	397442.551695511	1070405.43006612	573342.874455709
L-Tryptophan	724290.356057351	1782147.95886323	838408.858547822	516201.872562084	753847.02845627	1235323.32636588	781583.663299965	960210.4938505	553500.891693984	943710.799643757	584057.223898694	898179.416243205		434022.43457541	1005799.71543175	1712794.66167003	1378426.9330873	730805.378467265	1606673.24901231	966851.355606281	1949337.13794327	795496.869155635	889525.280889141	747443.240092878	841761.606325392	1470704.7827455	1164654.27761129	2763316.13630342	1367088.02217881	521827.675501919	1337547.7534244	470066.763120062	1008217.58184259	700905.210597447	760897.758845948	541107.197307822	518074.659057941	1130461.24050191	1042825.99973387	800717.607112177	737592.617557651	734133.770958564	978629.013763349	444983.34558818	650422.519583101	1028292.8139725	624959.315670022	726538.080354775	827324.784042501	1045592.63707388	603873.946360258	710300.823327402	1000530.39078409	169438.67518823	791227.789052669	731037.557535761	1431215.60654963	531961.903274303	836231.77662746	1140742.64856998	1002834.32710448	1088099.02812471	920573.975237931	557446.116916545	602887.573190743	824952.992775286	874416.979500298	873599.967817427	946341.778649654	676495.749508391	616716.164661172	1061073.46982657	679165.313314196	1029570.58431557	485479.097576841	1648267.29678674	1472358.49287555	595405.465835309	1102213.26361565	539703.721834996	731815.276706748	677719.530673236	1518710.29238708	185741.677640595	1324227.417589	527840.950359791	1137060.10204287	1458030.17137279	875890.784287388	908265.001409171	1145962.74223713	527565.273119213	483945.584089889	1179691.31079989	660873.92568649	1266711.5071647	1082314.13478378	685302.366041993	387045.586719337	899659.133867964	2319915.71739288	968307.758773341	1151889.72812671	1389787.65261727	1014373.65057131	1200992.40749429	795969.034604715	628647.406451426	993144.959102352	491432.849435242	732086.452498767	1153875.91526452
Thiamine	397258.466691091	6342834.24454076	398817.559582186	333257.008480889	679775.573716377	1493021.98056378	4411537.76236213	6454116.01590208	312300.518043791	865189.656961373	402106.992619301	735940.213081197		1750140.82912629	5537109.03261028	250806.67546802	841287.107053876	783712.072677079	577744.142277456	660915.546479349	5088619.57050951	544642.36988976	407567.725498382	1539648.52850671	705682.586457115	84382.0327563287	551194.119113796	317221.805884352	4577377.6229992	278668.520431184	3528561.49540519	1115781.46463935	7820952.87865307	548102.889271037	635443.616023487	308916.200295837	786082.217834244	623314.550624421	5797994.37542582	885715.152827034	1663451.04091786	996705.196849242	448822.468361863	251141.764754415	1655512.32911804	2234744.50315644	59263.531251337	94751.0799717825	271272.119813972	287922.367262637	332742.463628482	52817.8418404115	1314499.48998977	1147837.91776568	911624.235482515	437365.305516008	323857.374356171	371526.700871821	2424759.56749733	806185.892527081	1128123.68000419	776722.778722778	496498.552120749	2461460.11303506	2024028.23388784	1242454.46197879	486403.015182218	743807.823767373	713251.31386297	1393204.14267031	268766.507210829	856418.334277792	626680.389208536	633621.061267495	803928.29370102	203810.65674581	487264.724025797	440823.171232723	196521.598671951	117566.91780349	269355.477639247	16185.9371933174	3394150.92000427	1742219.7620015	1825432.15136021	26189.6968821212	804103.649336384	512785.702184162	413869.630746006	327232.16347521	245029.177042984	381920.323266041	385192.433851038	568414.410524744	455796.482080954	3107009.98258691	609706.255053388	58423.3345337449	365657.229134487	1018567.30812313	5155233.15281651	610097.197766834	43536.2410848922	1040233.34586091	2558111.32001954	1112766.24904624	190224.203448771	1792615.32924424	792366.579559075	437486.410191464	704475.40236462	550048.153944498
Riboflavin	1796730.5747134	86096.8694946204	201823.358612819	1961506.32741332	796567.288807183	480580.240756059	987606.661907592	1761670.22705866	1691703.00532091	288440.751532371	1911616.29848513	1023408.0867801		1010914.84709336	35783.425705191	2201895.58845087	2148043.11144938	490443.952290997	1179512.84626361	954093.955075701	378186.6938783	341149.124533407	35162.0331034839	283979.834779277	724712.466101955	40105.9366770885	272583.419042216	461589.137842975	16921.5134731386	1117408.98719687	1648428.45285043	1086677.68272933	719204.447551009	1741185.38412742	878652.703613458	279249.973629277	3215209.28132227	2806758.64973506	137982.312075797	1205526.5601399	222255.738640534	373489.867128393	862641.136509557	473694.114317037	781267.399676511	750053.29092032	1801727.28498662	1122286.01327185	641825.723636761	1855641.97603446	1241629.59912616	25635.2190787053	3517898.07396628	439216.439157412	652653.047320673	726707.952196308	300960.705086697	1509583.62291702	706188.317713551	1592152.72423403	90078.2978650873	131424.68021414	2153580.21882443	333898.06043706	63626.2626200639	146030.579954823	42020.6303769484	1964507.0969427	463736.735161082	365890.445615294	1470443.73067835	1507388.99477286	999186.890707633	751294.200168944	929561.557507228	980401.309414324	994545.717550005	2449766.75018403	1885829.49629072	3328424.46250762	487349.429445538	267237.429832104	558675.690513772	269195.911034275	888923.870539146	2983463.31478259	995455.495606191	1518622.38754198	719798.336414446	1608428.4480301	1983197.06144123	2977830.27808862	1621812.1821475	684919.593479009	1454164.74599828	948534.468228413	374246.198690159	73485.5132668478	1822311.4339503	37468.7755028997	788346.722973446	162415.733443214	1946786.13093292	392645.991205423	373480.21248765	24005.83573972	932884.679987542	1381389.80179013	1047163.98324489	2459831.78400707	380061.063822143	2031312.08920037
a-Tocopheryl acetate	4357249.06023359	2617423.75883697	4826150.13047076	6049713.01967574	5287150.41498248	2719206.8586813	5283396.68683611	6887891.00539979	6370224.634559	4278424.22178392	5148739.58556668	2823139.23621548		3436523.70879285	4104319.46568666	2360612.96241754	1415146.3691955	1475966.63389555	2958224.24011826	3906639.99489844	4071083.12291979	5901608.36979782	2615839.85447542	3165710.44862253	2794936.77538633	6120117.697692	3827878.38215591	3442199.23182382	5013186.99690113	7336723.81447351	7398303.62806172	3242000.92959722	6556145.51773299	8531385.09802246	5248222.42207757	3492936.49381311	4430969.37916245	5839304.92434001	2907061.64263126	2369420.44032849	4509840.05037227	6048622.05977884	6948238.22206904	5907063.70426269	5842436.03915851	2958991.05198159	2620471.09414566	3272406.22609591	6054216.32332602	8367237.84225241	5114475.69097605	1530631.52413023	1981559.56645776	649154.763684808	3033016.48180766	5630987.8722256	4429210.27572149	6418991.98160809	4354035.53480055	3346559.36555998	2229467.20171525	1776268.68814504	4846696.82917467	4704358.40229586	8429821.30645755	2404956.27246793	1679950.41152001	4689642.2724789	3547790.02882933	4114064.67855695	6421573.82087101	4636479.73184032	6052026.98130248	3039227.69549012	2827440.70778399	3590690.918867	2604363.30753735	3379849.55806557	3758094.15004103	5530779.69658584	8545157.35959832	3165716.1058806	6293931.26104161	3248935.26515143	6434343.15576767	4783585.32316124	3649640.15117262	3252277.1347855	4010249.82406693	5887486.35539917	7037337.51425875	5397607.46489995	3950892.80741863	2940190.13557687	3654807.11515604	5007303.36270774	4582738.79343228	3914898.5412934	4245761.76665748	6035138.89816531	6444855.24933396	5993396.95171579	6837429.94932361	4951394.99073757	1343374.90653392	3098600.11993974	8404298.83821655	5595531.59325962	6485101.33444551	6880778.1427015	5643244.32749597	5651207.71469884
