genome,D300453,D300465,D300422,D300437,D300523,D300426,D300440,D300485,D300447,D300461,D300456,D300425,D300424,D300450,D300481,D300494,D300423,D300441,D300435,D300457,D300432,D300444,D300482,D300501,classification
D300432:bin_000001,0.0,0.0,0.0,0.0,0.0,0.0,0.0,0.0,0.0,0.0,0.0,0.0,0.0,0.0,0.0,1.4095282182895057,0.0,0.9506145500817982,2.719675225924115,5.865745214193698,119.56992405458168,2.7261146132235683,181.5014826689257,32.53425306863636,d__Bacteria;p__Bacillota_A;c__Clostridia;o__Lachnospirales;f__Anaerotignaceae;g__Fimicola;s__Fimicola sp944379995
D300435:bin_000001,27.46359863076013,41.67892943480752,22.929857490004505,13.905095209624593,34.742438658006655,48.34207112850727,38.81627689003106,28.955381070266647,18.46010796473665,31.296024663287827,32.859989173671444,18.791497325236897,19.83622231842134,32.56112593817051,35.70985518017824,72.61775596449782,88.24915168880513,66.72051023590869,69.955386569853,48.62655687397227,0.0,0.0,0.0,0.0,d__Bacteria;p__Bacillota_A;c__Clostridia;o__Lachnospirales;f__Anaerotignaceae;g__Anaerotignum;s__Anaerotignum merdipullorum
D300444:bin_000010,25.252547360837863,33.03570870223737,11.95821290145869,15.24453350809765,25.170751657488623,36.04019996172862,25.478798778817666,16.01530792830494,18.974867832401355,25.242229095507117,20.642440213469275,11.405669792996836,16.867971854273573,17.58330904893109,36.760274178197065,47.35675746323258,37.60806037873662,44.72362995323637,41.55568799066478,32.69332989808055,76.96666137204163,60.34402972660974,38.637166641861135,33.80685833209306,d__Bacteria;p__Bacillota_A;c__Clostridia;o__Lachnospirales;f__Lachnospiraceae;g__Enterocloster;s__Enterocloster excrementigallinarum
D300452:bin_000016,51.8134133511517,46.32658876987568,32.10497003560854,28.70137170614532,96.42710985295297,109.66996553655812,116.92960466261675,105.5867275735512,113.08817032760764,115.62702709384766,145.0561193917206,74.80011268771256,101.87496218260225,103.83658720187692,110.77416848895017,46.41920479690512,40.835209835321095,79.49012063180591,87.45278924860328,63.79279384199387,0.0,0.0,0.0,32.56112104755331,d__Bacteria;p__Bacillota_A;c__Clostridia;o__Lachnospirales;f__Lachnospiraceae;g__Eisenbergiella;s__Eisenbergiella sp904392525
D300458:bin_000001,380.76536799915385,150.89957516638546,348.40361349896745,277.7070948343232,313.2517896513941,198.4033824437021,48.08683673018804,136.42419384817924,150.27811352104607,124.37281331864163,0.0,0.0,0.0,0.0,0.0,0.0,0.0,0.0,0.0,0.0,0.0,0.0,0.0,0.0,d__Bacteria;p__Bacillota_A;c__Clostridia;o__Christensenellales;f__Borkfalkiaceae;g__Coproplasma;s__Coproplasma stercorigallinarum
D300472:bin_000003,11.12949658584182,7.462451065762528,2.44292393643143,1.5850233383492904,7.359129035944031,0.0,0.0,0.0,0.0,0.0,0.0,0.0,0.0,0.0,0.0,0.0,0.0,0.0,0.0,0.0,0.0,0.0,0.0,0.0,d__Bacteria;p__Bacillota_A;c__Clostridia;o__Christensenellales;f__Borkfalkiaceae;g__Borkfalkia;s__Borkfalkia sp904373255
D300474:bin_000012,2.024507504102252,0.0,2.6701167824972387,2.493954884764103,3.234165911201429,0.0,0.0,0.0,3.427933966709147,3.191730556565258,0.0,0.0,0.0,0.0,0.0,0.0,0.0,0.0,0.0,0.0,0.0,0.0,0.0,0.0,d__Bacteria;p__Bacillota_A;c__Clostridia;o__Lachnospirales;f__Lachnospiraceae;g__Mediterraneibacter;s__Mediterraneibacter norwichensis
D300479:bin_000001,2.3802548515133903,1.217930532393451,1.716841834819684,0.7781008315703246,2.0539545027903507,4.659414518061465,1.353084522988793,0.9178114424200235,1.9296128314426364,7.941648487382281,1.1483455349497922,1.3221149514295174,3.3583835891648204,1.5693309079413396,1.8213351772628252,5.521310823800901,2.808345462867664,2.288736292167401,0.9022880412145016,2.67334593397586,8.985500679888933,26.718708247070765,20.285532756436037,6.424602866088397,d__Bacteria;p__Bacillota;c__Bacilli;o__Lactobacillales;f__Lactobacillaceae;g__Lactobacillus;s__Lactobacillus crispatus
D300481:bin_000002,69.41475787303237,38.31437361767372,25.39288060022192,32.2627584098647,32.66726359890492,117.60618536576108,36.391181986835406,46.5897252191218,49.7327869663619,88.87274362664125,51.88382731622474,28.02290145669993,29.87166860635753,17.282086406958214,114.73291236280104,91.23836439662962,120.47574731194092,110.99613236712553,56.8747919944202,108.64881269906684,50.27302532804725,124.62765730305472,137.5151916091481,0.0,d__Bacteria;p__Bacillota_A;c__Clostridia;o__Oscillospirales;f__Ruminococcaceae;g__Merdivicinus;s__Merdivicinus intestinigallinarum
D300482:bin_000009,3.9203455656731543,4.794031312767688,3.860142538946128,3.177137177474686,3.372313681598676,5.259424538795658,5.156058774460009,4.456192968610199,3.885275841366149,7.725275769428253,6.656728246504793,6.596435297407748,4.996941140713222,6.13185137270994,8.450634567178156,14.574842538436569,0.0,14.196718972511032,72.85933053994486,2.349311839089314,2.290187880802504,0.0,85.85037037525504,9.317396291781304,d__Bacteria;p__Bacillota_A;c__Clostridia;o__Lachnospirales;f__Lachnospiraceae;g__Mediterraneibacter;s__Mediterraneibacter sp900761655
D300492:bin_000003,37.278107311959175,44.19174013450866,13.7482759650298,10.423154260903608,8.555948610562782,42.69247438565844,27.92950223834254,30.136010638121405,25.50425666609262,51.567458061426166,34.449272429344354,10.276123069480455,8.689769614941145,34.45800382009656,89.62048761273523,54.19234937144543,21.913257327506777,39.91575640535731,28.820420777633647,28.074497613269063,118.40648047139256,44.606141892488985,70.1569961361711,41.621996831364726,d__Bacteria;p__Bacillota_A;c__Clostridia;o__Lachnospirales;f__Lachnospiraceae;g__Lachnoclostridium_A;s__Lachnoclostridium_A stercorigallinarum
D300506:bin_000004,44.27402978669449,66.31998751572725,38.62029279520916,32.466034000136546,4.262189234265427,117.36572091798418,100.80636697909858,73.77625842444576,64.00780267046396,92.12930975626408,78.70973090540237,65.83748988091173,105.5389987223127,62.90470013362073,141.3208360561402,139.33068692760096,155.37974621814314,129.33055038086783,153.5780315813087,122.09027689726808,140.70304011547952,29.49889299612792,173.65560963239668,111.8536609154483,d__Bacteria;p__Bacillota_A;c__Clostridia;o__Oscillospirales;f__Butyricicoccaceae;g__Agathobaculum;s__Agathobaculum stercoravium
GPB:bin_000001,17.278377737759033,28.69812457905645,12.663535665661705,13.169788032340028,15.335678091279352,15.30807286623173,25.27587158800864,22.097151603271005,19.214284475457365,20.613840479377014,16.03072273658834,12.718637718276394,14.440061974452885,12.222791509731204,31.313900314786284,27.219655209293855,13.762144131071343,28.44649789419828,26.28469080702647,11.80361845243085,4.80226131597432,4.36570852929189,4.496363625852366,0.0,d__Bacteria;p__Bacillota_A;c__Clostridia;o__Lachnospirales;f__Lachnospiraceae;g__Enterocloster;s__Enterocloster excrementipullorum
GPB:bin_000002,0.0,0.0,0.0,0.0,0.0,0.0,0.0,0.0,0.0,0.0,0.0,0.0,0.0,0.5826729357011301,0.0,1.25658277470347,1.074738459456298,1.55181422031463,0.9078052206865548,1.12678952589334,12.63341938130442,14.10638980937428,15.928019761831944,5.757603337563165,d__Bacteria;p__Pseudomonadota;c__Gammaproteobacteria;o__Enterobacterales;f__Enterobacteriaceae;g__Proteus;s__Proteus mirabilis
GPB:bin_000004,17.513770441702924,18.0029054939542,5.875082432809674,16.43065233878881,20.99387437473216,30.55068073395466,25.8744413319586,11.741108538062871,19.716325321958667,19.17733378604597,28.13516210981933,6.046172332265765,32.61197557716972,15.626973291302845,82.94377638900256,41.87095013324628,34.30420173140799,32.19094970999523,31.953011042184123,25.1358838150978,0.0,0.0,11.974892498902191,0.0,d__Bacteria;p__Bacillota_A;c__Clostridia;o__Oscillospirales;f__Acutalibacteraceae;g__Acutalibacter;s__Acutalibacter stercoravium
GPB:bin_000005,8.905087627813176,9.805113014337406,3.3278277508824368,0.0,0.0,7.6621115651346,0.0,48.282112070206814,23.60059554216179,6.12486448336651,0.0,4.932329184800162,0.0,2.920347454236692,6.642929011214819,0.0,0.0,0.0,0.0,0.0,0.0,0.0,0.0,0.0,d__Bacteria;p__Bacillota_A;c__Clostridia;o__Lachnospirales;f__Lachnospiraceae;g__Blautia;s__
GPB:bin_000009,0.0,0.0,0.0,0.0,0.0,1.7869597153051031,1.5423776855714666,0.9107247399506154,0.942863581274189,0.0,1.2423196005647568,0.0,0.9216192624331828,0.9642512490952292,0.9315676816475272,3.3607881670959814,11.886554763993107,3.182834743282046,2.0586060324691178,3.730829224155183,11.549197274381608,4.285159729945812,2.758923139526149,5.357266751618458,d__Bacteria;p__Pseudomonadota;c__Gammaproteobacteria;o__Enterobacterales;f__Enterobacteriaceae;g__Klebsiella;s__Klebsiella pneumoniae
GPB:bin_000010,6.395242204010168,4.629252050116695,3.7351484321673096,28.4219506030756,19.23974090785615,27.957692373143608,11.489099133565317,6.290112862776587,19.551378814168764,11.654072785051463,21.38134155880089,63.09916003673224,5.142545428417822,22.88611555277676,18.83513790662775,37.73402780885368,67.03016544005264,35.63572683262564,22.815777216555727,55.47126370132175,56.54675955192715,93.7160953147483,74.93834365823636,101.51772608008108,d__Bacteria;p__Pseudomonadota;c__Gammaproteobacteria;o__Enterobacterales;f__Enterobacteriaceae;g__Escherichia;s__Escherichia coli
GPB:bin_000015,12.878400674629892,19.82244789410481,7.714088064944094,13.80835443235245,14.28926199657086,13.216235099975153,7.243396918509059,11.248189399687332,4.931889105113952,14.613286941946216,6.628723545177778,4.859551672418933,3.580291664297747,5.248121867434187,45.649898369731005,25.4242050025238,22.61650828814108,42.12956322505181,26.73398439427753,4.129380830248446,0.0,0.0,18.953532903647343,0.0,d__Bacteria;p__Bacillota_A;c__Clostridia;o__Oscillospirales;f__Oscillospiraceae;g__Lawsonibacter;s__Lawsonibacter pullicola
GPB:bin_000017,0.0,0.0,0.0,0.0,0.0,0.0,0.0,0.0,0.0,0.0,0.0,0.0,0.0,0.0,0.0,0.8133061276987508,2.8594968499530653,0.8599729673622644,3.267355720629648,1.1469973012491876,9.87052314246516,2.5112090674416927,4.960308506029316,10.598111212903458,d__Bacteria;p__Bacillota;c__Bacilli;o__Erysipelotrichales;f__Coprobacillaceae;g__Thomasclavelia;s__Thomasclavelia ramosa
GPB:bin_000021,49.90426077231108,13.657436254154062,9.485340440846183,6.542159632135358,32.580373081644844,50.08111152929448,49.07584963856088,31.425616741118304,23.37514050908785,41.63644079847144,30.65667379322273,26.82999255745217,16.76155313511442,27.337755753221312,40.90808500513382,45.94254014063308,58.11666185877868,43.71603807847289,22.33673087263638,34.142696022929705,55.53123186251722,22.068017541937703,125.82790104770103,45.55366623170714,d__Bacteria;p__Bacillota_A;c__Clostridia;o__Oscillospirales;f__Acutalibacteraceae;g__Anaeromassilibacillus;s__Anaeromassilibacillus stercoravium
GPB:bin_000022,45.30538308913798,28.152836587312528,68.3467851796767,38.88916490638733,90.01240476060735,108.43151097677072,60.73336335691413,43.92351038698366,21.74415101113223,70.95270644951391,14.039776970738227,36.274148414786985,28.202439602919448,16.182322735329848,71.81054212329755,19.624002730970552,76.14788109379859,77.07022472810496,50.927472217503215,64.90202002070666,13.55909249720332,11.313654532225131,48.43125454761088,22.764578799078137,d__Bacteria;p__Bacillota_A;c__Clostridia;o__Oscillospirales;f__Oscillospiraceae;g__Dysosmobacter;s__Dysosmobacter pullicola
GPB:bin_000023,2.868653038211522,1.5327006328170514,0.6888333263942015,1.5781334074072426,2.88028535405623,3.835708476366853,1.5080057983598436,1.1077873905060598,1.0470991197260875,2.097678399520469,0.0,1.4114194381082932,0.6807288440433803,0.0,2.104924760210615,4.998177286028159,1.6864474303546872,6.600719487339051,2.9005465599332827,1.6802498850275889,2.418186839782648,1.5173497897760844,5.867454528292113,2.502568803082373,d__Bacteria;p__Bacillota_A;c__Clostridia;o__Lachnospirales;f__Lachnospiraceae;g__Sellimonas;s__Sellimonas intestinalis
GPB:bin_000026,0.0,0.0,4.263703999114021,2.2877551615793204,0.0,0.0,0.0,6.3257723922882425,2.801201056943706,0.0,2.042482248551716,6.185270482816168,6.840577846498443,3.369029306140646,15.49642166944196,0.0,0.0,0.0,6.40398951213647,0.0,0.0,0.0,0.0,0.0,d__Bacteria;p__Bacillota_A;c__Clostridia;o__UBA1381;f__UBA1381;g__UBA4716;s__UBA4716 sp905215805
GPB:bin_000029,1.6424217268418324,1.442174266565719,5.826393166055218,10.320344204706736,0.0,1.4553202133538474,1.359281768762796,6.746883315115648,0.0,0.0,3.159591794007883,8.287241371755202,8.374835371360824,5.198400333030652,19.758997061637448,3.309948560397105,0.0,3.37928430057477,0.0,0.0,0.0,0.0,0.0,0.0,d__Bacteria;p__Bacillota_A;c__Clostridia;o__Lachnospirales;f__Lachnospiraceae;g__Mediterraneibacter;s__Mediterraneibacter merdigallinarum
GPB:bin_000033,2.277520324735807,3.795838460034727,4.781688764187067,3.4506485516828995,8.30861975782804,2.8805354001126915,7.682318917240665,5.281254671526971,1.680283568874119,3.019775651713947,3.307052999551533,4.5913923162724375,6.307035750836563,4.542837183629819,3.4290014143946275,8.82789232202201,7.186892701493738,6.071159573611766,6.063742626174349,5.293113163069351,6.236143532306842,5.582374113128571,6.291037567701205,6.10613134321493,d__Bacteria;p__Bacillota_A;c__Clostridia;o__Oscillospirales;f__Ruminococcaceae;g__Anaerotruncus;s__Anaerotruncus colihominis
GPB:bin_000034,22.61390652304261,45.94422241353432,21.467628204380425,19.240786494921288,38.38475040381629,36.06466348901939,20.063234092126887,10.06954894673358,10.434091815808443,35.460319460095484,17.474454779963867,12.219399202244109,8.679969856679243,13.370227015912343,15.851140523401902,74.03051039112437,61.386297232118345,120.83377078477622,71.97001688368147,8.132513957617372,0.0,0.0,57.176497853182745,0.0,d__Bacteria;p__Bacillota_A;c__Clostridia;o__Oscillospirales;f__Oscillospiraceae;g__Lawsonibacter;s__Lawsonibacter sp900545895
GPB:bin_000038,8.227548610890606,15.932762969680685,4.547665275479139,11.273730409077286,7.057262765610588,26.60318937937134,30.83441047750853,6.607572820496538,9.47833952771907,16.714192668501102,11.835174869096972,7.6698215567721455,11.702161439193697,2.3063793008643745,21.9194128357379,6.490358365673474,0.0,9.04243496282207,9.6355935419366,0.0,0.0,0.0,0.0,0.0,d__Bacteria;p__Bacillota_A;c__Clostridia;o__Lachnospirales;f__Lachnospiraceae;g__Choladocola;s__
GPB:bin_000039,0.0,0.0,0.0,0.0,0.0,0.0,0.0,0.0,0.0,0.0,0.0,0.0,0.0,0.0,1.8532903428403904,0.0,0.5881088394652235,0.0,2.013002027675999,0.0,2.201417655869159,1.2034956251019666,0.8681562868382606,4.290733532952495,d__Bacteria;p__Bacillota;c__Bacilli;o__Lactobacillales;f__Enterococcaceae;g__Enterococcus_D;s__Enterococcus_D gallinarum
GPB:bin_000049,0.0,0.0,8.96933078072392,2.241220838870722,0.0,0.0,0.0,2.733646517140602,0.0,2.129303353058384,0.0,23.265269587155085,0.0,3.702791144031649,0.0,0.0,0.0,0.0,0.0,0.0,0.0,0.0,0.0,0.0,d__Bacteria;p__Bacillota_A;c__Clostridia;o__Lachnospirales;f__Lachnospiraceae;g__Mediterraneibacter;s__Mediterraneibacter pullicola
GPB:bin_000051,0.0,0.0,0.0,0.0,0.0,0.0,0.6373527641610202,0.8623350842032276,0.0,0.6981316666824974,0.7583277134525698,0.817422810469989,1.1287649243453235,0.0,0.0,0.0,2.3340782373751288,1.8727479101383224,1.642584650083629,1.560531512635881,0.0,0.0,0.0,0.0,d__Bacteria;p__Pseudomonadota;c__Gammaproteobacteria;o__Enterobacterales;f__Enterobacteriaceae;g__Salmonella;s__Salmonella enterica
GPB:bin_000054,34.62097001527426,25.878882040352828,37.6240783465417,29.496721732628533,38.60257293257735,68.86074585955681,70.46484271913761,48.98406948987181,48.53708755507929,22.16691523986981,53.37284431053924,59.80583800491016,12.859352383503802,38.96416197509736,37.43454960934689,20.887783693331308,0.0,14.723339024526778,70.36876634385472,10.750282893631995,14.474395127432086,0.0,14.73567188737035,18.50607921421545,d__Bacteria;p__Bacillota_A;c__Clostridia;o__Lachnospirales;f__Lachnospiraceae;g__Merdisoma;s__Merdisoma faecalis
GPB:bin_000057,8.167787364667506,12.87297797565301,18.35710447617096,16.894017870497063,28.3991989060236,0.0,0.0,8.260257809340741,10.68084085191513,0.0,0.0,0.0,0.0,0.0,0.0,0.0,0.0,0.0,0.0,0.0,0.0,0.0,0.0,0.0,d__Bacteria;p__Bacillota_A;c__Clostridia;o__Lachnospirales;f__Lachnospiraceae;g__Eisenbergiella;s__Eisenbergiella merdavium
GPB:bin_000060,4.253071317088012,7.870110833846725,2.919232576258679,2.831822854112333,3.714072713122132,4.932345715536826,2.867921388402579,5.963066030480779,3.52504918898066,3.995674899709951,0.0,0.0,0.0,0.0,0.0,0.0,0.0,0.0,0.0,0.0,0.0,0.0,0.0,0.0,d__Bacteria;p__Bacillota_A;c__Clostridia;o__Oscillospirales;f__Acutalibacteraceae;g__Acutalibacter;s__Acutalibacter sp900755895
GPB:bin_000074,0.0,0.0,0.0,5.484448141976722,28.12436376585146,14.0368722389933,12.563483692844716,10.609970402886416,9.807367262095337,16.292224989161564,0.0,0.0,0.0,9.42560681268548,0.0,0.0,0.0,0.0,0.0,0.0,0.0,0.0,0.0,0.0,d__Bacteria;p__Bacillota_A;c__Clostridia;o__Oscillospirales;f__Butyricicoccaceae;g__Agathobaculum;s__Agathobaculum sp900557315
GPB:bin_000080,1.65049102347706,1.2669294072991286,1.1977278050119928,0.9781603579302716,1.8496664593815368,2.2290386277185985,2.7058280771746768,2.203851465398189,1.46378298054481,1.6179344709787358,0.0,0.0,0.0,0.0,0.0,0.0,0.0,0.0,0.0,0.0,0.0,0.0,0.0,0.0,d__Bacteria;p__Bacillota_A;c__Clostridia;o__Oscillospirales;f__Oscillospiraceae;g__Lawsonibacter;s__Lawsonibacter asaccharolyticus
GPB:bin_000086,2.471554886811273,3.600337514351276,3.7846332605331066,1.7232136407439456,2.546850096597345,3.115506448276233,2.970679593445828,4.788922889651558,2.999174657528983,2.251386713676862,3.88224499299919,5.22902869333071,1.7367234364985806,3.460951464637072,2.5256862868656813,2.871869039513463,0.0,3.524811761975535,2.465514670961931,0.0,0.0,0.0,0.0,0.0,d__Bacteria;p__Bacillota_A;c__Clostridia;o__Oscillospirales;f__Acutalibacteraceae;g__;s__
GPB:bin_000087,7.496216100012577,4.385440897859884,5.730508659144545,3.496593716207641,3.364273287199627,12.591882152232229,2.664051304028028,5.872747844393989,4.056771302744921,4.667851102163752,7.38799613829757,11.394540547734824,3.351315592875716,4.503495200869587,3.474814659949863,5.685473285061115,3.374023213547586,11.729963338588632,6.216443300027885,4.468378583027587,0.0,3.339961782539781,3.795338212704843,0.7824421412920495,d__Bacteria;p__Actinomycetota;c__Coriobacteriia;o__Coriobacteriales;f__Eggerthellaceae;g__Rubneribacter;s__Rubneribacter badeniensis
GPB:bin_000097,1.3347566008007583,1.6223032378198088,0.0,0.0,1.5963161017931804,0.0,0.0,0.0,0.0,0.9491443343268922,0.0,0.0,0.0,0.0,0.0,0.0,0.0,1.4831083615826914,0.0,0.0,0.0,0.0,0.0,0.0,d__Bacteria;p__Bacillota_A;c__Clostridia;o__Oscillospirales;f__Oscillospiraceae;g__Dysosmobacter;s__Dysosmobacter faecalis
GPB:bin_000100,21.392089718409917,77.05439279339514,38.93401183788721,8.579054312202635,135.4607552846645,225.47503775826357,6.196869795180076,30.33189961376132,71.2238191961221,143.70647725848144,0.0,0.0,0.0,0.0,0.0,0.0,0.0,0.0,0.0,0.0,0.0,0.0,0.0,0.0,d__Bacteria;p__Bacillota_A;c__Clostridia;o__Christensenellales;f__Borkfalkiaceae;g__Borkfalkia;s__Borkfalkia sp904374385
GPB:bin_000104,55.6983837813362,129.05489481656542,29.256438009271548,25.86766738753685,70.95602034586277,71.66202009375772,179.26527576981823,62.41677188648513,129.1593986942649,82.7932675278143,32.4014836170454,40.95685834865564,28.675223215071657,92.8303227437479,14.018519157518469,192.9456361532714,137.31436301576784,202.80917549679836,60.47584474554644,13.783209381687737,53.895022897193954,43.27456985457483,31.784671309249084,47.25163252098704,d__Bacteria;p__Bacillota_A;c__Clostridia;o__Lachnospirales;f__Lachnospiraceae;g__Caccovicinus;s__Caccovicinus merdipullorum
GPB:bin_000111,4.217104406965927,0.0,0.0,3.0508466406705645,0.0,0.0,0.0,0.0,0.0,0.0,0.0,5.395508683308671,0.0,0.0,0.0,0.0,0.0,0.0,23.134136995281175,0.0,55.99333869964862,4.733234683106229,11.725141829784976,8.50554546024187,d__Bacteria;p__Bacillota_A;c__Clostridia;o__Oscillospirales;f__Butyricicoccaceae;g__Agathobaculum;s__Agathobaculum intestinigallinarum
GPB:bin_000112,20.584001769149555,23.12844519705643,17.71920868724276,23.71395680513592,13.299898913757888,20.13904830754914,20.48200344961712,23.362372007473983,15.39248515558918,7.2336298941372785,0.0,9.704700201555076,0.0,0.0,0.0,0.0,0.0,0.0,0.0,0.0,0.0,0.0,0.0,0.0,d__Bacteria;p__Bacillota_A;c__Clostridia;o__Oscillospirales;f__Oscillospiraceae;g__Flavonifractor;s__Flavonifractor avicola
GPB:bin_000115,0.0,0.0,0.7373691564279751,0.0,1.187997902346658,1.863647643134892,0.0,0.0,0.6271690114503023,1.2079109401912091,0.6071826290833036,0.6400409751398741,2.405847025329531,0.0,0.8703061033644355,0.0,0.0,1.7092574233824782,0.0,0.0,0.0,0.0,0.0,0.0,d__Bacteria;p__Bacillota;c__Bacilli;o__Erysipelotrichales;f__Erysipelotrichaceae;g__Clostridium_AQ;s__Clostridium_AQ innocuum
GPB:bin_000116,3.094021339711364,0.0,3.555920986509375,27.098429274103413,0.0,4.588101275652027,0.0,4.510326346302064,0.0,0.0,2.9780404572818897,27.970888027507183,0.0,2.197152080069765,2.978370887146361,0.0,0.0,5.9388572578782055,8.687951122814448,0.0,0.0,0.0,0.0,0.0,d__Bacteria;p__Bacillota_A;c__Clostridia;o__Lachnospirales;f__Lachnospiraceae;g__Mediterraneibacter;s__Mediterraneibacter sp019418195
GPB:bin_000123,68.23523924577675,60.950530066779606,7.227819323464856,5.535898450073629,65.47773823854402,72.95889232321416,77.31432627099271,32.843259242530294,55.4653998292077,41.60659836406378,48.71290537474121,71.14697804094536,18.767162463496444,48.07823367738297,15.9802499532822,0.0,0.0,5.467501746739496,32.29539520498913,0.0,0.0,0.0,0.0,15.436804545296935,d__Bacteria;p__Bacillota_A;c__Clostridia;o__Oscillospirales;f__Oscillospiraceae;g__Faecousia;s__Faecousia gallistercoris
GPB:bin_000127,10.22737548501655,18.66722863735011,18.756679253348533,18.24694946511169,31.19350036718767,23.785643236074268,27.17664878225223,30.4922815233356,21.6390339675998,29.52928732709297,18.449741872547516,26.928488830918297,13.59793224017362,22.967691595238616,17.6659571815332,22.485552261218405,11.43534414253458,30.2146300995243,37.47795846394984,26.08310087248175,0.0,0.0,0.0,0.0,d__Bacteria;p__Bacillota_A;c__Clostridia;o__Oscillospirales;f__Acutalibacteraceae;g__Onthovicinus;s__Onthovicinus excrementipullorum
GPB:bin_000130,27.50070201228605,24.233520051820253,18.002671562293383,11.331932664995264,30.415926896747692,0.0,0.0,22.755882079835857,0.0,0.0,0.0,0.0,0.0,0.0,0.0,0.0,0.0,0.0,0.0,0.0,0.0,0.0,0.0,0.0,d__Bacteria;p__Bacillota_A;c__Clostridia;o__Oscillospirales;f__Ruminococcaceae;g__Negativibacillus;s__Negativibacillus faecipullorum
GPB:bin_000135,23.39997181716648,29.07717589029761,7.3954673083875715,5.710795733289809,8.365177404769067,28.801895082048105,39.49169365544636,7.602319342818075,24.96123674244401,27.2831890821411,70.07444490730505,46.75389743915782,31.951718156482094,28.344351049929163,28.010071330087406,300.97309061302883,280.04922269467744,71.14154946751525,74.36809247765063,446.2300478349037,31.01588439534537,0.0,27.703938859382845,6.66926116377073,d__Bacteria;p__Bacillota_A;c__Clostridia;o__Lachnospirales;f__Lachnospiraceae;g__UMGS1370;s__UMGS1370 sp904395885
GPB:bin_000140,17.838798610907048,10.777714235339593,16.9888494322998,11.79466951778824,51.0084787714258,34.61807101733955,31.77964537291751,62.35370483809111,32.18000040687253,39.76983070335452,31.57635980189829,19.72005663062831,37.593251039596986,33.88875200893312,27.27402186713804,22.911067460218792,45.7919208678139,27.840403496994043,40.56504045744528,28.977875929496527,41.472102483655405,43.17139806675272,51.30918770913436,28.315841581920395,d__Bacteria;p__Bacillota_A;c__Clostridia;o__Oscillospirales;f__Oscillospiraceae;g__Flavonifractor;s__Flavonifractor plautii
GPB:bin_000143,66.99623908883277,77.79855092782327,6.640138102331326,5.154515029666281,87.51194634452729,48.64152848598734,79.5220551005274,31.197183696519463,43.72911913583328,38.445195296717685,32.656154642802484,10.654327305093124,12.250752399675038,14.831815142342442,26.45431666080955,106.01411340883595,124.43927508701287,115.27957914904958,33.09156589629527,72.1319920155448,260.8769460763493,173.27709120307946,245.3640728093847,130.65676886352392,d__Bacteria;p__Bacillota_A;c__Clostridia;o__Lachnospirales;f__Lachnospiraceae;g__Blautia;s__Blautia ornithocaccae
GPB:bin_000146,5.721262671725044,5.726750770889615,5.333786729238171,4.073824080595426,9.630645545734966,27.34715778338903,29.27376306584589,20.364802560252063,31.50483679092548,22.83364011090265,35.70601705507523,18.009600945244372,33.552382023354554,33.118539713661114,18.132598932403297,35.79842696012573,75.42056595215561,40.58526004174183,15.819365134536447,42.63619498247844,0.0,19.317463400566137,3.684007625229545,18.315844949361523,d__Bacteria;p__Bacillota_A;c__Clostridia;o__Lachnospirales;f__Lachnospiraceae;g__Clostridium_Q;s__Clostridium_Q saccharolyticum_A
GPB:bin_000147,82.68787191068061,18.388768497504856,121.09395756177038,3.925296168139638,61.125166849654455,147.06984798676086,48.52400874500251,107.52790430432096,63.65257500632188,59.51748840454919,96.8838726404978,152.68063775779672,46.61172765014868,65.86709004599768,84.08275102670555,9.817833787335111,47.099360769765084,36.199316916714416,8.870831959591174,18.55012851824703,0.0,0.0,0.0,0.0,d__Bacteria;p__Bacillota_A;c__Clostridia;o__Lachnospirales;f__Lachnospiraceae;g__Mediterraneibacter;s__Mediterraneibacter faecavium
GPB:bin_000151,4.245437050940592,2.904845703836178,10.197780726153272,7.742229276056516,3.8412779925439695,0.0,0.0,3.3297159569242933,0.0,0.0,0.0,0.0,0.0,0.0,0.0,0.0,0.0,0.0,0.0,0.0,0.0,0.0,0.0,0.0,d__Bacteria;p__Bacillota_A;c__Clostridia;o__Lachnospirales;f__Lachnospiraceae;g__Anaerostipes;s__Anaerostipes excrementavium
GPB:bin_000152,8.650069950098286,0.0,4.651591340452582,2.457633774532836,13.38183817368772,0.0,0.0,0.0,7.479304290004421,0.0,0.0,0.0,0.0,0.0,0.0,0.0,0.0,0.0,0.0,0.0,0.0,0.0,0.0,0.0,d__Bacteria;p__Bacillota_A;c__Clostridia;o__Lachnospirales;f__Lachnospiraceae;g__Ruminococcus_G;s__Ruminococcus_G avistercoris
GPB:bin_000155,10.036826462046127,0.0,3.2295342990395426,5.405686179156403,2.6130877908662686,0.0,0.0,0.0,6.158391414902611,0.0,0.0,0.0,0.0,0.0,0.0,0.0,0.0,0.0,0.0,0.0,0.0,0.0,0.0,0.0,d__Bacteria;p__Bacillota_A;c__Clostridia;o__Oscillospirales;f__Acutalibacteraceae;g__Acutalibacter;s__Acutalibacter sp904391645
GPB:bin_000159,0.0,0.0,2.4919947112777936,1.8456481754513705,0.0,0.0,0.0,2.4245453437020883,1.38387942820231,0.0,0.0,3.911976845842741,0.0,0.0,1.2242492582731406,0.0,0.0,0.0,9.77466722816824,0.0,0.0,0.0,0.0,0.0,d__Bacteria;p__Bacillota_A;c__Clostridia;o__Lachnospirales;f__Lachnospiraceae;g__Anaerobutyricum;s__Anaerobutyricum faecale
GPB:bin_000166,23.801372912750647,26.081660291433987,16.84614704866915,7.595786044268593,34.29170183091568,33.15700403338503,17.358574642283685,24.09550244688372,32.57557801805159,28.563394290787333,28.234174717909653,13.3422294316544,5.465106561374858,13.52887966702653,28.686440619913743,17.9987751881059,0.0,39.19613841744439,21.58694999917798,7.689804742515495,34.674301418808945,38.62683721784115,43.6807789474838,36.90377759936869,d__Bacteria;p__Bacillota_A;c__Clostridia;o__Oscillospirales;f__Acutalibacteraceae;g__UBA1417;s__UBA1417 sp900552925
GPB:bin_000170,0.9123524658039928,1.2284822061038998,2.3191627340842653,2.1921960271772205,0.7291157426345142,2.14442637507358,2.582254990970857,0.8889465335075973,1.251708553242011,0.8187287366184114,0.0,0.0,0.0,0.0,0.0,0.0,0.0,0.0,0.0,0.0,0.0,0.0,0.0,0.0,d__Bacteria;p__Bacillota_A;c__Clostridia;o__Christensenellales;f__Borkfalkiaceae;g__Borkfalkia;s__Borkfalkia ceftriaxoniphila
GPB:bin_000171,6.876792804874423,7.806265519916133,0.0,0.0,5.794202739506162,10.294359011298704,8.33932999647331,0.0,0.0,4.198635105485273,0.0,0.0,0.0,0.0,0.0,0.0,0.0,0.0,0.0,0.0,0.0,0.0,0.0,0.0,d__Bacteria;p__Bacillota_A;c__Clostridia;o__Lachnospirales;f__Lachnospiraceae;g__Anaerobutyricum;s__Anaerobutyricum stercoris
GPB:bin_000175,1.6060999750674014,2.353174773683984,4.238144905197284,16.77642301232316,8.666937978587523,16.051845025973964,41.257429490146144,36.71028183688935,6.559832352222354,4.76513683781851,2.623711256972438,12.802738808999052,10.99002121323502,1.0042281417605698,5.309986641491402,0.0,0.0,0.0,4.072169335859617,0.0,0.0,0.0,0.0,0.0,d__Bacteria;p__Bacillota_A;c__Clostridia;o__Lachnospirales;f__Lachnospiraceae;g__Mediterraneibacter;s__Mediterraneibacter intestinavium
GPB:bin_000181,21.29715263685123,25.020090119062143,8.668692312526106,8.632060651089894,20.796877252514506,29.14068997637979,14.728589329873472,9.156917321859602,10.191992784560735,15.190347871408454,17.79171333414655,5.609338670984102,8.123727040524006,10.989461466523244,21.428597831671787,6.392576081853836,0.0,9.801094883765632,11.928651429965512,0.0,0.0,0.0,0.0,0.0,d__Bacteria;p__Bacillota_A;c__Clostridia;o__Oscillospirales;f__Oscillospiraceae;g__Intestinimonas;s__Intestinimonas pullistercoris
GPB:bin_000184,20.594613127114435,21.00168348935036,10.572796628918802,6.608289097172061,39.41391420797614,51.711913800656696,47.96771041052818,40.03759646364674,50.31057374899453,35.32299113127847,39.23919174929049,16.515206348322593,25.268911416812333,26.16986392893301,46.446636024913886,13.191831340447262,0.0,30.98996206654545,18.5152180697454,4.291183585319504,0.0,0.0,0.0,0.0,d__Bacteria;p__Bacillota_A;c__Clostridia;o__Oscillospirales;f__Acutalibacteraceae;g__Acutalibacter;s__Acutalibacter ornithocaccae
GPB:bin_000208,92.7744299242042,84.58206901088681,55.96775146093253,51.63885344176043,173.4075143925309,196.3617789998004,204.83645853657808,184.43042507399045,198.87371577358596,203.9539932405005,255.47648790100425,132.7500816716791,174.76860936865737,182.7965055734847,193.277168635384,81.56040377581068,73.32087139383093,141.58086468068055,155.0717925830902,112.3011378715127,0.0,0.0,0.0,56.248313302279406,d__Bacteria;p__Bacillota_A;c__Clostridia;o__Lachnospirales;f__Lachnospiraceae;g__Eisenbergiella;s__Eisenbergiella intestinigallinarum
GPB:bin_000210,12.49076278325373,13.400088958413448,6.331584955786866,5.744030197666398,12.9128383256139,14.152859370403355,9.695764234099189,12.056111573529751,9.545646911406056,10.144233617243875,8.338759361467352,11.232141799309415,5.309717853230667,5.675842971331495,11.879638061750796,9.002332899251083,8.960765423892864,9.973671422159883,7.3960737812647155,6.313662747208503,0.0,0.0,0.0,0.0,d__Bacteria;p__Bacillota_A;c__Clostridia;o__Oscillospirales;f__Acutalibacteraceae;g__Gallacutalibacter;s__Gallacutalibacter pullicola
GPB:bin_000215,6.415572846016298,13.601800831433446,3.8785527716829753,3.913253317184912,9.571253018590228,0.0,0.0,7.242288398118361,3.8211619866302495,7.167639727283523,3.746217677495076,2.514551563507788,0.0,0.0,0.0,0.0,0.0,16.96139752166413,0.0,0.0,0.0,0.0,0.0,178.56933974605656,d__Bacteria;p__Bacillota_A;c__Clostridia;o__Oscillospirales;f__Ruminococcaceae;g__Ruthenibacterium;s__Ruthenibacterium lactatiformans
TG2:bin_000003,14.749150594080405,18.866094670979344,1.9294059963596204,2.5422448112116784,6.074559657032871,3.6914255338951594,2.854277350103004,1.9742390848580744,2.3095157450736377,3.933006076574628,1.6414811374795026,2.589308759651468,0.0,0.857081996816347,2.4743115278368144,1.0862848649825994,0.0,0.0,0.0,0.0,4.035841523547807,7.675597462672676,7.235542348438255,0.0,d__Bacteria;p__Bacillota;c__Bacilli;o__Lactobacillales;f__Lactobacillaceae;g__Limosilactobacillus;s__Limosilactobacillus reuteri_E
TG2:bin_000055,0.0,0.0,1.4363471637286411,0.0,0.0,4.076343105773146,1.6265638275537997,0.0,0.0,3.838994979689087,1.873317110904769,2.2555469292689905,1.5614674581558563,0.8847188386356816,0.0,0.922022439930282,0.0,0.7152146559825959,0.0,0.7399428222798665,5.556651454030268,1.3166163414431389,0.7347647019868483,1.3636421277776916,d__Bacteria;p__Bacillota;c__Bacilli;o__Lactobacillales;f__Lactobacillaceae;g__Lactobacillus;s__Lactobacillus gallinarum
TG2:bin_000059,1.2610045719100598,0.7812348838297939,8.584689562625806,9.01708614851686,1.839546241827516,1.306224351272489,0.0,3.5149718351615773,3.2578838141900857,1.0288201975439637,2.1696131820806093,14.819027259818684,0.928784308830184,3.4131571145474124,3.756565294053397,1.0840107978217113,0.0,0.0,12.979106527064772,0.9694633857100504,0.0,0.0,0.0,1.3073946354174797,d__Bacteria;p__Bacillota_A;c__Clostridia;o__Lachnospirales;f__Lachnospiraceae;g__Pullilachnospira;s__Pullilachnospira stercoravium
TG2_07:bin_000029,2.5007573204083986,3.974812163205748,1.5981060589899263,2.553769748996284,1.500454392245039,3.10437368535577,0.0,0.0,4.464937131739618,9.22885582752721,5.704382645202855,9.129924182627285,1.0332090332324997,1.472881529488563,3.0514145891910114,23.69634224909228,5.139325622176048,17.217412822821156,70.4694639878146,3.710923333575107,0.0,0.0,0.0,0.0,d__Bacteria;p__Bacillota_A;c__Clostridia;o__Lachnospirales;f__Lachnospiraceae;g__Mediterraneibacter;s__Mediterraneibacter vanvlietii
TG2_21:bin_000001,12.636609987790717,14.31710035942382,1.2831548387930507,0.7500029497812386,44.3528685639285,0.0,0.0,0.0,0.0,0.0,0.0,0.0,0.0,0.0,0.0,0.0,0.0,0.0,0.0,0.0,0.0,0.0,0.0,0.0,d__Bacteria;p__Bacillota_A;c__Clostridia;o__UBA1381;f__UBA1381;g__Ornithomonoglobus;s__Ornithomonoglobus sp904420525
TG2_28:bin_000031,0.0,0.0,0.0,0.0,0.0,1.7545318584680234,3.1425779651172614,2.0785283917635886,7.060681620619356,6.021125067729374,3.114056914762989,6.912229228684251,3.07280209249656,1.0444941379171448,12.872803911606834,0.0,0.0,0.0,1.5367583714805089,0.0,0.0,0.0,0.0,0.0,d__Bacteria;p__Bacillota_A;c__Clostridia;o__Lachnospirales;f__Lachnospiraceae;g__Anaerostipes;s__Anaerostipes butyraticus
TG3:bin_000068,1.709079219174199,3.745699963199325,0.8704193532000107,0.0,1.526200413610123,3.1486099698420595,2.398073955785675,1.8383275353203112,1.5448722000560735,0.8074820543385826,3.61075122626909,5.645277938169436,2.935367698468681,1.9555351667489416,6.865226153530558,3.897517292245838,8.867179032378777,3.492263908541984,11.43969749767039,6.850916934011231,4.757815490176081,3.100156393177023,3.890479017604218,13.180245366275305,d__Bacteria;p__Bacillota_A;c__Clostridia;o__Lachnospirales;f__Lachnospiraceae;g__An181;s__An181 sp002160325
TG3_07:bin_000004,0.0,0.0,129.8908798226632,21.427112471631396,0.0,0.0,0.0,14.339024647701482,0.0,0.0,0.0,226.1555391354832,0.0,0.0,0.0,0.0,0.0,0.0,146.02235182350768,0.0,0.0,0.0,0.0,0.0,d__Bacteria;p__Bacillota_A;c__Clostridia;o__TANB77;f__CAG-508;g__CAG-269;s__CAG-269 sp904419495
TG3_28:bin_000041,1.0763210506732268,0.0,3.047585019577232,1.8359130977996807,1.856850096776726,2.2189805274530707,0.0,4.614844559850801,1.7402173579100322,0.0,0.0,10.931104756681348,0.0,2.1154334129470302,0.0,0.0,0.0,0.0,4.151101411313034,0.0,0.0,0.0,0.0,0.0,d__Bacteria;p__Bacillota_A;c__Clostridia;o__Lachnospirales;f__Lachnospiraceae;g__Merdimonas;s__Merdimonas faecis
TG5_28:bin_000003,3.420510386430642,1.2336797942747373,2.2564680017802226,2.4660999971609208,3.4678350343148683,2.938146865156943,1.2824439751744534,4.490743202904977,0.0,2.907256885866225,2.7544864445973727,3.718853603890898,1.5329827004119865,1.3229908217774151,1.976358869182837,1.5939829119433655,0.0,10.217925305031049,14.839066206922476,0.0,0.0,0.0,0.0,0.0,d__Bacteria;p__Bacillota;c__Bacilli;o__Erysipelotrichales;f__Coprobacillaceae;g__Thomasclavelia;s__Thomasclavelia spiroformis
Total_removed_abd,6.1490341444959675,12.420528742241078,196.2282326803242,303.77503116764467,10.122749067804296,0.9185381323605702,0.0,2.886347778897589,8.712413060028107,1.943439140503016,0.0,20.171227837327457,0.0,2.0370748562803547,0.0,0.0,0.0,0.0,0.0,0.0,24.258067078429264,7.7024296420779,6.188786771782224,7.339873296159067,Removed_sum
