genome,D300512,D300484,D300495,D300478,D300458,D300427,D300490,D300496,D300467,D300418,D300519,D300504,D300527,D300439,D300475,D300506,D300473,D300486,D300528,D300449,D300492,D300446,D300419
D300418:bin_000001,17.836743650043886,26.104081660000134,83.37696729713976,27.945669433780225,23.79994036970781,35.40540223647096,28.03553362411476,83.03216685761761,49.14273079938092,127.43638318827765,44.42440017956088,34.88573094008161,36.62924698331022,122.7311176324764,92.80039597194026,0.0,0.0,0.0,0.0,0.0,0.0,0.0,0.0
D300418:bin_000013,0.0,0.0,0.7121258365469195,0.0,0.0,0.0,0.0,0.0,0.0,23.22083209733865,0.0,0.0,0.0,0.0,0.0,0.0,0.0,0.0,0.0,0.0,0.0,0.0,0.0
D300428:bin_000008,0.0,0.0,0.0,0.0,0.0,0.0,0.0,0.0,0.0,0.0,0.0,0.0,0.0,0.0,0.0,0.0,0.0,0.0,0.0,0.0,0.0,0.0,0.0
D300430:bin_000010,0.0,0.0,0.0,0.0,0.0,1.218850650393555,8.18138379650702,2.7994679294899947,2.5550580352709966,5.870235839720423,0.0,3.7412707181952256,1.9289388645386067,9.403683175469313,7.696862423386578,4.24943337556221,0.0,2.860545412258014,0.0,14.326218400816233,0.0,0.0,6.289781167342973
D300432:bin_000001,0.0,0.0,0.0,0.0,0.0,0.0,0.0,0.0,0.0,0.0,0.0,0.0,0.0,0.0,0.0,0.0,0.0,0.0,0.0,0.0,0.0,0.0,0.0
D300435:bin_000001,5.595259513695149,3.993937098873921,4.420194323955491,14.853302462321942,17.090416342256546,4.419192613584136,11.80710122302944,7.228224191423317,11.612415866149496,11.70899253077608,8.73008265878288,10.186333842176014,1.7129836591576364,21.44155157472799,7.428035948439022,0.0,9.760489086070884,4.880097232686714,13.430284493602018,43.19422260597114,17.551851278614546,48.52762324376603,6.106308575505
D300442:bin_000001,0.0,0.0,0.0,0.0,1.8941154236669515,0.0,0.0,0.0,0.0,0.0,0.0,0.0,0.0,0.0,0.0,0.0,0.0,0.0,0.0,0.0,0.0,0.0,0.0
D300442:bin_000015,0.0,0.0,0.0,0.0,0.0,0.0,0.0,0.0,0.0,0.0,0.0,0.0,0.0,0.0,0.0,0.0,0.0,0.0,0.0,0.0,0.0,0.0,0.0
D300443:bin_000002,0.0,0.0,0.0,0.0,0.0,0.0,0.0,0.0,0.0,0.0,0.0,0.0,0.0,0.0,0.0,0.0,0.0,0.0,0.0,0.0,0.0,0.0,0.0
D300443:bin_000003,2.591734852680021,0.0,2.416834148064695,0.0,0.0,0.0,0.0,0.0,0.0,0.0,0.0,0.0,0.0,0.0,0.0,0.0,0.0,0.0,0.0,0.0,0.0,0.0,0.0
D300444:bin_000010,7.378919846464211,6.286403152761605,15.828688029436448,17.971322726573472,17.028139472930498,16.509834244884328,11.646976498118324,13.205738081152845,57.86272142059376,16.554437291836813,17.35049146210445,10.673119855719383,12.739821500263272,38.22190336350436,29.04089847702404,21.501107493812167,26.43741252925072,11.840397071863904,18.981574704866343,28.558613375223405,61.98144463218824,33.19428167988864,32.52335992735941
D300452:bin_000016,29.730297705061385,16.885557560193913,26.316484611816204,46.62668811983935,26.38854098690233,29.813642370059423,24.696240901866048,13.637100022056082,47.8102669436581,40.34168059539711,33.11678467863507,44.56265521398629,15.26885973958208,64.8455000712431,52.07964783137962,73.07843702402941,28.51591193442252,36.755094857419465,24.29796270765411,114.51407327694176,41.22812039888327,89.12039823265069,52.093701264353534
D300458:bin_000001,139.46942522692194,109.58458317116676,199.5167607489477,160.86922477364286,134.99573317943342,72.20007229462524,49.52353837006428,122.31642145712694,242.9911182356004,283.8532419107552,256.16149941517347,112.11255882923784,120.4286999393095,256.2204955262566,494.5178800833442,67.16044888390039,126.32453714495792,22.68947301941994,35.381723836585394,0.0,0.0,0.0,0.0
D300462:bin_000001,0.0,0.0,0.0,0.0,0.0,0.0,0.0,0.0,0.0,0.0,0.0,0.0,0.0,0.0,0.0,0.0,0.0,0.0,0.0,0.0,0.0,0.0,0.0
D300472:bin_000003,0.0,0.0,0.0,0.0,0.0,0.0,0.0,0.0,0.0,0.0,0.0,0.0,0.0,0.0,0.0,0.0,0.0,0.0,0.0,0.0,0.0,0.0,0.0
D300474:bin_000012,1.8666038440612744,0.0,1.8478941664261772,0.0,0.0,0.0,0.0,0.0,0.0,0.0,0.0,0.0,0.0,0.0,0.0,0.0,0.0,0.0,0.0,0.0,0.0,0.0,0.0
D300475:bin_000015,0.0,1.5780477877424983,7.387742295533009,1.7990733198536737,1.9683209409336448,1.7457747653266926,0.0,0.0,5.001092328911134,2.2829420802098896,11.480858393115744,3.233952522468775,5.913934619426018,2.684620059619363,34.44645282026146,7.121097458548526,12.528429697356463,3.1572360581068293,0.0,0.0,0.0,0.0,0.0
D300479:bin_000001,0.0,4.883229526487351,5.203505868772426,1.6840187228179582,2.251511021614856,2.9984105890705988,7.064460472992629,3.331584483601058,4.742128760305814,10.600243328670306,5.215244958241279,0.0,1.0379826477722247,9.859522229356063,4.4048616306316095,0.7621140452541899,2.1082477915837936,0.0,0.0,0.0,0.0,0.0,0.0
D300479:bin_000005,0.0,0.0,0.0,0.0,0.0,0.0,0.0,0.0,0.0,0.0,0.0,0.0,0.0,0.0,0.0,0.0,0.0,0.0,0.0,0.0,0.0,0.0,0.0
D300481:bin_000002,0.0,0.0,0.0,0.0,0.0,0.0,0.0,0.0,0.0,0.0,0.0,0.0,0.0,0.0,0.0,0.0,0.0,0.0,0.0,0.0,0.0,0.0,0.0
D300482:bin_000009,0.0,0.0,0.0,0.0,0.0,0.0,0.0,0.0,0.0,0.0,0.0,0.0,0.0,0.0,0.0,0.0,0.0,0.0,0.0,0.0,0.0,0.0,0.0
D300491:bin_000003,0.0,0.0,0.0,0.0,0.0,0.0,0.0,0.0,0.0,0.0,0.0,0.0,0.0,0.0,0.0,0.0,0.0,0.0,0.0,0.0,0.0,0.0,0.0
D300492:bin_000003,1.761478913615933,1.3379386015840764,0.0,3.3531254910464794,3.395379993443163,0.0,8.811104278140187,13.920913203943876,8.920088321259685,4.055844105315955,36.5151285293895,3.7762133994124185,0.0,6.151106443645735,0.0,0.0,12.831615657147994,13.204305797130736,116.37003060963204,48.11647765744176,362.5026427914151,32.6736785213518,83.20581079332602
D300493:bin_000002,0.0,0.0,0.0,0.0,0.0,0.0,0.0,0.0,0.0,0.0,0.0,0.0,0.0,0.0,0.0,0.0,0.0,0.0,0.0,0.0,0.0,0.0,0.0
D300499:bin_000015,0.0,0.0,0.0,0.0,0.0,0.0,0.0,0.0,0.0,0.0,0.0,0.0,0.0,0.0,0.0,0.0,0.0,0.0,0.0,0.0,0.0,0.0,0.0
D300500:bin_000011,0.0,0.0,0.0,0.0,0.0,0.0,0.0,0.0,0.0,0.0,0.0,0.0,0.0,0.0,0.0,0.0,0.0,0.0,0.0,0.0,0.0,0.0,0.0
D300506:bin_000004,65.58433223770835,6.067180992694749,65.18077812131202,24.63195778755279,54.856733216943496,10.089672190307132,40.16311482604921,19.904358766787933,68.5280067102966,57.31211657189673,72.90635820109432,53.70301085546528,50.17741321967443,86.81768085127135,113.48408742892254,139.00157028743087,97.42180261194392,80.81762233124286,109.48166860107872,6.7485882043129255,0.0,17.441309288103852,0.0
D300509:bin_000001,0.6665828585232265,0.0,1.3636077926783725,0.0,0.0,0.0,0.0,0.0,0.0,0.0,0.0,0.0,0.0,0.0,0.0,0.0,0.0,0.0,0.0,0.0,0.0,0.0,0.0
D300511:bin_000002,0.0,0.0,0.0,0.0,0.0,0.0,0.0,0.0,0.0,0.0,0.0,0.0,0.0,0.0,0.0,0.0,0.0,0.0,0.0,0.0,0.0,0.0,0.0
D300511:bin_000016,1.9297316919936929,0.0,0.0,0.0,0.0,0.0,0.0,0.0,0.0,0.0,0.0,0.0,0.0,0.0,0.0,0.0,0.0,0.0,0.0,0.0,0.0,0.0,0.0
D300514:bin_000003,0.0,0.0,0.0,0.0,0.0,0.0,0.0,0.0,0.0,0.0,0.0,0.0,0.0,0.0,0.0,0.0,0.0,0.0,0.0,0.0,0.0,0.0,0.0
D300519:bin_000006,126.97829225744115,56.83162083319358,55.39008189854957,43.89759428314422,21.362804472718736,46.89523394649822,223.84792659316665,90.23056621813132,114.73521273943314,113.1061319048737,111.732602670199,138.26632646999752,11.89690893287002,133.1918451399331,114.40092263664272,61.26516226354708,61.10283608126735,33.13102838505856,41.17920656966428,24.346805827255363,0.0,67.31032749317377,23.478257707058823
D300521:bin_000005,0.0,0.0,0.0,0.0,0.0,0.0,0.0,0.0,0.0,0.0,0.0,0.0,0.0,0.0,0.0,0.0,0.0,0.0,0.0,0.0,0.0,0.0,0.0
D300521:bin_000006,6.806317482900976,0.0,0.0,0.0,0.0,0.0,0.0,0.0,0.0,0.0,0.0,0.0,0.0,0.0,0.0,0.0,0.0,0.0,0.0,0.0,0.0,0.0,0.0
D300526:bin_000001,0.0,0.0,0.0,0.0,0.0,0.0,0.0,0.0,0.0,0.0,0.0,0.0,0.0,0.0,0.0,0.0,0.0,0.0,0.0,0.0,0.0,0.0,0.0
D300526:bin_000014,0.0,0.0,0.0,0.0,0.0,0.0,0.0,0.0,0.0,0.0,0.0,0.0,0.0,0.0,0.0,0.0,0.0,0.0,0.0,0.0,0.0,0.0,0.0
GEXTRA:bin_000001,0.0,0.0,0.0,0.0,0.0,0.0,0.0,0.0,0.0,0.0,0.0,0.0,0.0,0.0,0.0,0.0,0.0,0.0,0.0,0.0,0.0,1.634358690797332,0.0
GEXTRA:bin_000002,0.0,0.0,0.0,0.0,0.0,0.0,0.0,0.0,0.0,0.0,0.0,0.0,0.0,0.0,0.0,0.0,0.0,0.0,0.0,0.0,0.0,0.0,0.0
GEXTRA:bin_000004,0.0,0.0,0.0,0.0,0.0,0.0,0.0,0.0,0.0,0.0,0.0,0.0,0.0,0.0,0.0,0.0,0.0,0.0,0.0,0.0,0.0,0.0,0.0
GEXTRA:bin_000006,0.0,0.0,0.0,0.0,0.0,0.0,0.0,0.0,0.0,0.0,0.0,0.0,0.0,0.0,0.0,0.0,0.0,0.0,0.0,0.0,0.0,0.0,0.0
GPB:bin_000001,6.750236306507607,3.9802832209371903,6.760967657082403,4.990041884786487,5.873951073713178,5.612171158176494,8.655827882144479,10.927224822155868,33.883823916241994,9.74908873851348,15.442232814663434,12.82165145729573,6.453696932206771,23.62335199697065,11.025685866991957,37.67065376688472,11.785588338165454,15.690210117676306,9.199874837042454,8.089920768668215,11.60427548569298,8.419882699473044,6.048976872313549
GPB:bin_000002,0.0,0.0,0.0,0.0,0.0,0.0,0.0,0.0,0.0,0.0,1.3648552878060705,1.1941451009048414,0.9822032302348894,1.2833755005111993,3.090369778959356,1.4577052627051026,1.1328090369778958,0.8734979418255564,0.6204424170159906,13.897870797948489,35.29070173073402,18.20532276906952,18.396570111435707
GPB:bin_000003,0.0,8.186230538204569,0.0,3.4463860373938155,7.005075309917114,0.0,4.989979756531895,0.0,0.0,0.0,0.0,0.0,0.0,0.0,0.0,0.0,0.0,0.0,0.0,0.0,0.0,0.0,0.0
GPB:bin_000004,7.248096381732609,3.68821273842494,6.115308523560301,2.519666391034796,3.051982386532152,4.965808473299239,6.994379163848883,6.588058158428469,9.766222263440788,6.164884914616882,0.0,0.0,0.0,0.0,0.0,0.0,0.0,0.0,0.0,0.0,0.0,0.0,0.0
GPB:bin_000005,0.0,0.0,0.0,0.0,0.0,0.0,0.0,0.0,0.0,0.0,0.0,0.0,0.0,0.0,0.0,0.0,0.0,0.0,0.0,0.0,0.0,0.0,0.0
GPB:bin_000009,0.0,0.0,0.0,0.0,0.0,0.0,0.0,0.0,0.0,0.0,1.4786733988444545,0.0,0.0,0.0,1.0817974127229293,15.148718832825848,0.0,1.5757493281233308,3.660932261490711,0.0,104.39550021817716,0.0,14.643643036574824
GPB:bin_000010,2.756966552104257,2.5864149949231603,1.2178742569882963,1.763406039390729,1.5846924620119411,0.7404748594021116,1.9644942667322989,1.8252987330905943,4.512399652846276,4.233567395281911,11.769065880423568,10.743960262621666,10.721995289348342,14.249910343832193,9.37986294108786,9.401292183305738,9.39602941352576,6.246025348272457,12.69175232586062,62.499267308997695,149.1029341044499,54.1883138778924,38.99230249014097
GPB:bin_000012,9.17791089885868,8.90398502488317,10.207676254532776,15.729637548718864,42.85195392920981,12.066415909152564,20.776580480702854,18.202996028137623,4.74573750742275,89.55944279382788,41.59238473510702,17.229786757310467,2.268309702778495,8.078967014351154,19.19255795774131,2.199244210756884,0.0,0.0,1.292688979965858,0.0,0.0,0.0,0.0
GPB:bin_000014,2.561804323918861,11.825982562294708,11.0155769690068,34.390974384681115,30.41100567846949,32.87418825493086,4.942393457182632,14.31082378218942,14.021496998211912,23.216521957868714,0.0,7.9332387073104496,0.0,29.29429147176158,27.63397709904947,0.0,0.0,0.0,0.0,0.0,0.0,0.0,0.0
GPB:bin_000015,10.645290880750451,20.92560456518031,22.67451676199585,12.820089171434088,11.342215075219098,14.458741978019694,42.09679276631445,12.012429397771031,10.21429657799066,48.77460706473948,40.56597511523052,24.612346107992156,23.05512161433254,19.745002252518105,58.08643897522981,22.888758506105752,15.80345632380388,8.83884639904462,7.993351247658377,25.145158269338825,36.03676871444275,20.457727262626296,14.102985531647665
GPB:bin_000016,0.0,30.57880735462187,3.168573443638643,22.096770802017048,89.55581407375877,7.086634981453181,7.771804517046762,10.056328110747833,10.790940673482226,19.128313748400917,0.0,4.1890178512060405,0.0,9.365617546250542,0.0,0.0,0.0,0.0,0.0,123.69422101942428,0.0,124.08895539386484,173.42789643788564
GPB:bin_000017,3.0449795562856523,0.9866038387248176,0.0,0.8708886923243555,0.0,0.6859136941295401,2.429848838363781,1.1609169660264278,0.0,3.367585768828074,0.9519527583219004,2.888097741714203,0.0,0.9980272718246804,1.1882062784316556,0.8588729330637591,0.0,1.0361053821575563,1.09233405841577,7.901123276048812,0.0,7.441943574445808,12.003278102209546
GPB:bin_000019,3.390704800308736,1.6819381087657626,2.1268247003477927,1.1123160284273474,1.1645297266338308,2.357580377073491,2.738805081137797,1.795474281891586,0.0,5.27592293145322,0.0,0.0,0.0,0.0,0.0,0.0,0.0,0.0,0.0,0.0,0.0,0.0,0.0
GPB:bin_000020,0.0,0.0,0.0,0.0,0.0,0.0,0.0,0.0,0.0,0.0,0.0,0.0,0.0,0.0,0.0,0.0,0.0,0.0,0.0,0.0,0.0,0.0,0.0
GPB:bin_000021,15.40894618733436,15.45570145934834,18.11736185378768,19.376081578611167,12.920887694119132,14.220335828098804,14.511414470183825,14.385085774500531,33.32374894726087,24.984972080243917,37.18936936727671,38.20296527930586,33.05644816254449,52.03838232722915,92.32273411144736,62.9091949523768,58.61547892999328,28.048313467182005,25.85100402198926,0.0,0.0,0.0,0.0
GPB:bin_000022,29.95244841767181,9.799360209246194,36.35961144571555,32.93648249710716,31.1077819839283,13.629610516159843,44.884077992928965,46.198237370062536,33.47770829259849,52.05988742759883,51.49009382101886,25.32999227507156,20.55900755504412,55.187401635376965,64.69555447997769,47.72707603445126,46.131165117941386,21.94620917567641,19.423867785125186,8.310628668138998,5.374314452667985,19.4352868961494,114.8826275654936
GPB:bin_000023,9.088652548764353,3.132668469145918,2.2658225715872105,1.7633446658363017,0.8148341902366731,0.8092087260166915,5.825501913770215,1.473299544528092,2.79366273975363,3.2253932819244304,6.599479978273632,3.045616794012981,2.272878238574984,3.983210055151797,2.982401831676576,3.683153514469044,7.600145181472073,2.1419670118964267,8.07768988563781,4.452078195859595,1.5153475059011756,2.818166880508466,8.03773955499082
GPB:bin_000024,0.0,0.0,0.0,0.0,0.0,0.0,0.0,0.0,0.0,0.0,0.0,0.0,0.0,0.0,0.0,0.0,0.0,0.0,0.0,0.0,0.0,0.0,0.0
GPB:bin_000025,10.216817975812043,7.200779929146388,2.063099800575481,5.717312174203214,4.930164399629603,11.050609194046777,11.636269984097863,2.719836314300658,6.096964421417697,9.078733815597632,11.343320600695634,6.054763210486208,5.633227054678068,11.63230370487498,5.204472270684279,7.426619868097418,2.856196993983419,3.3701474556847626,4.604294898677432,16.94434146808388,23.688285356338454,10.17993157903922,20.20081536124078
GPB:bin_000026,0.0,0.0,0.0,0.0,0.0,0.0,0.0,0.0,0.0,0.0,0.0,0.0,0.0,0.0,1.8702006510587423,0.0,0.0,0.0,0.0,0.0,0.0,0.0,0.0
GPB:bin_000027,12.527882239819514,17.185153822960714,20.19429814758424,28.425202844700987,49.0915114986582,13.682060713155316,0.0,0.0,0.0,0.0,0.0,0.0,0.0,0.0,0.0,0.0,0.0,0.0,0.0,0.0,0.0,0.0,0.0
GPB:bin_000028,0.999337775218288,0.7794739673135518,0.0,0.0,1.1051037931579315,0.705092396329876,0.0,0.0,1.142532012567593,0.0,0.0,0.0,0.0,0.0,0.0,0.0,0.0,0.0,0.0,0.0,0.0,0.0,0.0
GPB:bin_000029,0.0,0.0,0.0,0.0,0.0,0.9253285878088384,2.714044618317173,1.389499188116064,8.815224588763137,2.068752084484618,7.046410061031275,1.793006721473904,0.0,2.516307668712403,13.859388275276126,3.398592409919834,1.4889154107012876,9.524694904484958,0.0,7.289381848368807,1.3670871746682474,14.084512614022833,7.242640704233239
GPB:bin_000031,96.12157172640018,31.768340076854347,6.874474000172263,40.20703768312058,8.145473781211052,1.7517156285380135,48.57284766837442,42.552088900326986,3.484946676199954,21.896095122561203,8.664948876189369,0.0,4.852183022515646,5.90525932375231,6.243079632352712,14.266516264874577,17.695075240675727,3.295975887285825,2.0674711848084506,91.89191047288357,11.297503427106152,36.35321660244842,70.28802738779275
GPB:bin_000032,23.12869298469853,14.261914326406895,46.25891976773911,13.146623817697112,6.663185187890297,10.487090530621188,7.944308512580799,12.423437899426652,35.62794434503159,13.423730051491802,17.694920205967207,19.040097870941825,4.147171602819268,31.902640324288797,115.20092758280686,15.144432677208489,16.651060877186577,28.417923529196948,10.797538618851112,0.0,0.0,0.0,0.0
GPB:bin_000033,3.1302536711015025,9.081534675666662,2.8606993778963465,10.979022687809758,4.44344146361096,2.919733104883686,8.067525844324598,5.045119763577613,5.430456056023826,8.479640766762875,5.45602727596794,6.954466267263088,1.8966255763945583,9.243284500304728,9.048330899348,11.118349182985868,6.432390786886376,8.241177282292469,2.472301438542829,5.263445373319687,4.219121925416556,7.52984027689937,23.971617239515652
GPB:bin_000034,17.07919309845496,5.460405006155428,10.7687713330487,28.24831999203644,16.581664990741583,6.261077242648288,14.26916056762144,15.000851572142158,18.209645396027707,8.708666671332816,24.21206246106682,15.2261099018009,17.22979304852717,32.07215110233875,35.44923735687561,40.75632049286974,40.55295417764184,17.06422253796495,19.29748020191981,69.37769907540263,99.20049430068818,55.821992647705,39.11675248491862
GPB:bin_000035,0.0,12.782617271209729,0.0,8.963898754238933,2.049144094931162,1.6059193262435634,5.524377424537232,3.305788108302492,2.5168741689924707,3.7942505672455216,5.679216587302516,1.6349446650779724,4.951752689668947,2.608544930253269,4.436655653391383,8.710067123119485,5.185935249711303,16.368423320184974,2.902571239089349,0.0,0.0,0.0,0.0
GPB:bin_000038,0.0,0.0,0.0,0.0,0.0,0.0,0.0,0.0,0.0,0.0,0.0,0.0,0.0,0.0,0.0,0.0,0.0,0.0,0.0,0.0,0.0,0.0,0.0
GPB:bin_000039,0.0,0.0,0.0,0.0,0.0,0.0,0.0,0.0,0.0,0.0,0.0,0.0,0.0,0.0,0.0,0.0,0.0,0.0,1.123133783682667,0.0,1.062459903412457,2.07059391402801,1.2453095425891694
GPB:bin_000040,0.8451393013665006,2.812189080361777,0.0,1.2856263549304008,1.2459972756179043,7.984627102542819,79.88238688848958,3.968458812926387,62.43954925903927,0.0,0.0,0.0,0.0,0.0,0.0,0.0,0.0,0.0,0.0,0.0,0.0,0.0,0.0
GPB:bin_000041,0.0,0.0,0.0,0.0,0.0,0.0,0.0,0.0,0.0,0.0,0.0,0.0,0.0,0.0,0.0,0.0,0.0,0.0,0.0,0.0,0.0,0.0,0.0
GPB:bin_000042,3.37781753557962,4.811022880054575,0.0,3.714707393048785,2.3495489421342595,0.0,0.0,0.0,0.0,0.910570163155932,0.0,0.0,0.0,0.0,0.0,0.0,0.0,0.0,0.0,0.0,0.0,0.0,0.0
GPB:bin_000043,1.4049089251621116,8.015531742892035,0.0,19.295137515265143,4.163470303926796,0.0,5.517638762276613,0.0,0.0,0.0,0.0,0.0,0.0,0.0,0.0,0.0,0.0,0.0,0.0,0.0,0.0,0.0,0.0
GPB:bin_000045,7.762682493231731,5.823530042147636,3.623251968563317,2.498911480438202,8.650604867597522,11.156005790090562,6.0725698230227945,13.794291434293706,22.39649339922532,13.010616885964826,0.0,0.0,0.0,0.0,0.0,0.0,0.0,0.0,0.0,0.0,0.0,0.0,0.0
GPB:bin_000049,0.0,25.483521445034143,0.0,11.141869862707797,4.733805648642897,0.0,0.0,0.0,0.0,0.0,0.0,0.0,0.0,0.0,0.0,0.0,0.0,0.0,0.0,0.0,0.0,0.0,0.0
GPB:bin_000051,0.0,0.0,0.0,0.0,0.0,0.0,0.0,0.0,0.0,0.0,1.765405309254627,0.0,1.1712486324477092,0.0,1.2524274862683502,1.1939152450023358,5.069646944842849,1.2157399548049332,0.0,0.0,0.0,0.0,0.0
GPB:bin_000053,21.90048418746686,5.587943306330819,3.3714116522365125,7.844533635740853,10.074514941692373,2.1340920614155614,34.70668147741039,9.02955440045516,3.5230347059073965,7.201224208599262,36.39703178762322,5.989062239957271,13.866881345042591,11.969125791981298,17.794518347647376,32.41008085272728,59.44460678636534,17.249517167174336,1.8292494126662824,89.39998103502327,44.01756582588603,94.68850025738185,54.99581996431488
GPB:bin_000054,12.847431865618528,9.39314317816501,45.39415679704431,13.052929598470977,9.849758990619527,0.0,0.0,9.41900845282174,0.0,0.0,0.0,0.0,0.0,0.0,0.0,0.0,0.0,0.0,0.0,0.0,0.0,0.0,0.0
GPB:bin_000055,2.409372903296932,21.54698036000203,0.0,27.79202255891009,48.35054334485452,0.0,0.0,0.0,0.0,12.90970493062739,0.0,2.574439149424357,0.0,0.0,0.0,0.0,0.0,0.0,0.0,0.0,0.0,0.0,0.0
GPB:bin_000056,0.8104015673419213,32.81654160370835,20.019250305187764,21.64880357859332,3.3507162308670746,8.306015827080184,5.865474086784302,5.190592960620107,10.495471269666467,3.2969882449355903,0.0,0.0,0.0,0.0,0.0,0.0,0.0,0.0,0.0,0.0,0.0,0.0,0.0
GPB:bin_000057,0.0,0.0,0.0,0.0,0.0,0.0,0.0,0.0,0.0,0.0,0.0,0.0,0.0,0.0,0.0,0.0,0.0,0.0,0.0,0.0,0.0,0.0,0.0
GPB:bin_000058,5.295111380279795,2.8153557604054438,0.0,2.487541167550463,0.0,0.0,2.0673172098162063,1.3631359403572276,0.0,1.130977950859501,0.0,0.0,0.0,2.523847641135548,0.0,0.0,0.0,0.0,0.0,0.0,0.0,0.0,0.0
GPB:bin_000059,15.891218589263932,16.33946263841975,10.123680496130769,7.903502469998422,4.560565328331752,12.7285282056777,18.011871393535174,14.2529698630644,71.06127703290974,14.28301098941114,39.57517698596022,40.10445596609606,16.269396524064092,69.16917855054625,55.81578596272036,18.108710374590316,31.26385839093579,6.842616434361557,3.901496146587564,4.531150991506405,0.0,0.0,0.0
GPB:bin_000060,3.309172389622113,5.137926658200251,9.631794950239495,2.5613990262220763,2.8022380250781853,8.364185883497969,5.255761687478305,8.363597548829677,7.920707615319898,8.934324200978486,5.237817480095377,4.825268805907553,6.332204010929577,7.206511351917425,8.334390934939432,0.0,0.0,0.0,0.0,0.0,0.0,0.0,0.0
GPB:bin_000061,1.2671570661325005,2.5336838887704265,1.870352610731156,1.446146218591553,2.587097024935584,4.451304761594643,0.0,2.4635167797078403,5.697611272114982,3.093550193117111,0.0,0.0,0.0,0.0,0.0,0.0,0.0,0.0,0.0,0.0,0.0,0.0,0.0
GPB:bin_000065,8.482103960972236,8.585110522132693,7.117379260348044,16.14863539169097,13.159599479895846,0.0,0.0,0.0,0.0,0.0,0.0,0.0,0.0,0.0,0.0,0.0,0.0,0.0,0.0,0.0,0.0,0.0,0.0
GPB:bin_000067,7.739962651322426,7.156487142635346,8.360171009411763,19.449111342600823,20.505126552689305,12.524817441641607,24.529216709933653,43.51415841008778,14.790327854775573,90.42512960580925,112.26612624130576,36.51119462859056,43.14244972977286,50.87009581765935,58.55996821979688,53.13742769440004,42.63747062889934,10.006036850810856,0.0,0.0,0.0,0.0,0.0
GPB:bin_000069,0.0,0.0,0.0,0.0,0.0,0.0,0.0,0.0,0.0,0.0,0.0,0.0,0.0,0.0,0.0,0.0,0.0,0.0,0.0,0.0,0.0,0.0,0.0
GPB:bin_000070,115.21905892757482,12.322672178030814,6.1051378806955166,57.70515540413197,58.47865084142157,15.05365867905233,74.34098873252162,87.48952130443732,44.10772167489371,34.926604637960786,0.0,3.434935799878705,0.0,31.90271663462403,13.13135139007854,0.0,20.06371868313201,0.0,57.30245862027581,0.0,0.0,0.0,0.0
GPB:bin_000071,8.3731171464002,5.187290764653352,5.223159681221617,13.280968947464205,14.466918066506684,2.671652340261642,6.855883137165276,5.243421915802215,6.413499832823339,15.73730198030278,0.0,0.0,0.0,0.0,0.0,0.0,0.0,0.0,0.0,0.0,0.0,0.0,0.0
GPB:bin_000073,4.701433223647944,7.562066224816836,107.39970478741348,16.95604667452511,5.753189771448851,66.44693934977536,0.0,73.37645419076263,0.9231564160467952,54.33779297051769,0.0,0.0,0.0,0.0,0.0,0.0,0.0,0.0,0.0,0.0,0.0,0.0,0.0
GPB:bin_000074,12.618574085000482,45.10493921294193,17.78230033525298,63.5227351661135,57.46434893136615,54.900050858811305,25.42241955405525,44.4850924600415,37.35791269689825,54.46607429857555,0.0,28.62205356223258,6.824781414896921,32.725369604634615,15.234489459770838,0.0,20.145797920457458,0.0,0.0,0.0,0.0,0.0,0.0
GPB:bin_000075,4.26608167296138,0.0,4.336049106301498,0.0,2.695136109038002,0.0,0.0,0.0,0.0,0.0,0.0,0.0,0.0,0.0,0.0,0.0,0.0,0.0,0.0,0.0,0.0,0.0,0.0
GPB:bin_000076,4.163847981567775,3.282954612315295,10.44285872774678,8.617009411944473,8.081851980758687,16.35071048427913,13.274301700344038,8.478697473297014,25.308845436335385,16.487573440712186,46.80612120341046,24.181098188011152,17.702962158731758,104.75280802507822,121.67454922748756,37.19590034632139,28.358821271995623,22.12894419545043,4.501460837523429,0.0,0.0,0.0,0.0
GPB:bin_000078,3.9480516827189103,2.529015770754555,1.9633848809829864,2.520034800196816,1.701404436514328,1.788958258491912,3.1324859156248457,1.7412867560053324,2.111975251679995,4.52811171476097,3.170282606882062,1.786659811050595,0.6097270295716546,1.63751611041401,2.091544607757175,0.929168660073244,0.7764495967501656,0.0,1.5837154147505843,0.0,0.0,0.0,0.0
GPB:bin_000080,1.4208789966322897,2.2996030624358963,4.403412532405127,1.686984647440298,1.7112632548072653,2.161704610613537,2.086849777504987,2.0512647084951907,2.23625659207094,5.579486444360095,4.216048310895391,3.1882707574521696,2.082407953288161,4.548882275506166,5.009014884149148,0.0,0.0,0.0,0.0,0.0,0.0,0.0,0.0
GPB:bin_000082,5.850087317030511,3.1873790679624383,3.1723138056560662,3.4053641899056597,3.607207959377767,3.8925768225892847,5.945039463471692,3.3600146758201515,6.733403615116368,5.750882052319162,0.0,1.6435996206696764,0.0,2.8138732960197643,0.0,0.0,0.0,0.0,0.0,0.0,0.0,0.0,0.0
GPB:bin_000083,6.257611152847385,3.9089165834799817,24.19952111912676,13.60222357150453,17.77485052124605,2.4863385166356218,0.0,0.0,1.3107477196557271,5.949305862860318,0.0,0.0,0.0,0.0,0.0,0.0,0.0,0.0,0.0,0.0,0.0,0.0,0.0
GPB:bin_000084,0.0,0.0,0.0,0.0,0.0,0.0,0.0,0.0,0.0,0.0,0.0,0.0,0.0,0.0,0.0,0.0,0.0,0.0,0.0,0.0,0.0,0.0,0.0
GPB:bin_000085,81.23743710878492,61.38982460526975,69.78924416544929,83.30190019092919,21.43555565492677,54.701257084266125,45.97760746812415,93.18864955473477,33.76064352234262,129.52768725025769,26.923565031649908,34.20419250624228,17.918481459589493,76.599964793201,44.419564903167135,2.7999797198760645,0.0,8.679956026141207,0.0,0.0,0.0,0.0,0.0
GPB:bin_000086,5.712061527206331,3.0271625279148653,3.0200618161530435,3.2385239741239,2.663227995862529,1.7406887690408968,6.783992352133825,2.5687055340980174,4.275273999867822,4.985529610121742,5.306168243834138,3.825393190386681,2.017247659608477,5.375377129252934,5.654933073486219,0.0,0.0,1.7516164877912328,1.7047241250524483,0.0,0.0,0.0,0.0
GPB:bin_000087,7.127998102351997,5.303833310869578,3.4065651755141504,3.3029036209228635,0.7234360935238823,0.0,12.2094402360467,1.7979117430476552,2.663587021820982,5.443877707503898,5.0126017446318425,3.267069476033612,1.597890526757709,4.508138022940043,2.303261821680178,0.9876970842796012,1.1361829755874788,0.0,1.3812817734342222,0.0,0.0,0.0,0.0
GPB:bin_000088,0.0,0.0,0.0,0.0,0.0,0.0,0.0,0.0,0.0,0.0,0.0,0.0,0.0,0.0,0.0,0.0,0.0,0.0,0.0,0.0,0.0,0.0,0.0
GPB:bin_000089,11.932604152500296,8.956620124521898,10.415763036615424,11.710562633935076,4.340190460402697,13.391475472630372,18.864476012595432,7.697187836220793,91.67137090771266,15.715668965206456,40.83210144583491,54.72092215731734,16.24144082956659,53.39839000284066,59.94556693514706,38.870875523971314,20.72273840342552,26.50653068023527,16.606188836483938,0.0,0.0,0.0,0.0
GPB:bin_000092,25.158109373245875,28.617596085994258,19.01387062370696,12.057759851169951,16.911814086731994,7.160554123297997,6.4984343175147945,6.5620339037416,12.758219833047328,20.418474251439385,33.686580838131285,12.460669995830193,18.186549765047392,54.07284182396998,60.41024740188925,60.56379604830561,28.01900068962199,66.29106658861643,6.724904475325967,0.0,0.0,0.0,0.0
GPB:bin_000093,7.7431159886131535,3.1029501734863203,5.2411766177890575,6.115123123081663,3.676952163336874,7.282628673694711,6.921633886481874,4.8640455749986415,14.420419352806716,4.543779732345254,7.500338688786856,9.755962864176736,3.962486225936917,17.72524530128633,17.47560793558614,9.416583756226911,0.0,0.0,0.0,0.0,0.0,0.0,0.0
GPB:bin_000094,0.0,0.0,0.0,0.0,0.0,0.0,0.0,0.0,0.0,0.0,0.0,0.0,0.0,0.0,0.0,0.0,0.0,0.0,0.0,0.0,0.0,0.0,0.0
GPB:bin_000095,8.249349266667583,6.377374098876477,4.01986376774287,10.249346767451712,8.825730926921677,0.7082777778472005,2.529706304646917,3.928704868847399,1.469039088985831,15.2512149313153,0.0,0.0,0.0,0.0,0.0,0.0,0.0,0.0,0.0,0.0,0.0,0.0,0.0
GPB:bin_000097,2.069148972450907,1.0285892600145965,2.722510589246373,1.7758728881188994,1.6103327853980942,0.6652809134376001,2.6908963174659477,0.9952868475080314,1.1949990109882611,1.8841185177101307,1.1766340861190496,0.0,0.0,0.0,0.0,0.0,0.0,0.0,0.0,0.0,0.0,0.0,0.0
GPB:bin_000099,16.560798742091308,11.314363867834071,0.0,83.18487773123212,51.07341256903907,0.0,5.179493565617448,17.233979782388637,0.0,0.0,0.0,0.0,0.0,0.0,0.0,0.0,0.0,0.0,0.0,0.0,0.0,0.0,0.0
GPB:bin_000100,0.0,0.0,0.0,0.0,0.0,0.0,0.0,0.0,0.0,0.0,0.0,0.0,0.0,0.0,0.0,0.0,0.0,0.0,0.0,0.0,0.0,0.0,0.0
GPB:bin_000104,37.96532921890393,22.955748523108102,75.2139899988944,52.28021264144818,50.25161209907024,36.637130002401335,54.60130432669997,81.40436592413046,229.39601124754677,52.725973790934496,55.45772205489552,77.11178464314109,58.89543485655012,92.40072307669556,145.50196719395117,107.55054600459282,61.38571155943869,15.214011125015228,21.919970029076584,0.0,0.0,0.0,0.0
GPB:bin_000111,5.369143044435982,3.8779179339364815,8.137968929998506,3.456115912410166,5.000168701528436,4.918131558271917,5.042103081453917,3.1070001494213537,6.459533323371909,0.0,0.0,0.0,0.0,9.821947586845136,0.0,0.0,8.412856020475544,0.0,0.0,2.9359850000241,0.0,83.57560479497944,0.0
GPB:bin_000112,0.0,0.0,0.0,0.0,0.0,0.0,0.0,0.0,0.0,0.0,0.0,0.0,0.0,0.0,0.0,0.0,0.0,0.0,0.0,0.0,0.0,0.0,0.0
GPB:bin_000113,0.0,0.0,0.0,0.0,3.779922159682457,0.0,0.0,0.0,0.0,0.0,0.0,0.0,0.0,0.0,0.0,0.0,0.0,0.0,0.0,0.0,0.0,0.0,0.0
GPB:bin_000114,0.0,0.0,0.0,0.0,0.0,0.0,0.0,0.0,0.0,0.0,0.0,0.0,0.0,0.0,0.0,0.0,0.0,0.0,0.0,0.0,0.0,0.0,0.0
GPB:bin_000115,0.8409682943853546,0.0,0.0,0.0,0.0,0.0,3.976226595457285,1.3682787385231103,1.011824359427277,0.7757283416681234,6.7183949284707545,6.871354930035438,1.903473718823994,15.87157129637666,8.273518837929387,1.776624367250693,4.21642990647351,2.162196521758264,5.761358927311911,0.0,0.0,8.426918906628757,0.0
GPB:bin_000116,2.6637603524364937,1.5363336548599489,0.0,0.0,0.0,0.0,15.347971559901566,4.13342978213933,3.52601708377471,5.0107210723109965,0.0,0.0,0.0,3.059615330073276,0.0,0.0,0.0,0.0,0.0,0.0,0.0,0.0,0.0
GPB:bin_000119,0.0,0.0,0.0,0.0,0.0,0.0,0.0,0.0,0.0,0.0,0.0,0.0,0.0,0.0,0.0,0.0,0.0,0.0,0.0,0.0,0.0,0.0,0.0
GPB:bin_000122,0.0,14.21046389127265,0.0,0.0,10.393861062854512,0.0,0.0,0.0,0.0,0.0,0.0,0.0,0.0,0.0,0.0,0.0,0.0,0.0,0.0,0.0,0.0,0.0,0.0
GPB:bin_000123,14.304576748987168,15.790110800204609,16.615427951943722,12.103040600148086,6.1613646691904,2.999697139765856,25.357962692651483,7.433699844335363,7.164761797510778,13.186525389169264,26.96491700187393,6.131953166208899,27.15818601755362,18.902667103210906,20.421893204792127,18.3796118295305,30.6429198058626,20.186693235722533,0.0,0.0,0.0,0.0,0.0
GPB:bin_000124,5.237744824328907,6.520584863384003,6.771082528991647,6.655630767465424,6.6962405884082585,3.703677141806267,5.674924722634026,6.740154519664323,12.33862366644571,10.458239119231765,0.0,0.0,0.0,0.0,0.0,0.0,0.0,0.0,0.0,0.0,0.0,0.0,0.0
GPB:bin_000125,11.276341775789096,4.408341861960341,0.0,5.0242690387628,2.35702627889202,6.681305664272583,8.681692221194304,4.596264962013349,26.304455144377798,11.10812579666681,0.0,0.0,0.0,0.0,0.0,0.0,0.0,0.0,0.0,0.0,0.0,0.0,0.0
GPB:bin_000126,4.279419002331415,2.726147430183567,4.138065476025702,0.0,3.3897746997876634,0.0,4.063848318429195,4.147462819302056,4.152139636653543,6.169508840933137,13.900812425822908,5.784130349455872,7.990713967890517,10.032166596101604,13.73485097270516,10.80436596197762,0.0,4.570518101031493,0.0,0.0,0.0,0.0,0.0
GPB:bin_000127,0.0,0.0,0.0,0.0,0.0,0.0,0.0,0.0,0.0,0.0,0.0,0.0,0.0,0.0,0.0,0.0,0.0,0.0,0.0,0.0,0.0,0.0,0.0
GPB:bin_000129,0.0,0.0,0.0,46.71771782000371,0.0,0.0,0.0,0.0,0.0,0.0,0.0,0.0,0.0,0.0,0.0,0.0,0.0,0.0,0.0,0.0,0.0,0.0,0.0
GPB:bin_000130,23.94314987039343,24.08058765420497,19.130086512526024,48.56644056836704,26.10641051888497,9.702089479436914,36.06922344575599,28.32074186197152,27.89925480416934,33.02405636683191,25.398748572202106,21.3759105183256,13.477293398623273,37.95095199578457,35.95897115764343,52.67402353167558,29.1420682680378,25.44920395722368,24.459730225908118,0.0,0.0,0.0,0.0
GPB:bin_000131,8.730197733726987,12.578262609884552,6.027386024593262,12.841914357750918,35.19222107024511,3.080648151506041,5.166628650292173,4.980150707528225,9.38317556820358,49.26388323538893,7.102786221781316,4.2178687353901045,3.4579253634066016,48.92895502194048,16.631260034374034,5.300996480915159,4.520158224941476,21.50215744337453,25.8133668284142,0.0,0.0,0.0,0.0
GPB:bin_000132,55.1715297908309,26.059756543489897,35.962895934795625,32.29826337182497,14.24378242598,0.0,0.0,32.00719134706596,0.0,0.0,0.0,0.0,0.0,0.0,0.0,0.0,0.0,0.0,0.0,0.0,0.0,0.0,0.0
GPB:bin_000133,0.0,0.0,0.0,0.0,0.0,0.0,0.0,0.0,0.0,0.0,0.0,0.0,0.0,0.0,0.0,0.0,0.0,0.0,0.0,0.0,0.0,0.0,0.0
GPB:bin_000135,47.279265310537816,17.01620418035875,41.407094387820464,28.75599122441601,30.91482473978325,4.398123326940796,21.787180701306564,23.35979704564196,33.85046539631991,6.452445501327061,17.944671973642883,10.81968158142704,13.643124669658286,23.333357847021304,87.59107230462511,4.848835156993565,16.85828067635005,3.1645194257534164,2.8722648654957665,0.0,0.0,0.0,0.0
GPB:bin_000136,57.247060961687126,19.349081299883444,0.0,6.6397777440267856,6.577831400140958,0.0,38.09168997476071,16.68513253616523,0.0,8.02397135792188,0.0,0.0,0.0,12.597185792955864,0.0,0.0,0.0,0.0,0.0,0.0,0.0,0.0,0.0
GPB:bin_000137,3.23919964548749,2.136392268258916,3.458372919312969,2.995826640714661,2.7060551853916164,1.9950708420547552,2.9975149940365693,3.238011545001702,3.693741878707864,5.323378023976285,4.00921382348662,3.0307192760340955,2.242133211493976,4.712944500699728,5.297927660938632,3.8782101120274537,2.5526026279115235,1.4596127125918223,0.0,0.0,0.0,0.0,0.0
GPB:bin_000139,0.0,8.079827302032792,13.027187187651004,0.0,0.0,0.0,1.4188504894984544,0.0,1.856159770442104,0.0,0.0,0.0,0.0,1.5761626829413595,0.0,0.0,0.0,0.0,0.0,0.0,0.0,0.0,0.0
GPB:bin_000140,1.3774895512874126,1.6487379040187704,4.570647763670352,4.01579418880543,6.84310618544195,2.2813493400000158,5.956877539656886,1.3274969729437305,5.459438199453435,5.05328146462055,10.362289848455053,6.339676777449015,4.075129765965414,11.267656572460607,15.146508016519023,9.452816725776204,16.203321737466254,11.992643141899809,10.366283226981375,38.05448625938727,86.44794254357116,33.316945412022484,29.66707278572812
GPB:bin_000141,4.627737814743475,2.549010154149907,6.158092376127986,4.789135604969029,3.060313927396287,5.234995024490257,8.514839981441625,6.596522122641771,6.287281743475522,13.513192016737316,13.00335046637006,12.92403475506186,7.266417798967276,21.578615820303085,18.94195133248024,6.011356334230954,4.909946830414552,5.042653436579442,2.2096558875811434,0.0,0.0,0.0,0.0
GPB:bin_000142,4.200087216836689,3.565811000017827,5.208223340925952,4.967142839511421,4.400850501291111,3.446916350002811,7.992168312038803,6.651723698158436,13.476132618959788,8.962455620206331,15.351191757734666,4.106390827421741,9.59302923546763,36.41745186960809,21.91425871859817,0.0,0.0,0.0,4.079032715913096,0.0,0.0,0.0,0.0
GPB:bin_000143,40.62812248712591,40.75103911194369,22.531856746166763,40.27179784641707,27.027865450457178,38.00372674177444,135.53364204516862,52.49369264072043,144.27578800314689,66.94781174031344,127.28182687383396,127.39986659440704,73.58661413001724,315.05046819316186,154.00813190131134,66.74192561716654,260.9411534717242,88.0805250406771,28.050244746041685,129.4531054076067,358.52741721014985,200.96784287380743,166.02398525704598
GPB:bin_000145,0.0,0.0,0.0,0.0,0.0,0.0,0.0,0.0,0.0,0.0,0.0,0.0,0.0,0.0,0.0,0.0,0.0,0.0,0.0,0.5749733680699759,0.0,3.113182918777047,3.04032917601654
GPB:bin_000146,0.0,0.0,0.0,0.0,0.0,0.0,0.0,0.0,0.0,0.0,0.0,0.0,0.0,0.0,0.0,0.0,0.0,0.0,0.0,0.0,0.0,0.0,0.0
GPB:bin_000147,3.918222062885915,0.0,0.0,0.0,0.0,0.0,7.170517946140771,0.0,0.0,0.0,0.0,0.0,0.0,0.0,0.0,0.0,0.0,0.0,0.0,0.0,0.0,0.0,0.0
GPB:bin_000148,0.0,0.0,0.0,0.0,0.0,0.0,0.0,0.0,0.0,0.0,0.0,0.0,0.0,0.0,0.0,0.0,0.0,0.0,0.0,0.0,0.0,0.0,0.0
GPB:bin_000149,4.536397884510559,1.2914122977685396,1.607473735225277,3.173725351112204,1.7324625260330342,3.749663724232712,0.0,0.0,0.0,0.0,0.0,0.0,0.0,0.0,0.0,0.0,0.0,0.0,0.0,0.0,0.0,0.0,0.0
GPB:bin_000151,0.0,0.0,0.0,0.0,0.0,0.0,0.0,0.0,0.0,0.0,0.0,0.0,0.0,0.0,0.0,0.0,0.0,0.0,0.0,0.0,0.0,0.0,0.0
GPB:bin_000152,0.0,0.0,0.0,0.0,0.0,0.0,0.0,0.0,0.0,0.0,0.0,0.0,0.0,0.0,0.0,0.0,0.0,0.0,0.0,16.51123433824099,0.0,0.0,0.0
GPB:bin_000153,0.0,0.0,0.0,0.0,0.0,0.0,0.0,0.0,0.0,0.0,0.0,0.0,0.0,0.0,0.0,0.0,0.0,0.0,0.0,0.0,0.0,0.0,0.0
GPB:bin_000154,5.180707321801062,2.982850329595037,0.0,6.124469520840623,5.641689291910139,0.0,0.0,0.0,0.0,0.0,0.0,0.0,0.0,0.0,0.0,0.0,0.0,0.0,0.0,0.0,0.0,0.0,0.0
GPB:bin_000155,0.0,0.0,0.0,0.0,0.0,0.0,0.0,0.0,0.0,0.0,0.0,0.0,0.0,0.0,0.0,0.0,0.0,0.0,0.0,0.0,0.0,0.0,0.0
GPB:bin_000156,7.202732837303743,3.592863336408006,5.017944367522769,3.062946510576017,1.2884984208561547,1.004430293489661,4.988198393401371,0.0,3.067094355573025,1.5424650445300787,0.0,3.059331959935768,0.0,0.0,0.0,0.0,0.0,0.0,0.0,0.0,0.0,0.0,0.0
GPB:bin_000159,0.0,0.0,0.0,0.0,0.0,0.0,0.0,0.0,0.0,0.0,0.0,0.0,0.0,0.0,0.0,0.0,0.0,0.0,0.0,0.0,0.0,0.0,0.0
GPB:bin_000161,0.0,0.0,0.0,0.0,0.0,0.0,0.0,0.0,0.0,0.0,0.0,0.0,0.0,0.0,0.0,0.0,0.0,0.0,0.0,0.0,0.0,0.0,0.0
GPB:bin_000163,0.0,0.0,0.0,20.222544822983437,0.0,0.0,0.0,0.0,0.0,0.0,0.0,0.0,0.0,0.0,0.0,0.0,0.0,0.0,0.0,0.0,0.0,0.0,0.0
GPB:bin_000166,0.0,2.822307742893625,0.0,0.0,0.0,0.0,0.0,0.0,0.0,0.0,0.0,0.0,0.0,0.0,0.0,0.0,0.0,0.0,0.0,0.0,0.0,0.0,0.0
GPB:bin_000168,4.763400945476947,3.718364905256789,2.9016201806024244,3.2807165098989697,1.587594508248398,0.0,0.0,0.0,0.0,0.0,0.0,0.0,0.0,0.0,0.0,0.0,0.0,0.0,0.0,0.0,0.0,0.0,0.0
GPB:bin_000170,0.0,0.0,0.0,0.0,0.0,0.0,0.0,0.0,0.0,0.0,0.0,0.0,0.0,0.0,0.0,0.0,0.0,0.0,0.0,0.0,0.0,0.0,0.0
GPB:bin_000171,7.002354108256107,11.271764744841883,2.6510367479223587,5.5229569668817415,3.003174021512571,2.4081084393294407,6.7312171095012046,3.1559650502305647,5.329810832572118,8.877941940375967,5.111719224186087,4.197184787225017,3.847766860372785,6.56613463352754,8.67826937389519,6.305113604637925,5.544312903264014,5.992751309335239,2.51604837584901,6.4565268310086745,0.0,0.0,0.0
GPB:bin_000172,18.294580273913613,5.038069774678254,9.254170126102904,12.472920540866571,11.147630796184028,4.6553074265186245,8.599138471339646,7.17935634577354,7.129695309078199,27.12156225436774,4.43509556892303,3.2761905745048274,1.9572421054804845,9.994292851907618,9.28889967069608,0.0,0.0,0.0,1.9639889278377576,0.0,0.0,0.0,0.0
GPB:bin_000173,10.685991278656312,6.959447668407371,7.289902467416007,9.22568822053722,7.215875447995231,4.242841406914333,13.377972302723226,9.546194574932844,11.166731896856946,12.720542768981227,9.785978568856349,12.517677717804109,4.4483543330835085,18.20406491681637,15.871400529171511,11.927882476716352,11.137643098729928,7.040056548522687,4.302191633521996,32.285237163858575,14.985118942544643,26.643107303999248,26.832770807001687
GPB:bin_000175,0.0,0.0,0.0,0.0,0.0,0.0,0.0,0.0,0.0,0.0,0.0,0.0,0.0,0.0,0.0,0.0,0.0,0.0,0.0,0.0,0.0,0.0,0.0
GPB:bin_000176,0.0,0.0,0.0,0.0,0.0,0.0,0.0,0.0,0.0,0.0,0.0,0.0,0.0,0.0,0.0,0.0,0.0,0.0,0.0,0.0,0.0,0.0,0.0
GPB:bin_000177,0.0,0.0,0.0,0.0,0.0,0.0,0.0,0.0,0.0,0.0,0.0,0.0,0.0,0.0,0.0,0.0,0.0,0.0,0.0,0.0,0.0,0.0,0.0
GPB:bin_000178,0.0,3.3298391546374475,0.0,2.694495639438312,9.282894147690014,2.2514884262402104,0.0,0.0,0.0,0.0,0.0,0.0,0.0,0.0,0.0,0.0,0.0,0.0,0.0,0.0,0.0,0.0,0.0
GPB:bin_000181,12.912974853159158,7.322968532256932,17.12635520513361,8.668063918737595,9.07807238357157,7.092311047532446,5.9436441664726045,9.47444100676078,18.606961863889907,15.077273953816754,26.326077233293045,10.698071570356078,9.887628404877814,26.81615045965157,20.86463288865232,18.17887783655108,23.23049853806033,7.040117398745431,10.86980789632242,0.0,0.0,0.0,0.0
GPB:bin_000183,0.0,0.0,0.0,0.0,0.0,0.0,0.0,0.0,0.0,0.0,0.0,0.0,0.0,0.0,0.0,0.0,0.0,0.0,0.0,0.0,0.0,0.0,0.0
GPB:bin_000184,17.53703603311888,4.220767137819024,9.312113650915515,16.052796218669005,33.072038399381114,6.759363585348808,16.201497118727758,14.54785344118996,35.60184377980721,21.895339415774984,20.92814621302807,27.824342757845663,10.800880864923789,29.969099399130567,27.41256917470928,21.242426861984644,58.76098700240729,8.582499036645563,9.966740462791076,31.851794330054755,96.01779311981784,47.31809450690172,31.652412928143285
GPB:bin_000185,6.585629590961632,12.181724399368608,34.515890475657805,16.642740842934735,4.075158159016618,0.0,12.7996321016195,2.840461364455548,0.0,2.9561753483227067,0.0,0.0,0.0,0.0,0.0,0.0,0.0,0.0,0.0,0.0,0.0,0.0,0.0
GPB:bin_000186,1.1930957587648483,2.863747737682433,0.6594499587843775,1.947296232460652,0.7907608880774445,0.0,0.0,0.0,0.0,0.0,0.0,0.0,0.0,0.0,0.0,0.0,0.0,0.0,0.0,0.0,0.0,0.0,0.0
GPB:bin_000189,0.0,0.0,0.0,0.0,0.0,0.0,0.0,0.0,0.0,0.0,0.0,0.0,0.0,0.0,0.0,0.0,0.0,0.0,0.0,0.0,0.0,0.0,0.0
GPB:bin_000190,0.0,3.6515451092451534,8.701952117020763,0.0,0.0,6.917926569405472,6.354556533580287,0.0,11.506235282289868,23.06727500549679,25.521643462986773,8.229861513550714,47.59342706350368,63.61164943793775,11.685912929189064,3.0809413776389705,0.0,0.0,70.3725189853863,0.0,0.0,0.0,0.0
GPB:bin_000192,1.065744403394868,0.0,1.3773594986454958,0.9647749781834803,1.9518117110681483,2.267038157636969,1.4644771653761444,0.0,0.0,0.0,0.0,0.0,0.0,0.0,0.0,0.0,0.0,0.0,0.0,0.0,0.0,0.0,0.0
GPB:bin_000193,0.0,0.8000521698540617,0.6574431279946183,0.6042681216695138,0.7187819319712948,0.0,0.6940698958368064,0.6508238326014517,1.1499187052462083,1.0432009539630458,0.0,0.0,0.0,0.0,0.0,0.0,0.0,0.0,0.0,0.0,0.0,0.0,0.0
GPB:bin_000194,0.0,0.0,0.0,0.0,0.0,0.0,0.0,0.0,0.0,0.0,0.0,0.0,0.0,0.0,0.0,0.0,0.0,0.0,0.0,0.0,0.0,0.0,0.0
GPB:bin_000195,1.818866923178984,0.944938304365132,0.0,0.6252355048427757,0.6056521162266154,0.8006103224094467,5.67002786254478,2.213718986334085,1.1783468223431075,9.8601565609659,0.0,0.0,0.0,0.0,0.0,0.0,0.0,0.0,0.0,0.0,0.0,0.0,0.0
GPB:bin_000197,36.997921006937126,32.662645850554874,34.87663251791864,28.015160338334496,22.40520391551323,11.9725931420936,35.520062680592794,16.409962783398026,22.937540822735784,36.86695094911129,18.288139909559344,23.92043063032111,15.410990835709915,49.865042535152426,26.43466543245778,26.572393603090852,14.205191724407774,8.829275614632893,17.520208684741146,5.671682929103421,0.0,0.0,0.0
GPB:bin_000198,1.2290078499941473,0.9530143465410278,2.242447215556596,1.3170733714737213,2.3870283053377035,1.1438915632681728,2.133256942818682,1.5188558981037106,2.7077404380779586,4.2502588010652,0.0,0.0,0.0,0.0,0.0,0.0,0.0,0.0,0.0,0.0,0.0,0.0,0.0
GPB:bin_000199,0.0,0.0,0.0,0.0,0.0,0.0,0.0,0.0,0.0,0.0,0.0,0.0,0.0,0.0,0.0,0.0,0.0,0.0,0.0,0.0,0.0,0.0,0.0
GPB:bin_000200,0.0,0.0,0.0,0.0,0.0,0.0,0.0,0.0,0.0,0.0,0.0,0.0,0.0,0.0,0.0,0.0,0.0,0.0,0.0,0.0,0.0,0.0,0.0
GPB:bin_000202,0.0,0.0,0.0,0.0,0.0,0.0,0.0,0.0,0.0,0.0,0.0,0.0,0.0,0.0,0.0,0.0,0.0,0.0,0.0,0.0,0.0,0.0,0.0
GPB:bin_000204,0.0,0.0,0.0,0.0,0.0,0.0,0.0,0.0,0.0,0.0,0.0,0.0,0.0,0.0,0.0,0.0,0.0,0.0,0.0,0.0,0.0,0.0,0.0
GPB:bin_000206,0.0,0.0,0.0,0.0,0.0,0.0,0.0,0.0,0.0,0.0,0.0,0.0,0.0,0.0,0.0,0.0,0.0,0.0,0.0,0.0,0.0,0.0,0.0
GPB:bin_000208,63.74831517119655,35.37310688038108,55.0233502507713,92.96300366382516,51.9826594391903,59.779744376988994,52.53369096931762,28.274286765151125,96.2490085394562,84.10201895381009,69.44742848214773,90.53647640342597,31.86197224583288,132.62101425385725,105.67889162747548,149.66124007885335,60.657873785297305,73.94366934220845,50.58112109611243,237.98503072126,86.53886263683277,181.0879415223302,104.76678530552684
GPB:bin_000209,0.0,0.0,2.0324599474695377,0.0,0.0,0.0,0.0,0.0,0.0,0.0,0.0,0.0,0.0,0.0,0.0,0.0,0.0,0.0,0.0,0.0,0.0,0.0,0.0
GPB:bin_000210,6.54868465045669,4.07790487875651,8.280323925094205,7.147873783473616,6.399245058340052,0.0,0.0,0.0,0.0,0.0,0.0,0.0,0.0,0.0,0.0,0.0,0.0,0.0,0.0,0.0,0.0,0.0,0.0
GPB:bin_000211,0.0,0.6016771310862282,0.7332402756646555,0.6817362946336689,0.0,0.6026489043132279,0.7400426882536537,0.911224279778994,1.1721080153350798,1.1931132673956129,0.0,0.0,0.0,0.0,0.0,0.0,0.0,0.0,0.0,0.0,0.0,0.0,0.0
GPB:bin_000212,0.0,0.0,0.0,0.0,0.0,0.0,0.0,0.0,0.0,0.0,0.0,0.0,0.0,0.0,0.0,0.0,0.0,0.0,0.0,0.0,0.0,0.0,0.0
GPB:bin_000213,0.0,0.0,0.0,0.0,0.0,0.0,0.0,0.0,0.0,0.0,0.0,0.0,0.0,0.0,0.0,0.0,0.0,0.0,0.0,0.0,0.0,0.0,0.0
GPB:bin_000215,7.504926073179348,2.966360795996269,5.231208860082769,8.230200733478624,1.7358772352103244,1.84356348610771,0.0,4.532985104264237,0.0,3.739196267862096,0.0,0.0,0.0,0.0,0.0,0.0,0.0,0.0,0.0,14.016655276379929,0.0,0.0,0.0
GPB:bin_000217,3.266514386389012,2.487115402343772,3.580365929664792,3.740807831377039,2.142180087318215,1.9370626505435524,2.891736286698746,3.4117098753418627,2.5994542808538936,4.357519318032291,0.0,0.0,0.0,0.0,0.0,0.0,0.0,0.0,0.0,0.0,0.0,0.0,0.0
TG1:bin_000010,0.0,0.0,0.0,0.0,0.0,0.0,0.0,0.0,0.0,0.0,0.0,0.0,0.0,0.0,0.0,0.0,0.0,0.0,0.0,0.0,0.0,0.0,0.0
TG1:bin_000014,0.0,0.0,0.0,0.0,0.0,0.0,0.0,0.0,0.0,0.0,0.0,0.0,0.0,0.0,0.0,0.0,0.0,0.0,0.0,0.0,0.0,0.0,0.0
TG1:bin_000020,0.0,0.0,0.0,0.0,0.0,0.0,0.0,0.0,0.0,0.0,0.0,0.0,0.0,0.0,0.0,0.0,0.0,0.0,0.0,0.0,0.0,0.0,0.0
TG1:bin_000032,0.0,0.0,0.0,0.0,0.0,0.0,0.0,0.0,0.0,0.0,0.0,0.0,0.0,0.0,0.0,0.0,0.0,0.0,0.0,0.0,0.0,0.0,0.0
TG1:bin_000047,0.8898412349359852,0.691007745198565,1.092049984530059,0.9369414520265624,2.1228850289326253,1.6080044798903552,0.7223823197751873,1.2484625947054446,3.659472078674239,2.728514041848108,2.9038741334915272,1.934254029216454,1.851176610472,2.237873995412715,2.4255844697134354,1.7038925439998365,1.2978641253346497,1.4887964385894483,0.7283657349756189,0.0,0.0,0.0,0.0
TG1_21:bin_000035,0.0,0.0,0.0,0.0,0.0,0.0,0.0,0.0,0.0,0.0,0.0,0.0,0.0,0.0,0.0,0.0,0.0,0.0,0.0,0.0,0.0,0.0,0.0
TG2:bin_000003,0.0,0.0,0.0,0.0,0.0,0.0,0.0,0.0,0.0,0.0,0.0,0.0,0.0,0.0,0.0,0.0,0.0,0.0,0.0,0.0,0.0,0.0,0.0
TG2:bin_000055,0.0,0.0,0.0,0.0,0.0,0.0,0.0,0.0,0.0,0.0,0.0,0.0,0.0,0.0,0.0,0.0,0.0,0.0,0.0,0.0,0.0,0.0,0.0
TG2:bin_000059,6.082294381075726,3.250815297954344,0.0,1.4661319768439778,0.6966935571956872,0.0,0.0,0.0,0.0,1.1247834974331767,0.0,0.0,0.0,0.0,0.0,0.0,0.0,0.0,0.0,0.0,0.0,0.0,0.0
TG2_07:bin_000029,0.0,0.8664918785386063,0.0,0.0,1.0396622564308236,0.0,0.0,0.0,0.0,0.0,0.0,0.0,0.0,0.0,0.0,0.0,0.0,0.0,0.0,0.0,0.0,0.0,0.0
TG2_14:bin_000017,0.0,0.0,0.0,0.0,0.0,0.0,0.0,0.0,0.0,0.0,0.0,0.0,0.0,0.0,0.0,0.0,0.0,0.0,0.0,0.0,0.0,0.0,0.0
TG2_21:bin_000001,0.0,0.0,0.0,0.0,0.0,0.0,0.0,0.0,0.0,0.0,0.0,0.0,0.0,0.0,0.0,0.0,0.0,0.0,0.0,0.0,0.0,0.0,0.0
TG2_21:bin_000011,0.0,0.0,0.0,0.0,0.0,0.0,0.0,0.0,0.0,0.0,0.0,0.0,0.0,0.0,0.0,0.0,0.0,0.0,0.0,0.0,0.0,0.0,0.0
TG2_28:bin_000031,0.0,0.0,0.0,0.0,0.0,0.0,0.0,0.0,0.0,0.0,0.0,0.0,0.0,0.0,0.0,0.0,0.0,0.0,0.0,0.0,0.0,0.0,0.0
TG3:bin_000002,4.393117305565192,3.2248885718212703,0.0,3.5177434239375875,1.704409348840558,2.684535535935179,8.231204471526093,64.1077237235665,15.82358677653496,9.57438035460668,105.98375864754662,29.61132673163644,8.695128576010054,11.603551302777031,22.574170915445485,18.08768955880332,17.67113470210552,3.613758189398452,4.893316927265706,0.0,0.0,0.0,0.0
TG3:bin_000068,0.0,0.0,0.0,0.0,0.0,0.0,0.0,0.0,1.38601659636794,0.0,0.0,0.7039437992800407,0.0,0.0,0.0,0.0,0.0,1.4329578164984138,1.2081983684387478,0.0,0.0,0.0,0.8395905469185347
TG3_07:bin_000004,0.0,0.0,0.0,0.0,0.0,0.0,0.0,0.0,0.0,0.0,0.0,0.0,0.0,0.0,0.0,0.0,0.0,0.0,0.0,0.0,0.0,0.0,0.0
TG3_14:bin_000007,0.0,0.0,0.0,0.0,0.0,0.0,0.0,0.0,0.0,0.0,0.0,0.0,0.0,0.0,0.0,0.0,0.0,0.0,0.0,6.715543392129689,5.04222097329903,2.0647783878883925,5.204804010207038
TG3_28:bin_000041,11.788725198474785,8.20030563466985,4.228932429249443,3.898833331247219,0.8898224565244354,0.7032669683566845,20.81535956451042,4.193715031513597,3.293025817367923,7.549153587679942,0.0,2.5301339171418262,0.0,0.0,0.0,0.0,0.0,0.0,0.0,0.0,0.0,0.0,0.0
TG3_28:bin_000042,5.310122600314015,3.113174259721493,1.3623812875366617,1.1976633690723113,0.0,0.8105958632895417,80.45022524330571,17.473877190591494,6.224332251144886,21.191875932290724,2.981220701101293,2.019740760170486,1.048571529918248,6.927393805202346,2.427587030914247,1.0956177902072837,3.00261554804226,0.0,0.9324120729665094,4.610421493420058,0.0,3.8904456886396352,2.9342304482649824
TG3_35:bin_000005,42.631256406903496,24.9499304514322,49.74741640451859,44.95090270856609,25.28617219995027,29.38154283317761,58.10279772918675,52.73106012614274,56.4300242488382,65.1332839187315,67.82916324231154,99.53599282359056,22.90544646928379,167.9350444155515,113.32820555209638,132.913055143579,64.28238954379798,23.25490007432516,39.85102446090544,0.0,0.0,0.0,0.0
TG3_35:bin_000033,0.0,2.961932791801226,2.6758571969946616,1.9495464805905227,6.353442381203454,1.4644640150266923,3.6929805410927306,0.8580208264680683,3.034018074869835,2.555320305806367,11.467996193897054,11.459860854807884,4.876414931127662,17.477746243326962,19.663526494430897,11.66782689646082,14.07027491267383,10.045444622025968,7.001128649574904,9.372682973044224,0.0,0.0,0.0
TG4:bin_000055,0.0,0.0,0.0,0.0,0.0,0.0,0.0,0.0,0.0,0.0,0.0,0.0,0.0,0.0,0.0,0.0,0.0,0.0,0.0,0.0,0.0,0.0,0.0
TG4_14:bin_000001,0.0,0.0,0.0,0.0,0.0,0.0,0.0,0.0,0.0,0.0,0.0,0.0,0.0,0.0,0.0,0.0,0.0,0.0,0.0,0.0,62.57229812233447,4.50132669198824,0.7157310963094957
TG4_21:bin_000029,0.0,0.0,0.0,0.0,0.0,0.0,0.0,0.0,0.0,0.0,0.0,0.0,0.0,0.0,0.0,0.0,0.0,0.0,0.0,0.0,0.0,0.0,0.0
TG4_21:bin_000043,0.0,0.0,0.0,0.0,0.0,0.0,2.5642957883898725,0.0,0.0,0.0,0.0,0.0,0.0,0.0,0.0,0.0,0.0,0.0,0.0,0.0,0.0,0.0,0.0
TG5:bin_000031,0.0,0.0,0.0,0.0,0.0,0.0,0.0,0.0,0.0,0.0,0.0,0.0,0.0,0.0,0.0,0.0,0.0,0.0,0.0,0.0,0.0,0.0,0.0
TG5:bin_000047,1.4589823353626958,0.0,0.0,0.0,0.0,0.0,0.0,0.0,0.0,0.0,0.0,0.0,0.0,0.0,0.0,0.0,0.0,0.0,0.0,0.0,0.0,0.0,0.0
TG5_14:bin_000008,0.0,0.0,0.0,0.0,0.0,0.0,0.0,0.0,0.0,0.0,0.0,0.0,0.0,0.0,0.0,0.0,0.0,0.0,0.0,0.0,0.0,0.0,0.0
TG5_28:bin_000003,16.093379307752564,13.440080038035662,5.796819511750388,8.203598752564668,10.60869853819421,3.3842821388741493,19.82057020702484,4.441619138751389,9.1108644355771,11.29559570875208,9.262075382745836,10.474941928838284,2.7494480790431584,9.523170683430296,9.461630647018108,2.865570408959333,1.704766973593766,5.972982364520949,3.340976187324832,12.708317421828358,3.2556838561570625,10.309815495853146,6.826865364875634
TG5_28:bin_000004,0.8898100935479986,1.7094424592818618,0.0,1.3048540570923837,3.6215555198672393,0.0,4.867523855408787,0.0,0.0,19.33935908245339,3.3727968041112937,0.0,0.0,16.88723718900978,8.839717080874184,0.0,3.5722889147629178,0.0,1.48385326748839,0.7964628417713895,1.387160236078211,5.365375864884035,4.036264905448268
TG5_35:bin_000001,0.0,0.0,0.0,0.0,0.0,0.0,0.0,0.0,0.0,0.0,0.0,0.0,0.0,0.0,0.0,0.0,0.0,0.0,0.0,0.0,0.0,0.0,0.0
TG5_35:bin_000022,0.0,0.0,0.0,0.0,0.0,0.0,0.0,0.0,0.0,0.0,0.0,0.0,0.0,0.0,0.0,0.0,0.0,0.0,0.0,0.0,0.0,0.0,0.0
TG5_35:bin_000024,0.0,0.0,0.0,0.0,0.0,0.0,0.0,0.0,0.0,0.0,0.0,0.0,0.0,0.0,0.0,0.0,0.0,0.0,0.0,0.0,0.0,0.0,0.0
