genome,D300521,D300514,D300443,D300526,D300474,D300511,D300489,D300491,D300488,D300508,D300502,D300438,D300448,D300518,D300500,D300522,D300429,D300472,D300471,D300431,D300463,D300452,classification
D300418:bin_000001,0.0,0.0,0.0,0.0,0.0,0.0,0.0,0.0,0.0,0.0,0.0,0.0,0.0,0.0,0.0,0.0,0.0,0.0,0.0,0.0,0.0,0.0,d__Bacteria;p__Bacillota_A;c__Clostridia;o__Oscillospirales;f__Ruminococcaceae;g__Faeciplasma;s__Faeciplasma gallinarum
D300418:bin_000013,0.0,0.0,0.0,0.0,0.0,0.0,0.0,0.0,0.0,0.0,0.0,0.0,0.0,0.0,0.0,0.0,0.0,0.0,0.0,0.0,0.0,0.0,d__Bacteria;p__Bacillota_A;c__Clostridia;o__Oscillospirales;f__Acutalibacteraceae;g__Fimivicinus;s__Fimivicinus intestinavium
D300428:bin_000008,0.0,0.0,0.0,0.0,0.0,0.0,0.0,0.0,0.0,0.0,0.0,0.0,0.0,0.0,0.0,0.0,0.0,0.0,0.0,0.0,0.0,0.0,d__Bacteria;p__Bacillota_A;c__Clostridia;o__Christensenellales;f__Borkfalkiaceae;g__Coproplasma;s__Coproplasma excrementigallinarum
D300430:bin_000010,3.2262106036907725,13.061234758119172,2.788521964902273,5.782518178298267,12.39508034704539,6.303076265883311,10.402115086904628,3.951743124034939,21.31814071212413,3.153687340600432,7.472245232257708,14.44867325579303,9.764900006864137,14.037074998350608,9.65868916326181,0.0,4.21849478159052,0.0,12.119082098399725,1.486501976271415,3.0900607975859566,18.025854468319345,d__Bacteria;p__Bacillota_A;c__Clostridia;o__Oscillospirales;f__Oscillospiraceae;g__Intestinimonas;s__Intestinimonas timonensis
D300432:bin_000001,0.0,0.0,0.0,0.0,0.0,0.0,0.0,0.0,0.0,0.0,0.0,0.0,0.0,0.0,0.0,0.0,0.0,0.0,0.0,0.0,0.0,0.0,d__Bacteria;p__Bacillota_A;c__Clostridia;o__Lachnospirales;f__Anaerotignaceae;g__Fimicola;s__Fimicola sp944379995
D300435:bin_000001,15.501644769147008,0.0,1.0010622058212335,0.0,1.4472357900509345,10.458209821789834,28.80594945251618,18.509898862606978,0.0,11.352206866154996,22.0756931639356,31.838539215586145,42.28013243003937,22.25429223073436,11.077148983008636,1.0493800002042704,26.90305329177741,3.415125276648835,8.69844039587594,30.19007748917171,94.60294165017446,54.098900632688135,d__Bacteria;p__Bacillota_A;c__Clostridia;o__Lachnospirales;f__Anaerotignaceae;g__Anaerotignum;s__Anaerotignum merdipullorum
D300442:bin_000001,0.0,0.0,0.0,0.0,0.0,0.0,0.0,0.0,0.0,0.0,0.0,0.0,0.0,0.0,0.0,0.0,0.0,0.0,0.0,0.0,0.0,0.0,d__Bacteria;p__Bacillota_A;c__Clostridia;o__Lachnospirales;f__CAG-274;g__Tyzzerella;s__Tyzzerella sp944383305
D300442:bin_000015,0.0,0.0,0.0,0.0,0.0,0.0,0.0,0.0,0.0,0.0,0.0,0.0,0.0,0.0,0.0,0.0,0.0,0.0,0.0,0.0,0.0,0.0,d__Bacteria;p__Bacillota_A;c__Clostridia;o__Oscillospirales;f__Butyricicoccaceae;g__Agathobaculum;s__Agathobaculum merdipullorum
D300443:bin_000002,4.360638066391791,1.149584852058021,63.42572393727576,11.96085350813819,9.121226016258955,0.0,0.0,0.0,0.0,1.315447566142136,0.0,0.0,0.0,0.0,0.0,0.0,0.0,0.0,0.0,0.0,0.0,0.0,d__Bacteria;p__Bacillota;c__Bacilli;o__Erysipelotrichales;f__Erysipelotrichaceae;g__Clostridium_AQ;s__Clostridium_AQ sp900552125
D300443:bin_000003,41.793167833069184,9.263292692241594,59.98888297466058,33.42554755676068,29.676863339953027,6.697381203574634,3.448873617980103,8.337321459260249,9.87862273005022,4.879541689740114,0.0,2.147232857224694,0.0,16.857912720311635,0.0,0.0,0.0,0.0,0.0,0.0,0.0,0.0,d__Bacteria;p__Bacillota_A;c__Clostridia;o__Christensenellales;f__Borkfalkiaceae;g__Scatosoma;s__Scatosoma sp900555925
D300444:bin_000010,9.636321794802846,6.186315979053296,7.645224894409751,6.34648359771022,13.962301435927325,12.212792647892009,14.625109279810092,16.625539520206914,6.885190850387654,6.352674556908672,13.766441999467204,38.29145785207485,26.330477779459272,18.284904190216285,9.992536454744087,10.12264040032368,28.049922894417254,14.4238093034483,26.354256690926054,46.54813376974384,43.24474112410309,59.3867761111521,d__Bacteria;p__Bacillota_A;c__Clostridia;o__Lachnospirales;f__Lachnospiraceae;g__Enterocloster;s__Enterocloster excrementigallinarum
D300452:bin_000016,17.780813290383612,10.198660890011718,33.71311217827561,31.802560977910737,42.279492853243774,20.971463072978302,30.78736310102011,22.862658271909204,26.98929271544205,23.793698206430616,39.633348536198326,42.89459079461103,32.76248852465629,23.33777491214978,12.169784988981718,70.64296407721321,50.54635973795553,48.97237524487782,18.67636180042694,61.93643944564412,81.28603225392992,48.96677989656413,d__Bacteria;p__Bacillota_A;c__Clostridia;o__Lachnospirales;f__Lachnospiraceae;g__Eisenbergiella;s__Eisenbergiella sp904392525
D300458:bin_000001,0.0,0.0,0.0,0.0,0.0,0.0,0.0,0.0,0.0,0.0,0.0,0.0,0.0,0.0,0.0,0.0,0.0,0.0,0.0,0.0,0.0,0.0,d__Bacteria;p__Bacillota_A;c__Clostridia;o__Christensenellales;f__Borkfalkiaceae;g__Coproplasma;s__Coproplasma stercorigallinarum
D300462:bin_000001,0.0,0.0,0.0,0.0,0.0,0.0,0.0,0.0,0.0,0.0,0.0,0.0,0.0,0.0,0.0,0.0,0.0,0.0,0.0,0.0,0.0,0.0,d__Bacteria;p__Bacteroidota;c__Bacteroidia;o__Bacteroidales;f__Rikenellaceae;g__Alistipes;s__Alistipes excrementavium
D300472:bin_000003,6.910970403226355,8.157336043215796,5.632313270818341,8.939370439475928,8.733800971932729,131.59293591813326,73.0478691376076,19.440176920842323,31.27535813468006,4.038639466113992,13.434066790196995,98.56061971009656,27.178583236291697,51.50304987146088,22.36414200806159,61.447701214683086,16.586543886162012,77.76726269514145,14.13899920372726,34.19040410752082,25.75388903833679,76.32204378819503,d__Bacteria;p__Bacillota_A;c__Clostridia;o__Christensenellales;f__Borkfalkiaceae;g__Borkfalkia;s__Borkfalkia sp904373255
D300474:bin_000012,8.07239825964886,17.043111845750666,19.89024324587325,5.968337005602203,47.72141540801309,6.221243693634798,12.159685343015774,8.258040396183695,6.879744090400347,19.495534255764472,4.286673058164526,5.666273523783027,4.676516528888311,4.569725902386646,1.6897397064169013,0.0,0.0,0.0,0.0,0.0,0.0,0.0,d__Bacteria;p__Bacillota_A;c__Clostridia;o__Lachnospirales;f__Lachnospiraceae;g__Mediterraneibacter;s__Mediterraneibacter norwichensis
D300475:bin_000015,0.0,0.0,0.0,0.0,0.0,0.0,0.0,0.0,0.0,0.0,0.0,0.0,0.0,0.0,0.0,0.0,0.0,0.0,0.0,0.0,0.0,0.0,d__Bacteria;p__Bacillota_A;c__Clostridia;o__Oscillospirales;f__Ruminococcaceae;g__Egerieicola;s__Egerieicola faecale
D300479:bin_000001,4.812717758822466,1.3118432481442714,0.0,0.0,2.742390315457137,0.0,1.75653849262883,1.2316003931565227,6.5355063692283455,1.7581603405159745,1.5607582833950064,3.023587846747217,2.8098128490512706,0.0,1.2225643834995772,0.0,0.0,0.0,0.0,6.529945747900994,3.091396534600194,0.0,d__Bacteria;p__Bacillota;c__Bacilli;o__Lactobacillales;f__Lactobacillaceae;g__Lactobacillus;s__Lactobacillus crispatus
D300479:bin_000005,0.0,0.0,0.0,0.0,0.0,1.8539731631980207,0.0,0.899878700811921,0.0,0.0,0.0,8.134723308030738,1.3892359981218927,1.2601733188681716,1.9743287225153825,2.7775283674822098,2.1431095941881617,1.6131333679139914,0.0,10.944463730055832,0.0,0.0,d__Bacteria;p__Bacillota_A;c__Clostridia;o__UBA1381;f__UBA1381;g__Ornithomonoglobus;s__Ornithomonoglobus merdipullorum
D300481:bin_000002,8.024219813857458,2.612583973250567,4.669526157358297,11.981273905814396,7.630847795157799,3.2961809667184294,35.70544986480908,4.002959355963888,17.107717574683747,20.949118869723947,5.582141106918426,11.282781848831542,8.856106569349992,6.925696170528312,5.064575777068177,0.0,14.9195158206248,2.408221668369121,4.619960672965409,92.59854296115896,54.3790300551541,5.241486429055101,d__Bacteria;p__Bacillota_A;c__Clostridia;o__Oscillospirales;f__Ruminococcaceae;g__Merdivicinus;s__Merdivicinus intestinigallinarum
D300482:bin_000009,0.0,0.0,0.0,0.0,0.0,0.0,0.0,0.0,0.0,0.0,0.0,0.0,0.0,0.0,0.0,0.0,0.0,0.0,0.0,0.0,0.0,0.0,d__Bacteria;p__Bacillota_A;c__Clostridia;o__Lachnospirales;f__Lachnospiraceae;g__Mediterraneibacter;s__Mediterraneibacter sp900761655
D300491:bin_000003,49.46087819470499,8.340547207293717,39.195431431309935,0.6408597390868217,59.76666315641047,0.0,35.714387707201794,65.84657562608989,0.0,37.67132578806739,0.0,0.0,0.0,0.0,24.889025332745515,0.0,0.0,0.0,0.0,0.0,0.0,0.0,d__Bacteria;p__Bacillota_A;c__Clostridia;o__TANB77;f__CAG-508;g__CAG-273;s__CAG-273 sp944392105
D300492:bin_000003,35.035497099640104,48.930804256093055,36.79566404262487,61.060153702637486,71.1262257500325,31.779819358232224,59.37856927642257,59.53134599440287,78.38445444491127,32.44982918745588,48.4426154602016,30.38338496264503,71.10089114474113,45.09039477648695,29.02843598322246,21.97369845727334,124.75754933537378,8.869328629943755,8.594900566198268,44.6805622955324,96.0106893938183,52.51307220392669,d__Bacteria;p__Bacillota_A;c__Clostridia;o__Lachnospirales;f__Lachnospiraceae;g__Lachnoclostridium_A;s__Lachnoclostridium_A stercorigallinarum
D300493:bin_000002,0.0,0.0,0.0,0.0,0.0,0.0,0.0,0.0,0.0,0.0,0.0,0.0,0.0,0.0,0.0,0.0,0.0,0.0,0.0,0.0,0.0,0.0,d__Bacteria;p__Bacillota_A;c__Clostridia;o__Oscillospirales;f__Acutalibacteraceae;g__Fimenecus;s__Fimenecus stercoravium
D300499:bin_000015,0.0,0.0,0.0,0.0,0.0,0.0,0.0,0.0,0.0,0.0,0.0,0.0,0.0,0.0,0.0,0.0,0.0,0.0,0.0,0.0,0.0,0.0,d__Bacteria;p__Bacillota_A;c__Clostridia;o__Lachnospirales;f__Lachnospiraceae;g__Caccovicinus;s__Caccovicinus sp017889125
D300500:bin_000011,97.00321584473129,54.815519067138965,155.91685276468638,119.641929081134,82.66432647298282,77.30461481700904,9.057046212025805,73.7357898863191,155.1489877982372,123.00224736639522,60.3699019637406,136.21559108219472,152.3829710999679,78.90375702191137,74.05923681778594,117.96890936213462,0.0,74.37195244168288,47.51849598507195,0.0,27.903439517108897,12.921558576088518,d__Bacteria;p__Bacillota_A;c__Clostridia;o__Oscillospirales;f__Ruminococcaceae;g__Gemmiger;s__Gemmiger stercoravium
D300506:bin_000004,0.0,0.0,4.439153800388183,3.933248154180768,5.9025056325527405,22.847974719347697,111.20432267943704,23.1854597235904,72.28487549863941,2.63890216426572,9.887953652137444,19.5363263076788,4.5419734904270985,3.8292580635722575,12.229574071726049,5.3922109842093455,10.338674911488456,8.852207668074398,7.442109061826409,0.0,12.137287986813488,0.0,d__Bacteria;p__Bacillota_A;c__Clostridia;o__Oscillospirales;f__Butyricicoccaceae;g__Agathobaculum;s__Agathobaculum stercoravium
D300509:bin_000001,13.333629126780767,12.262178987079988,21.365592073721587,19.71364729342833,22.151046923933016,16.21102151034599,9.294138236602713,10.579668883885049,14.0713872835932,13.113817621155146,13.380832831100708,17.716302039619066,23.824621600070003,11.84474048438642,5.652920898669792,8.535982656644197,2.8054159780225465,20.34473493825928,2.805477601657429,0.0,0.0,0.0,d__Bacteria;p__Bacillota;c__Bacilli;o__Erysipelotrichales;f__Coprobacillaceae;g__Massilimicrobiota;s__Massilimicrobiota merdigallinarum
D300511:bin_000002,115.45095414580648,272.4889206302265,287.42106154819635,52.74133211050695,370.1011166472208,158.91848110116632,116.24659447441311,205.05655073163047,239.4480489354047,62.99126820545639,128.60768704424623,136.63435595382552,202.92456150958395,180.25112439963675,59.0440462941955,58.93588662196406,166.46105802818047,54.068027899119215,8.772382482054205,6.48863747248491,1.6120685062142048,7.900460176228279,d__Bacteria;p__Bacillota_A;c__Clostridia;o__Lachnospirales;f__Lachnospiraceae;g__Eisenbergiella;s__Eisenbergiella merdigallinarum
D300511:bin_000016,13.422761842786995,30.798944885199507,7.575011716629521,17.86367350333404,30.390970159402357,21.487961373897036,6.058143703758649,7.398728422576399,7.969724454094975,23.611846327272158,8.552128043373445,16.41884730843451,20.648803442722254,10.799248337474896,17.914305077430903,0.0,0.0,0.0,0.0,0.0,0.0,0.0,d__Bacteria;p__Bacillota_A;c__Clostridia;o__Lachnospirales;f__Lachnospiraceae;g__Merdisoma;s__Merdisoma sp002160825
D300514:bin_000003,7.248912260294397,65.18325334657081,1.0747738853562172,30.47467867919041,2.809415408210328,0.0,0.0,0.0,0.0,0.0,0.0,0.0,0.0,0.0,0.0,0.0,0.0,0.0,0.0,0.0,0.0,0.0,d__Bacteria;p__Bacillota_A;c__Clostridia;o__TANB77;f__CAG-508;g__CAG-273;s__
D300519:bin_000006,0.0,0.0,0.0,0.0,0.0,0.0,0.0,0.0,0.0,0.0,0.0,0.0,0.0,0.0,0.0,0.0,0.0,0.0,0.0,0.0,0.0,0.0,d__Bacteria;p__Bacillota_A;c__Clostridia;o__Oscillospirales;f__Ruminococcaceae;g__Gemmiger;s__Gemmiger avicola
D300521:bin_000005,106.09152188918095,0.0,0.0,0.0,0.0,0.0,0.0,0.0,0.0,0.0,0.0,0.0,0.0,0.0,0.0,0.0,0.0,0.0,0.0,0.0,0.0,0.0,d__Bacteria;p__Bacillota_A;c__Clostridia;o__TANB77;f__CAG-508;g__CAG-273;s__CAG-273 sp017886645
D300521:bin_000006,214.56384306672211,7.7892596846531585,76.76203355186081,312.3412096540696,99.48496800704092,8.02683401051923,411.7914475160157,2.593687502516677,47.267583663936826,78.94471171822418,0.0,0.0,0.0,0.0,0.0,0.0,0.0,0.0,0.0,0.0,0.0,0.0,d__Bacteria;p__Bacillota_A;c__Clostridia;o__Oscillospirales;f__Ruminococcaceae;g__Faecalibacterium;s__Faecalibacterium faecigallinarum
D300526:bin_000001,23.768731593061027,13.045620297847616,28.451215154189363,35.59369990966559,16.007674159145907,0.0,34.348236772834085,18.81417842609593,1.5778899664350323,23.696999627477204,0.0,0.0,0.0,0.0,0.0,0.0,0.0,0.0,0.0,0.0,0.0,0.0,d__Bacteria;p__Bacillota_A;c__Clostridia;o__Oscillospirales;f__Acutalibacteraceae;g__Eubacterium_R;s__
D300526:bin_000014,29.109042124576654,37.35575493344734,98.23839334637609,104.52729580371908,88.16659845275026,29.28888664549907,43.42950988757171,24.888693741003216,155.21248077492632,75.39617791243523,0.0,9.31770677178705,13.876033319204032,9.716302071898888,1.9498740221742867,0.0,0.0,0.0,0.0,0.0,0.0,0.0,d__Bacteria;p__Bacillota_A;c__Clostridia;o__Lachnospirales;f__Lachnospiraceae;g__Blautia;s__Blautia stercorigallinarum
GEXTRA:bin_000001,0.0,0.0,0.0,0.0,0.0,0.0,0.0,0.0,0.0,0.0,0.0,0.0,0.0,0.0,0.0,0.0,0.0,0.0,0.0,0.0,0.0,0.0,d__Bacteria;p__Actinomycetota;c__Actinomycetia;o__Actinomycetales;f__Bifidobacteriaceae;g__Bifidobacterium;s__Bifidobacterium animalis
GEXTRA:bin_000002,0.0,0.0,0.0,0.0,0.0,0.0,0.0,0.0,0.0,0.0,0.0,0.0,0.0,0.0,0.0,0.0,0.0,0.0,0.0,0.0,0.0,0.0,d__Bacteria;p__Bacillota;c__Bacilli;o__Lactobacillales;f__Enterococcaceae;g__Enterococcus_B;s__Enterococcus_B faecium
GEXTRA:bin_000004,0.0,0.0,0.0,0.0,0.0,0.0,0.0,0.0,0.0,0.0,0.0,0.0,0.0,0.0,0.0,0.0,0.0,0.0,0.0,0.0,0.0,0.0,d__Bacteria;p__Bacillota;c__Bacilli;o__Lactobacillales;f__Lactobacillaceae;g__Limosilactobacillus;s__Limosilactobacillus reuteri
GEXTRA:bin_000006,0.0,0.0,0.0,0.0,0.0,0.0,0.0,0.0,0.0,0.0,0.0,0.0,0.0,0.0,0.0,0.0,0.0,0.0,0.0,0.0,0.0,0.0,d__Bacteria;p__Bacillota;c__Bacilli;o__Lactobacillales;f__Lactobacillaceae;g__Pediococcus;s__Pediococcus acidilactici
GPB:bin_000001,9.868470497096393,6.390501201044085,7.589449600952742,6.335868870845125,16.96467542903723,11.285333965411088,19.411495625077688,16.996544288319956,15.364222761158436,9.220903948269832,20.69177826789498,44.98065466297056,28.11769220318602,23.726401868483507,16.562412378703222,15.993903725693672,10.96447742297275,16.620983150695622,7.88212279844717,10.038040289175571,0.0,0.0,d__Bacteria;p__Bacillota_A;c__Clostridia;o__Lachnospirales;f__Lachnospiraceae;g__Enterocloster;s__Enterocloster excrementipullorum
GPB:bin_000002,0.0,0.0,0.0,0.0,0.0,0.0,0.0,0.0,0.0,0.0,0.0,0.0,0.0,0.0,0.0,0.0,0.0,0.0,0.0,5.970607474895098,20.095213190361857,14.225599734774308,d__Bacteria;p__Pseudomonadota;c__Gammaproteobacteria;o__Enterobacterales;f__Enterobacteriaceae;g__Proteus;s__Proteus mirabilis
GPB:bin_000003,2.6378573932377605,0.0,1.6847437011430182,0.0,0.0,0.0,0.0,0.0,0.0,0.0,0.0,0.0,0.0,0.0,0.0,0.0,0.0,0.0,0.0,0.0,0.0,0.0,d__Bacteria;p__Bacillota_A;c__Clostridia;o__Lachnospirales;f__Lachnospiraceae;g__Mediterraneibacter;s__Mediterraneibacter merdavium
GPB:bin_000004,3.2953361780368184,4.392505593293712,5.689754492607578,11.570112002808395,9.344262754250172,5.496070456361105,5.787926950603802,8.570226840776378,22.56701448981288,5.442992907744031,0.0,0.0,0.0,0.0,0.0,0.0,0.0,0.0,0.0,0.0,0.0,0.0,d__Bacteria;p__Bacillota_A;c__Clostridia;o__Oscillospirales;f__Acutalibacteraceae;g__Acutalibacter;s__Acutalibacter stercoravium
GPB:bin_000005,0.0,0.0,0.0,0.0,0.0,0.0,0.0,0.0,9.718619398405831,0.0,0.0,0.0,0.0,0.0,0.0,0.0,0.0,0.0,0.0,0.0,0.0,0.0,d__Bacteria;p__Bacillota_A;c__Clostridia;o__Lachnospirales;f__Lachnospiraceae;g__Blautia;s__
GPB:bin_000009,0.0,0.0,0.0,0.0,0.0,0.0,0.0,0.0,0.0,0.0,0.0,0.0,0.0,0.0,0.0,0.0,1.4346939317700906,0.0,0.0,19.133935156948976,55.20334817345686,20.43669068749597,d__Bacteria;p__Pseudomonadota;c__Gammaproteobacteria;o__Enterobacterales;f__Enterobacteriaceae;g__Klebsiella;s__Klebsiella pneumoniae
GPB:bin_000010,0.6798742229536177,1.09686206564029,3.2285674488550167,4.440296555501422,0.7846884282722295,3.228252312940048,7.291425718998346,1.4257063929101983,1.1647423417245624,1.6963136030938784,1.466674061856138,2.574093180647881,0.6231497582592396,36.24066173499969,7.371186619076941,6.282927763915299,15.90484660129067,6.026281074764735,18.67410345407871,40.79957544889536,62.80573698630482,52.47425812278578,d__Bacteria;p__Pseudomonadota;c__Gammaproteobacteria;o__Enterobacterales;f__Enterobacteriaceae;g__Escherichia;s__Escherichia coli
GPB:bin_000012,0.0,0.0,0.0,0.0,0.0,0.0,0.0,0.0,0.0,0.0,0.0,0.0,0.0,0.0,0.0,0.0,0.0,0.0,0.0,0.0,0.0,0.0,d__Bacteria;p__Bacillota_A;c__Clostridia;o__Lachnospirales;f__Lachnospiraceae;g__Choladocola;s__Choladocola sp944381625
GPB:bin_000014,6.986115765222121,4.00521442056999,9.90440228955018,27.93819703825997,4.744332654968274,4.553536806526108,4.4067393343667725,14.898059076787836,2.3970260911733536,5.500205689003675,9.628379452167998,22.482716220916345,13.814127973976936,23.69137749880355,31.132733429775595,46.18004190062088,0.0,24.483756925544213,40.430103425698135,0.0,0.0,0.0,d__Bacteria;p__Bacillota;c__Bacilli;o__CAJFEE01;f__CAJFEE01;g__Harrysmithimonas;s__Harrysmithimonas galli
GPB:bin_000015,10.33165551278192,24.087542579229908,31.40059295627056,48.45443492098582,52.68554703000943,11.402561203990404,31.745267186741977,18.79223471440639,54.58956695952769,23.58027146234168,30.379384076991386,42.85445269870716,20.649371675876356,23.45399480694289,19.19045855842882,4.375224205637442,34.495604775857856,17.406957726829727,0.0,3.459729276472715,0.0,13.625584449804055,d__Bacteria;p__Bacillota_A;c__Clostridia;o__Oscillospirales;f__Oscillospiraceae;g__Lawsonibacter;s__Lawsonibacter pullicola
GPB:bin_000016,0.0,0.0,0.0,0.0,0.0,0.0,0.0,0.0,0.0,0.0,0.0,0.0,0.0,0.0,0.0,0.0,0.0,0.0,0.0,0.0,0.0,0.0,d__Bacteria;p__Bacillota_A;c__Clostridia;o__Oscillospirales;f__Ruminococcaceae;g__Fournierella;s__Fournierella sp002161595
GPB:bin_000017,0.0,0.0,0.0,0.0,0.0,0.0,0.0,0.0,0.0,0.0,0.0,0.0,0.0,0.0,0.0,0.0,0.0,0.0,0.0,0.0,0.0,0.0,d__Bacteria;p__Bacillota;c__Bacilli;o__Erysipelotrichales;f__Coprobacillaceae;g__Thomasclavelia;s__Thomasclavelia ramosa
GPB:bin_000019,0.0,0.0,0.0,0.0,0.0,0.0,0.0,0.0,0.0,0.0,0.0,0.0,0.0,0.0,0.0,0.0,0.0,0.0,0.0,0.0,0.0,0.0,d__Bacteria;p__Bacillota_A;c__Clostridia;o__Oscillospirales;f__Oscillospiraceae;g__HGM12998;s__HGM12998 sp900756495
GPB:bin_000020,0.0,0.0,0.0,0.0,0.0,0.0,0.0,0.0,0.0,0.0,0.0,0.0,0.0,0.0,0.0,0.0,0.0,0.0,0.0,0.0,0.0,0.0,d__Bacteria;p__Bacillota_A;c__Clostridia;o__TANB77;f__CAG-508;g__CAG-269;s__CAG-269 sp904419095
GPB:bin_000021,16.947491271250577,22.157196278286627,17.197888589045487,11.96355819705142,41.56148169167763,8.838535635553091,35.6814765311763,8.710041036030281,52.12963279768544,13.586008512315988,9.801138637621372,16.318249121004026,37.832171958953296,20.77214785777985,5.620991312214411,4.147658767814167,34.515090228728866,22.29308320178345,10.6634037900806,42.70060585666676,73.65254884505532,100.0438517052726,d__Bacteria;p__Bacillota_A;c__Clostridia;o__Oscillospirales;f__Acutalibacteraceae;g__Anaeromassilibacillus;s__Anaeromassilibacillus stercoravium
GPB:bin_000022,16.3165473736846,13.159944483086894,8.403544171525464,10.62999035185286,24.664518538225572,17.829639684976776,20.01341445042423,11.344225696125037,14.761945592143013,9.005511624254352,13.790920484522898,55.01298973962824,37.8717020806021,20.44337403077791,12.763240559400211,8.581321699997115,31.93905319943457,7.481040268994189,5.479169938809592,16.17899716966315,88.40767909172791,41.67598893508176,d__Bacteria;p__Bacillota_A;c__Clostridia;o__Oscillospirales;f__Oscillospiraceae;g__Dysosmobacter;s__Dysosmobacter pullicola
GPB:bin_000023,1.824938731702542,1.155270122396753,2.2904220591932325,1.4987571537947888,2.3508242894196463,1.2177223099236685,3.363074135037203,1.7753583690857542,4.942351704658679,5.075884969744855,1.3554508364620343,2.43191678635345,1.2782198870012684,1.3873443581837952,3.1623690132903977,2.804865994768001,0.0,0.0,0.0,0.0,0.0,0.0,d__Bacteria;p__Bacillota_A;c__Clostridia;o__Lachnospirales;f__Lachnospiraceae;g__Sellimonas;s__Sellimonas intestinalis
GPB:bin_000024,0.0,0.0,0.0,0.0,0.0,0.0,0.0,0.0,0.0,0.0,0.0,0.0,0.0,0.0,0.0,0.0,0.0,0.0,0.0,0.0,0.0,0.0,d__Bacteria;p__Bacillota_A;c__Clostridia;o__Oscillospirales;f__Ruminococcaceae;g__Merdivicinus;s__Merdivicinus intestinavium
GPB:bin_000025,0.0,0.0,0.0,0.0,0.0,0.0,0.0,0.0,0.0,0.0,0.0,0.0,0.0,0.0,0.0,0.0,0.0,0.0,0.0,0.0,0.0,0.0,d__Bacteria;p__Bacillota;c__Bacilli;o__Lactobacillales;f__Lactobacillaceae;g__Ligilactobacillus;s__Ligilactobacillus salivarius
GPB:bin_000026,0.0,0.0,0.0,0.0,0.0,0.0,0.0,0.0,0.0,0.0,0.0,0.0,0.0,0.0,0.0,0.0,0.0,0.0,0.0,0.0,0.0,0.0,d__Bacteria;p__Bacillota_A;c__Clostridia;o__UBA1381;f__UBA1381;g__UBA4716;s__UBA4716 sp905215805
GPB:bin_000027,0.0,0.0,0.0,0.0,0.0,0.0,0.0,0.0,0.0,0.0,0.0,0.0,0.0,0.0,0.0,0.0,0.0,0.0,0.0,0.0,0.0,0.0,d__Bacteria;p__Bacillota_A;c__Clostridia;o__Oscillospirales;f__Oscillospiraceae;g__Galloscillospira_A;s__Galloscillospira_A stercoripullorum
GPB:bin_000028,3.729525641568031,1.3796205719653571,2.101635531165576,1.9448859755987005,3.0075538521710525,0.8443150117810393,1.6797802138977411,4.310245834761535,10.963489570607235,2.300000777056458,0.0,0.0,0.0,0.0,0.0,0.0,0.0,0.0,0.0,0.0,0.0,0.0,d__Bacteria;p__Bacillota_A;c__Clostridia;o__Oscillospirales;f__Oscillospiraceae;g__Intestinimonas;s__
GPB:bin_000029,0.0,0.0,0.0,0.0,0.0,0.0,0.0,0.0,0.0,0.0,0.0,0.0,0.0,0.0,0.0,0.0,0.0,0.0,0.0,0.0,0.0,0.0,d__Bacteria;p__Bacillota_A;c__Clostridia;o__Lachnospirales;f__Lachnospiraceae;g__Mediterraneibacter;s__Mediterraneibacter merdigallinarum
GPB:bin_000031,14.99410828306392,4.136031987015912,3.2837566064540638,64.04020013677292,0.0,53.48826741493979,6.271565344355419,24.535848931292875,25.186117029059577,20.629687300561105,117.0735522876258,78.34333532923567,72.47866425359652,34.242199636586655,27.758081069609947,65.93068632405637,12.044280494499509,48.46229041728196,25.15152167664099,21.36704696043444,42.84406744835473,4.219621207482869,d__Bacteria;p__Bacillota_A;c__Clostridia;o__Lachnospirales;f__Lachnospiraceae;g__Mediterraneibacter;s__Mediterraneibacter faecigallinarum
GPB:bin_000032,0.0,0.0,0.0,0.0,0.0,0.0,0.0,0.0,0.0,0.0,0.0,0.0,0.0,0.0,0.0,0.0,0.0,0.0,0.0,0.0,0.0,0.0,d__Bacteria;p__Bacillota_A;c__Clostridia;o__Oscillospirales;f__Acutalibacteraceae;g__Caccousia;s__Caccousia avistercoris
GPB:bin_000033,2.469800374872072,1.6198699446891205,1.1382427009187814,5.736405137817232,2.96466600738245,3.013997332198751,7.690770787576325,6.322171498223382,5.020281614019755,1.9597127514000203,10.819385830755609,9.088692892379518,4.06556524038959,15.116256338902753,10.783034163954785,4.776169175396433,5.622822349734944,11.48022722307188,0.0,0.0,0.0,0.0,d__Bacteria;p__Bacillota_A;c__Clostridia;o__Oscillospirales;f__Ruminococcaceae;g__Anaerotruncus;s__Anaerotruncus colihominis
GPB:bin_000034,17.0538403570537,17.1481354458544,11.065771699341374,10.401973158757157,23.10354106249762,19.085909241851933,20.50702372036704,15.087214208111789,9.13503601100278,11.400334562863522,30.385493876846336,46.97069736370374,48.44504482224696,28.023528277250115,27.16083514729865,8.117232320545753,47.24043964453279,13.672165722938088,0.0,6.011671593342028,0.0,31.92886145193439,d__Bacteria;p__Bacillota_A;c__Clostridia;o__Oscillospirales;f__Oscillospiraceae;g__Lawsonibacter;s__Lawsonibacter sp900545895
GPB:bin_000035,0.0,0.0,4.195300808849404,0.0,2.43618596837172,2.0487331827983715,3.2659296314217783,2.386129399468105,0.0,2.169317215948272,3.7064274377735833,6.0139979085817625,3.1411244099986626,12.790387246084318,14.8002331988613,6.930033119517903,3.0843438243766523,15.625830384935014,4.7345669496647576,0.0,0.0,0.0,d__Bacteria;p__Bacillota_A;c__Clostridia;o__Lachnospirales;f__Anaerotignaceae;g__Coprocola;s__Coprocola pullicola
GPB:bin_000038,0.0,0.0,0.0,0.0,0.0,0.0,0.0,0.0,0.0,0.0,0.0,0.0,0.0,0.0,0.0,0.0,0.0,0.0,0.0,0.0,0.0,0.0,d__Bacteria;p__Bacillota_A;c__Clostridia;o__Lachnospirales;f__Lachnospiraceae;g__Choladocola;s__
GPB:bin_000039,0.0,0.0,0.0,0.0,0.0,0.0,0.0,0.0,0.0,0.0,0.0,0.0,0.0,0.0,0.0,0.0,0.0,0.0,0.0,0.0,0.0,0.0,d__Bacteria;p__Bacillota;c__Bacilli;o__Lactobacillales;f__Enterococcaceae;g__Enterococcus_D;s__Enterococcus_D gallinarum
GPB:bin_000040,0.0,0.0,0.0,0.0,0.0,0.0,0.0,0.0,0.0,0.0,0.0,0.0,0.0,0.0,0.0,0.0,0.0,0.0,0.0,0.0,0.0,0.0,d__Bacteria;p__Bacillota_A;c__Clostridia;o__Oscillospirales;f__Acutalibacteraceae;g__Scybalenecus;s__Scybalenecus merdavium
GPB:bin_000041,0.0,0.0,0.0,0.0,0.0,0.0,0.0,0.0,0.0,0.0,0.0,0.0,0.0,0.0,0.0,0.0,0.0,0.0,0.0,0.0,0.0,0.0,d__Bacteria;p__Bacillota_A;c__Clostridia;o__Christensenellales;f__Borkfalkiaceae;g__Gallimonas;s__Gallimonas faecium
GPB:bin_000042,0.759186728798555,0.0,0.0,0.0,0.807564128257843,0.0,0.0,0.0,0.0,0.0,0.0,0.0,0.0,0.0,0.0,0.0,0.0,0.0,0.0,0.0,0.0,0.0,d__Bacteria;p__Bacillota;c__Bacilli;o__Erysipelotrichales;f__Erysipelotrichaceae;g__Holdemania;s__Holdemania filiformis
GPB:bin_000043,0.0,0.0,0.0,0.0,0.0,0.0,0.0,0.0,0.0,0.0,0.0,0.0,0.0,0.0,0.0,0.0,0.0,0.0,0.0,0.0,0.0,0.0,d__Bacteria;p__Bacillota;c__Bacilli;o__ML615J-28;f__CAG-313;g__CAG-313;s__CAG-313 sp000433035
GPB:bin_000045,0.0,0.0,0.0,0.0,0.0,0.0,0.0,0.0,0.0,0.0,0.0,0.0,0.0,0.0,0.0,0.0,0.0,0.0,0.0,0.0,0.0,0.0,d__Bacteria;p__Bacillota_A;c__Clostridia;o__Oscillospirales;f__Acutalibacteraceae;g__Acutalibacter;s__Acutalibacter pullistercoris
GPB:bin_000049,0.0,0.0,0.0,0.0,0.0,0.0,0.0,0.0,0.0,0.0,0.0,0.0,0.0,0.0,0.0,0.0,0.0,0.0,0.0,0.0,0.0,0.0,d__Bacteria;p__Bacillota_A;c__Clostridia;o__Lachnospirales;f__Lachnospiraceae;g__Mediterraneibacter;s__Mediterraneibacter pullicola
GPB:bin_000051,0.0,0.0,0.0,0.0,0.0,0.6933716780460257,0.0,0.0,1.4695412536665944,0.0,0.0,0.0,0.0,0.0,0.0,6.197990917812159,0.0,5.300878773775118,0.0,0.0,0.0,0.0,d__Bacteria;p__Pseudomonadota;c__Gammaproteobacteria;o__Enterobacterales;f__Enterobacteriaceae;g__Salmonella;s__Salmonella enterica
GPB:bin_000053,23.74860181676736,2.4195826931041022,12.67353921299217,22.02782045972652,15.728593766328263,26.78861017683873,17.721319343115134,12.61325767984797,5.509470877149525,9.211802021124662,9.37058532110802,12.641656764884605,7.060438284482392,5.226737907892139,4.00886709421723,9.26545548842556,38.27219386076611,3.772385445735009,18.05499649728491,32.45584837307592,154.8786435010121,62.92569599529359,d__Bacteria;p__Bacillota_A;c__Clostridia;o__Lachnospirales;f__Lachnospiraceae;g__Mediterraneibacter;s__Mediterraneibacter excrementipullorum
GPB:bin_000054,17.143916387438324,16.412603860948284,25.58982822458756,11.440623325629565,26.95315311442897,7.695069153998097,53.84243024622742,11.25011995489696,17.139568022423568,17.145940626324503,38.82797568114389,67.01175358065368,27.712954928946715,24.0772344598431,19.10735313522116,7.452123001751342,67.86425803897734,50.67798257855046,12.908121546298592,0.0,0.0,0.0,d__Bacteria;p__Bacillota_A;c__Clostridia;o__Lachnospirales;f__Lachnospiraceae;g__Merdisoma;s__Merdisoma faecalis
GPB:bin_000055,0.0,0.0,0.0,0.0,0.0,0.0,0.0,0.0,0.0,0.0,0.0,0.0,0.0,0.0,0.0,0.0,0.0,0.0,0.0,0.0,0.0,0.0,d__Bacteria;p__Bacillota_A;c__Clostridia;o__Lachnospirales;f__Lachnospiraceae;g__Fimimorpha;s__Fimimorpha faecalis
GPB:bin_000056,0.0,0.0,0.0,0.0,0.0,0.0,0.0,0.0,0.0,0.0,0.0,0.0,0.0,0.0,0.0,0.0,0.0,0.0,0.0,0.0,0.0,0.0,d__Bacteria;p__Verrucomicrobiota;c__Verrucomicrobiae;o__Verrucomicrobiales;f__Akkermansiaceae;g__Akkermansia;s__Akkermansia sp905200945
GPB:bin_000057,0.0,0.0,0.0,0.0,0.0,0.0,0.0,0.0,0.0,0.0,0.0,0.0,0.0,0.0,0.0,0.0,0.0,0.0,0.0,0.0,0.0,0.0,d__Bacteria;p__Bacillota_A;c__Clostridia;o__Lachnospirales;f__Lachnospiraceae;g__Eisenbergiella;s__Eisenbergiella merdavium
GPB:bin_000058,0.0,0.0,0.0,0.0,0.0,0.0,0.0,0.0,0.0,0.0,0.0,0.0,0.0,0.0,0.0,0.0,0.0,0.0,0.0,0.0,0.0,0.0,d__Bacteria;p__Bacillota_A;c__Clostridia;o__Lachnospirales;f__Lachnospiraceae;g__Mediterraneibacter;s__
GPB:bin_000059,20.434815829837987,15.577913369927892,16.788646871857658,36.81407960286616,31.12475588786676,10.5376749750105,18.583503437045117,16.14945587207763,81.15849805710172,9.865667066717569,9.404573832373202,36.12568562565683,19.540969201652217,21.33103530406903,6.738569373810406,0.0,29.454764749476706,12.534715931527126,19.664804902807333,22.06200619805296,0.0,9.961700175530911,d__Bacteria;p__Bacillota_A;c__Clostridia;o__Oscillospirales;f__Oscillospiraceae;g__Dysosmobacter;s__Dysosmobacter avistercoris
GPB:bin_000060,4.286690440990453,1.9332256961049723,4.638892787773397,5.400996302736849,4.57846241255876,0.0,0.0,0.0,0.0,0.0,0.0,0.0,0.0,0.0,0.0,0.0,0.0,0.0,0.0,0.0,0.0,0.0,d__Bacteria;p__Bacillota_A;c__Clostridia;o__Oscillospirales;f__Acutalibacteraceae;g__Acutalibacter;s__Acutalibacter sp900755895
GPB:bin_000061,0.0,0.0,0.0,0.0,0.0,0.0,0.0,0.0,0.0,0.0,0.0,0.0,0.0,0.0,0.0,0.0,0.0,0.0,0.0,0.0,0.0,0.0,d__Bacteria;p__Bacillota_A;c__Clostridia;o__Lachnospirales;f__CAG-274;g__Gallispira;s__
GPB:bin_000065,3.21255765540772,2.3999281697588035,3.459723520080876,6.837839905024459,7.43876970759106,0.0,0.0,0.0,0.0,0.0,0.0,0.0,0.0,0.0,0.0,0.0,0.0,0.0,0.0,0.0,0.0,0.0,d__Bacteria;p__Bacillota_A;c__Clostridia;o__Oscillospirales;f__Ruminococcaceae;g__Faecivivens;s__Faecivivens stercoravium
GPB:bin_000067,3.0557220411841595,0.0,0.0,0.0,3.284575932914628,0.0,0.0,0.0,0.0,0.0,0.0,0.0,0.0,0.0,0.0,0.0,0.0,0.0,0.0,0.0,0.0,0.0,d__Bacteria;p__Bacillota_A;c__Clostridia;o__Lachnospirales;f__Lachnospiraceae;g__Lachnoclostridium_A;s__Lachnoclostridium_A stercoripullorum
GPB:bin_000069,0.0,0.0,2.4299039365574293,0.0,0.0,0.0,0.0,0.0,0.0,0.0,0.0,0.0,0.0,0.0,0.0,0.0,0.0,0.0,0.0,0.0,0.0,0.0,d__Bacteria;p__Bacillota_A;c__Clostridia;o__Lachnospirales;f__Lachnospiraceae;g__Catenibacillus;s__Catenibacillus faecigallinarum
GPB:bin_000070,0.0,0.0,0.0,0.0,0.0,0.0,0.0,0.0,0.0,0.0,0.0,0.0,0.0,0.0,0.0,0.0,0.0,0.0,0.0,0.0,0.0,0.0,d__Bacteria;p__Bacillota_A;c__Clostridia;o__Christensenellales;f__Borkfalkiaceae;g__Gallimonas;s__Gallimonas merdigallinarum
GPB:bin_000071,0.0,0.0,0.0,0.0,0.0,0.0,0.0,0.0,0.0,0.0,0.0,0.0,0.0,0.0,0.0,0.0,0.0,0.0,0.0,0.0,0.0,0.0,d__Bacteria;p__Bacillota_A;c__Clostridia;o__Oscillospirales;f__Ruminococcaceae;g__Pararuminococcus;s__Pararuminococcus gallinarum
GPB:bin_000073,0.0,0.0,0.0,0.0,0.0,0.0,0.0,0.0,0.0,0.0,0.0,0.0,0.0,0.0,0.0,0.0,0.0,0.0,0.0,0.0,0.0,0.0,d__Bacteria;p__Bacillota_A;c__Clostridia;o__TANB77;f__CAG-508;g__CAG-269;s__
GPB:bin_000074,0.0,0.0,0.0,0.0,0.0,0.0,24.1406896838051,12.148150040679065,18.018829736356544,0.0,19.29485096452099,19.340639862928715,0.0,0.0,14.86450557969863,0.0,0.0,0.0,0.0,0.0,25.913043408833783,0.0,d__Bacteria;p__Bacillota_A;c__Clostridia;o__Oscillospirales;f__Butyricicoccaceae;g__Agathobaculum;s__Agathobaculum sp900557315
GPB:bin_000075,0.0,0.0,0.0,0.0,0.0,0.0,0.0,0.0,0.0,0.0,0.0,0.0,0.0,0.0,0.0,0.0,0.0,0.0,0.0,0.0,0.0,0.0,d__Bacteria;p__Bacillota_A;c__Clostridia;o__Lachnospirales;f__Lachnospiraceae;g__HGM12545;s__HGM12545 sp900761925
GPB:bin_000076,0.0,0.0,0.0,0.0,0.0,0.0,0.0,0.0,0.0,0.0,0.0,0.0,0.0,0.0,0.0,0.0,0.0,0.0,0.0,0.0,0.0,0.0,d__Bacteria;p__Bacillota_A;c__Clostridia;o__Christensenellales;f__UBA1750;g__Spyradocola;s__Spyradocola merdavium
GPB:bin_000078,2.2323883593001144,1.785595715012948,1.9481044618823773,2.424734359065162,2.7692035283722056,2.923540017672507,2.3291785348844734,1.449043420225997,4.07310424906317,1.480625790623356,1.4917775170978953,2.45963670909998,2.161306743985304,0.7358862557950671,1.91537286776436,0.0,0.8622583012260089,0.0,0.0,1.339696911397405,6.280635324923853,5.5589228283502425,d__Bacteria;p__Actinomycetota;c__Coriobacteriia;o__Coriobacteriales;f__Eggerthellaceae;g__Gordonibacter;s__Gordonibacter urolithinfaciens
GPB:bin_000080,1.4102791888421375,1.6635136444763896,1.1482115600494254,2.266592232460851,2.1312680196732434,1.3455698860470189,1.258500036342198,2.2212149600639624,3.235212763379986,0.0,2.010531161415892,1.6517024300816487,1.650743399853016,5.024207941981699,1.1762758130557327,2.8576577049498075,1.0346926661444158,5.147872366200141,0.0,0.0,0.0,0.0,d__Bacteria;p__Bacillota_A;c__Clostridia;o__Oscillospirales;f__Oscillospiraceae;g__Lawsonibacter;s__Lawsonibacter asaccharolyticus
GPB:bin_000082,0.0,0.0,0.0,0.0,0.0,0.0,0.0,0.0,0.0,0.0,0.0,0.0,0.0,0.0,0.0,0.0,0.0,0.0,0.0,0.0,0.0,0.0,d__Bacteria;p__Bacillota_A;c__Clostridia;o__Oscillospirales;f__Acutalibacteraceae;g__CAJFUH01;s__CAJFUH01 sp904420155
GPB:bin_000083,0.0,0.0,0.0,0.0,0.0,0.0,0.0,0.0,0.0,0.0,0.0,0.0,0.0,0.0,0.0,0.0,0.0,0.0,0.0,0.0,0.0,0.0,d__Bacteria;p__Bacillota_A;c__Clostridia;o__TANB77;f__CAG-508;g__CAG-273;s__
GPB:bin_000084,0.0,0.0,0.0,0.0,0.0,0.0,0.0,0.0,0.0,0.0,0.0,0.0,0.0,0.0,0.0,0.0,0.0,0.0,0.0,0.0,0.0,0.0,d__Bacteria;p__Bacillota_A;c__Clostridia;o__Lachnospirales;f__Lachnospiraceae;g__Mediterraneibacter;s__
GPB:bin_000085,69.16331577507076,47.24306830717334,48.67380900720921,48.650804922527726,86.40730991398898,41.26498217773892,4.363171043006145,10.827035420622051,0.0,4.222831955555038,0.0,0.0,0.0,0.0,0.0,0.0,0.0,0.0,0.0,0.0,0.0,0.0,d__Bacteria;p__Bacillota_A;c__Clostridia;o__Oscillospirales;f__Oscillospiraceae;g__Pelethomonas;s__Pelethomonas intestinigallinarum
GPB:bin_000086,2.7488054051478623,2.7696925637719225,8.039896163617613,0.0,5.576041399301302,2.7134401718925547,3.1714360805300634,0.0,0.0,3.786016516071124,0.0,4.053768679713328,5.156131126477201,3.4145201870776267,2.334382045957897,0.0,2.939971320501845,3.9175180092186297,0.0,2.1391124725077963,0.0,0.0,d__Bacteria;p__Bacillota_A;c__Clostridia;o__Oscillospirales;f__Acutalibacteraceae;g__;s__
GPB:bin_000087,5.314258556791422,3.231784028298141,5.62832436612113,6.897376467870405,7.922764825867441,3.808886811655903,11.334352690712358,3.809688753649891,8.054114482987996,6.947139078971026,3.886590770126,8.075809124299038,8.010640785419175,5.710966598975259,2.9232473979796127,0.7669942060394392,3.284121295274198,2.019289940861702,0.0,1.1360141456940076,3.795253797758108,2.313813690022125,d__Bacteria;p__Actinomycetota;c__Coriobacteriia;o__Coriobacteriales;f__Eggerthellaceae;g__Rubneribacter;s__Rubneribacter badeniensis
GPB:bin_000088,0.0,0.0,0.0,0.0,0.0,0.0,0.0,0.0,0.0,0.0,0.0,0.0,0.0,0.0,0.0,0.0,0.0,0.0,0.0,0.0,0.0,0.0,d__Bacteria;p__Bacillota_A;c__Clostridia;o__Oscillospirales;f__Oscillospiraceae;g__Enterenecus;s__Enterenecus faecium
GPB:bin_000089,0.0,0.0,5.526534333650124,6.493281016003406,7.699451102582901,0.0,0.0,0.0,0.0,0.0,0.0,0.0,0.0,0.0,0.0,0.0,0.0,0.0,0.0,0.0,0.0,0.0,d__Bacteria;p__Bacillota_A;c__Clostridia;o__Lachnospirales;f__Lachnospiraceae;g__Blautia_A;s__Blautia_A intestinavium
GPB:bin_000092,7.26726761342678,3.655698202171507,8.777870551537216,7.79647480875018,7.419425488749539,4.893559652302215,7.530424057382965,6.526136974163232,27.04004819335076,14.17992618639039,13.451462840601094,15.7224040944301,20.234591759819093,10.889662486167468,22.116305049476367,12.8030252153064,16.67805177778134,18.15365990810386,6.312935524353279,0.0,0.0,0.0,d__Bacteria;p__Bacillota_A;c__Clostridia;o__Lachnospirales;f__Lachnospiraceae;g__Choladocola;s__Choladocola avistercoris
GPB:bin_000093,10.076703302582406,11.412733490323856,13.172146234168997,15.181929809876944,16.81113073732333,13.74735628593445,5.175984419452903,10.490507653503682,87.39016344214808,4.485231874541045,5.003188420553966,35.74271215077303,5.713011085693872,4.676364527505413,6.733391953099585,2.591983128552457,5.8056866925939765,0.0,0.0,0.0,0.0,0.0,d__Bacteria;p__Bacillota_A;c__Clostridia;o__Monoglobales;f__Monoglobaceae;g__Roslinia;s__Roslinia sp019419865
GPB:bin_000094,0.0,0.0,0.0,0.0,0.0,0.0,0.0,0.0,0.0,0.0,0.0,0.0,0.0,0.0,0.0,0.0,0.0,0.0,0.0,0.0,0.0,0.0,d__Bacteria;p__Bacillota_A;c__Clostridia;o__Lachnospirales;f__Lachnospiraceae;g__Caccomorpha;s__Caccomorpha excrementavium
GPB:bin_000095,0.0,0.0,0.0,0.0,0.0,0.0,0.0,0.0,0.0,0.0,0.0,0.0,0.0,0.0,0.0,0.0,0.0,0.0,0.0,0.0,0.0,0.0,d__Bacteria;p__Bacillota_A;c__Clostridia;o__Christensenellales;f__Borkfalkiaceae;g__UMGS775;s__UMGS775 sp900545325
GPB:bin_000097,1.4479131852316671,0.0,0.0,0.0,0.0,0.0,0.7335738791768693,1.8697948994277367,0.0,0.0,1.6429701727701194,1.9296471615363104,1.963409976059095,2.0489424395168165,0.0,0.0,0.0,0.0,0.0,0.0,0.0,0.0,d__Bacteria;p__Bacillota_A;c__Clostridia;o__Oscillospirales;f__Oscillospiraceae;g__Dysosmobacter;s__Dysosmobacter faecalis
GPB:bin_000099,0.0,0.0,0.0,0.0,0.0,0.0,0.0,0.0,0.0,0.0,0.0,0.0,0.0,0.0,0.0,0.0,0.0,0.0,0.0,0.0,0.0,0.0,d__Bacteria;p__Bacillota_A;c__Clostridia;o__TANB77;f__CAG-508;g__CAG-245;s__CAG-245 sp944388645
GPB:bin_000100,0.0,0.0,0.0,0.0,0.0,0.0,0.0,0.0,0.0,0.0,0.0,0.0,0.0,0.0,0.0,0.0,0.0,0.0,0.0,0.0,0.0,0.0,d__Bacteria;p__Bacillota_A;c__Clostridia;o__Christensenellales;f__Borkfalkiaceae;g__Borkfalkia;s__Borkfalkia sp904374385
GPB:bin_000104,42.55455644653014,12.5556057105313,24.534257061229837,16.66005888554079,17.93428086332597,51.29876348814789,145.82882349337308,67.74889915305381,5.531100114573995,22.735438293065773,31.479645334683525,94.216477951724,53.99797752603266,51.83850066512071,36.25587394184542,65.72920679162532,76.84710955935842,73.79494846282823,53.00593010211662,27.858276122624456,42.20175022869026,18.350289392645152,d__Bacteria;p__Bacillota_A;c__Clostridia;o__Lachnospirales;f__Lachnospiraceae;g__Caccovicinus;s__Caccovicinus merdipullorum
GPB:bin_000111,35.80800802055266,63.91382725927497,41.07891857500229,59.240361117671725,107.09910491789056,44.66344045077048,32.898629661584735,21.668795519287404,34.768324601020886,40.94805438937277,59.625820009929285,104.33861770787642,71.59582005812972,49.149647895809935,63.46189996481368,82.70814153576231,26.56263405746456,46.07836426998029,72.79673393840947,58.53692394453093,284.8363354171989,130.2026346358698,d__Bacteria;p__Bacillota_A;c__Clostridia;o__Oscillospirales;f__Butyricicoccaceae;g__Agathobaculum;s__Agathobaculum intestinigallinarum
GPB:bin_000112,8.400106755154079,3.881703277922057,5.6224521468057365,7.080022024564911,9.445010711998505,5.221320497270222,22.00233828586695,11.310152909077948,10.170449028342876,9.295444046996964,17.709274059339474,31.37048191925785,23.07106851132688,29.953660854254515,8.645020590498566,20.79734369378446,3.47627784853004,49.92849313023287,35.206132303424866,0.0,0.0,8.730854091747691,d__Bacteria;p__Bacillota_A;c__Clostridia;o__Oscillospirales;f__Oscillospiraceae;g__Flavonifractor;s__Flavonifractor avicola
GPB:bin_000113,0.0,0.0,0.0,0.0,0.0,0.0,0.0,0.0,0.0,0.0,0.0,0.0,0.0,0.0,0.0,0.0,0.0,0.0,0.0,0.0,0.0,0.0,d__Bacteria;p__Bacillota_A;c__Clostridia;o__Christensenellales;f__Borkfalkiaceae;g__Borkfalkia;s__Borkfalkia faecigallinarum
GPB:bin_000114,0.0,0.0,0.0,0.0,0.0,0.0,0.0,0.0,0.0,0.0,0.0,0.0,0.0,0.0,0.0,0.0,0.0,0.0,0.0,0.0,0.0,0.0,d__Bacteria;p__Bacillota_A;c__Clostridia;o__Oscillospirales;f__Oscillospiraceae;g__Avoscillospira;s__Avoscillospira stercoripullorum
GPB:bin_000115,0.0,2.603473841064865,0.0,0.0,0.6586338115803667,7.268662208134641,1.0286935995902486,0.0,8.856827824955962,0.0,1.2496806457251757,0.7859965748108018,1.3262156548993531,0.7688706288192633,1.1974226734811877,0.5903867334427797,0.0,0.0,0.0,0.0,0.0,0.0,d__Bacteria;p__Bacillota;c__Bacilli;o__Erysipelotrichales;f__Erysipelotrichaceae;g__Clostridium_AQ;s__Clostridium_AQ innocuum
GPB:bin_000116,4.375180531733245,0.0,0.0,3.6296068462865057,0.0,1.924010493351063,5.805363592631744,2.4998671396586607,7.3237301236110595,4.504956861004402,3.4111514021378264,9.317750444497008,4.170355319494013,6.780957767483664,2.198391192061533,0.0,0.0,0.0,0.0,0.0,0.0,0.0,d__Bacteria;p__Bacillota_A;c__Clostridia;o__Lachnospirales;f__Lachnospiraceae;g__Mediterraneibacter;s__Mediterraneibacter sp019418195
GPB:bin_000119,0.0,0.0,0.0,0.0,0.0,0.0,0.0,0.0,0.0,0.0,0.0,0.0,0.0,0.0,0.0,0.0,0.0,0.0,0.0,0.0,0.0,0.0,d__Bacteria;p__Bacillota_A;c__Clostridia;o__Christensenellales;f__Borkfalkiaceae;g__Gallimonas;s__Gallimonas intestinigallinarum
GPB:bin_000122,0.0,0.0,2.095324807613147,0.0,0.0,2.533558685839072,2.580652475737977,0.0,0.0,0.0,0.0,0.0,0.0,0.0,0.0,0.0,0.0,0.0,0.0,0.0,0.0,0.0,d__Bacteria;p__Bacillota_A;c__Clostridia;o__TANB77;f__CAG-508;g__JAETTH01;s__JAETTH01 sp021769225
GPB:bin_000123,0.0,0.0,0.0,0.0,0.0,0.0,0.0,0.0,0.0,0.0,0.0,0.0,0.0,0.0,0.0,0.0,0.0,0.0,0.0,0.0,0.0,0.0,d__Bacteria;p__Bacillota_A;c__Clostridia;o__Oscillospirales;f__Oscillospiraceae;g__Faecousia;s__Faecousia gallistercoris
GPB:bin_000124,16.496884915532597,8.431935839812633,15.994275949048056,20.451636021256952,22.985081813869478,12.47635896264255,27.521510014271705,17.38134914251934,29.800654572427632,15.396078302804035,17.599036224318866,28.33293803538113,17.87369999907792,23.379423537764698,19.12814774137166,13.93201165505703,11.863062300664817,17.150407199579533,10.136972021101226,0.0,0.0,0.0,d__Bacteria;p__Bacillota_A;c__Clostridia;o__Lachnospirales;f__Lachnospiraceae;g__Copromonas;s__Copromonas faecavium
GPB:bin_000125,0.0,0.0,0.0,0.0,0.0,0.0,0.0,0.0,0.0,0.0,0.0,0.0,0.0,0.0,0.0,0.0,0.0,0.0,0.0,0.0,0.0,0.0,d__Bacteria;p__Bacillota_A;c__Clostridia;o__Lachnospirales;f__Lachnospiraceae;g__Merdisoma;s__Merdisoma sp944375745
GPB:bin_000126,0.0,2.923666473280512,0.0,3.875901452902118,4.665496830982734,3.186748376445042,7.425562114107932,3.2727668488537134,0.0,2.8112917311246712,9.640406652911093,6.798387794701413,7.979131195945243,8.40406594632995,4.872369508782655,3.259348316826548,29.853654954614477,8.075683434538107,4.41666392273956,21.530886954768327,6.982663140064706,17.593968333429977,d__Bacteria;p__Bacillota_A;c__Clostridia;o__Oscillospirales;f__Oscillospiraceae;g__Intestinimonas;s__Intestinimonas stercoravium
GPB:bin_000127,40.64233180612491,35.17335916434662,37.14851713725146,47.80531723370673,70.70837420808031,40.29090032224829,59.21301954315277,27.21179193063989,124.87408751123483,27.68802269439025,38.507385541574415,89.52737603305785,43.101530131310696,46.05632905495758,31.88778306333165,17.42134237236118,21.81675348554267,50.57587152267795,29.98178105202008,0.0,0.0,0.0,d__Bacteria;p__Bacillota_A;c__Clostridia;o__Oscillospirales;f__Acutalibacteraceae;g__Onthovicinus;s__Onthovicinus excrementipullorum
GPB:bin_000129,0.0,0.0,0.0,0.0,0.0,0.0,0.0,0.0,0.0,0.0,0.0,0.0,0.0,0.0,0.0,0.0,0.0,0.0,0.0,0.0,0.0,0.0,d__Bacteria;p__Bacillota_A;c__Clostridia;o__TANB77;f__CAG-508;g__CAG-273;s__
GPB:bin_000130,26.35902306739653,22.508975129187043,29.19073366157302,38.21900322086593,52.25287209727709,28.69686382304144,43.56190405869382,28.073778974088757,40.02790149229352,38.77513120078223,40.4856918149283,59.42189987458872,60.70895969051047,41.236593243453385,42.87320483431951,32.87957049154285,17.718342602133,53.229368390316594,29.969659644306315,28.71515529854261,94.36314899777258,35.45452918189558,d__Bacteria;p__Bacillota_A;c__Clostridia;o__Oscillospirales;f__Ruminococcaceae;g__Negativibacillus;s__Negativibacillus faecipullorum
GPB:bin_000131,5.044767246583017,3.999311299200843,1.489434102823165,5.681934110449036,4.82422708417571,6.444470278256137,5.557022358712116,3.714307115140132,27.8170896087183,1.2799260324496025,6.235521438354331,11.497575142781708,3.4171523781021618,10.187247308322062,3.487259543606928,1.7576105335973806,7.292924582178579,4.019646952719267,0.0,0.0,0.0,22.61553447350824,d__Bacteria;p__Bacillota_A;c__Clostridia;o__Christensenellales;f__Borkfalkiaceae;g__Borkfalkia;s__Borkfalkia excrementigallinarum
GPB:bin_000132,0.0,0.0,0.0,0.0,0.0,0.0,0.0,0.0,0.0,0.0,0.0,0.0,0.0,0.0,0.0,0.0,0.0,0.0,0.0,0.0,0.0,0.0,d__Bacteria;p__Bacillota_A;c__Clostridia;o__Oscillospirales;f__Acutalibacteraceae;g__Eubacterium_R;s__Eubacterium_R faecavium
GPB:bin_000133,0.0,0.0,0.0,0.0,0.0,0.0,0.0,0.0,0.0,0.0,0.0,0.0,0.0,0.0,0.0,0.0,0.0,0.0,0.0,0.0,0.0,0.0,d__Bacteria;p__Bacillota_A;c__Clostridia;o__Oscillospirales;f__Acutalibacteraceae;g__Onthovicinus;s__
GPB:bin_000135,6.249436580558779,4.880896688564507,4.899293816003105,5.963017859565984,7.61520089046367,6.381632573662051,9.692866421909354,7.252062233769487,8.81030248625731,4.809087398098181,8.343079501211292,14.774886058796792,17.42165267172313,7.210001489799617,6.947851319896037,8.851224529882819,27.56163690072336,7.101647035156424,4.953417666746059,0.0,10.253000238178156,0.0,d__Bacteria;p__Bacillota_A;c__Clostridia;o__Lachnospirales;f__Lachnospiraceae;g__UMGS1370;s__UMGS1370 sp904395885
GPB:bin_000136,0.0,0.0,0.0,0.0,0.0,0.0,0.0,0.0,0.0,0.0,0.0,0.0,0.0,0.0,0.0,0.0,0.0,0.0,0.0,0.0,0.0,0.0,d__Bacteria;p__Bacillota_A;c__Clostridia;o__Lachnospirales;f__Lachnospiraceae;g__Mediterraneibacter;s__Mediterraneibacter avicola
GPB:bin_000137,0.0,0.0,0.0,0.0,0.0,0.0,0.0,0.0,0.0,0.0,0.0,0.0,0.0,0.0,0.0,0.0,0.0,0.0,0.0,0.0,0.0,0.0,d__Bacteria;p__Bacillota_A;c__Clostridia;o__Oscillospirales;f__Oscillospiraceae;g__Lawsonibacter;s__Lawsonibacter sp019424865
GPB:bin_000139,0.0,0.0,0.0,0.0,0.0,0.0,0.0,0.0,0.0,0.0,0.0,0.0,0.0,0.0,0.0,0.0,0.0,0.0,0.0,0.0,0.0,0.0,d__Bacteria;p__Bacillota;c__Bacilli;o__Erysipelotrichales;f__Coprobacillaceae;g__Massilimicrobiota;s__Massilimicrobiota sp002160865
GPB:bin_000140,1.8976082676497916,2.87975334483125,1.7547508018779427,3.391282530023802,3.241417815139727,2.8390660919215462,5.601655217725779,3.0325942569189053,12.38557651953704,1.94270330629138,10.955720966819548,12.7218868035416,9.752659175691326,7.223042246177471,9.41864696800852,33.4969488327656,8.593562221734981,34.46741516142668,6.617555645469362,9.94675244142354,53.14538836359636,26.50932755272955,d__Bacteria;p__Bacillota_A;c__Clostridia;o__Oscillospirales;f__Oscillospiraceae;g__Flavonifractor;s__Flavonifractor plautii
GPB:bin_000141,0.0,0.0,0.0,0.0,0.0,0.0,0.0,0.0,0.0,0.0,0.0,0.0,0.0,0.0,0.0,0.0,0.0,0.0,0.0,0.0,0.0,0.0,d__Bacteria;p__Bacillota_A;c__Clostridia;o__Oscillospirales;f__Oscillospiraceae;g__Lawsonibacter;s__
GPB:bin_000142,0.0,0.0,0.0,0.0,0.0,0.0,0.0,0.0,0.0,0.0,0.0,0.0,0.0,0.0,0.0,0.0,0.0,0.0,0.0,0.0,0.0,0.0,d__Bacteria;p__Bacillota_A;c__Clostridia;o__Christensenellales;f__CAG-314;g__Heteroclostridium;s__Heteroclostridium caecigallinarum
GPB:bin_000143,30.495313305375177,11.531144987360433,14.767887314726822,18.69270802378107,21.2431425652682,34.33443096467651,12.024178262343488,64.42657649812597,37.192918113774965,48.85257108113822,70.15041573796672,180.95715924365945,88.98172724416806,43.33890467008623,96.28549708079488,111.54775338313227,82.4254905326967,48.03443156522948,120.15163755261828,440.5434341647955,205.99412949123013,116.55338304945472,d__Bacteria;p__Bacillota_A;c__Clostridia;o__Lachnospirales;f__Lachnospiraceae;g__Blautia;s__Blautia ornithocaccae
GPB:bin_000145,0.0,0.0,0.0,0.0,0.0,0.0,0.0,0.0,0.0,0.0,0.0,0.0,0.0,0.0,0.0,0.0,0.0,0.0,0.0,0.0,0.0,0.0,d__Bacteria;p__Bacillota;c__Bacilli;o__Paenibacillales;f__Paenibacillaceae;g__Paenibacillus_A;s__Paenibacillus_A macerans
GPB:bin_000146,2.3623442146557,0.0,0.0,3.2593255987005043,3.569120725806495,2.66628805956417,26.06564627479128,9.480086001742205,0.0,5.068178871141046,17.253695992665318,11.545750032148424,17.115282903441198,19.689927777691093,12.713181714729682,15.857499352996152,15.11006867118592,5.30214945170123,3.703700216349478,58.72120832878234,60.61544996763636,33.89526716012928,d__Bacteria;p__Bacillota_A;c__Clostridia;o__Lachnospirales;f__Lachnospiraceae;g__Clostridium_Q;s__Clostridium_Q saccharolyticum_A
GPB:bin_000147,3.9353151497885768,0.0,3.965532142365568,0.0,0.0,0.0,3.827507066102872,3.087190747966595,0.0,3.5814818489982616,0.0,6.608046554654665,3.659713130627675,0.0,0.0,0.0,0.0,0.0,0.0,0.0,0.0,0.0,d__Bacteria;p__Bacillota_A;c__Clostridia;o__Lachnospirales;f__Lachnospiraceae;g__Mediterraneibacter;s__Mediterraneibacter faecavium
GPB:bin_000148,3.3040351441805247,6.852341902930464,1.690568818523703,4.191054973622532,9.22136717048635,17.296033770436996,2.4913885158225004,2.5454626092711767,143.5645005566618,0.0,2.201458124135013,12.46626765937074,20.25799767782757,3.9210256678520135,1.588106656174056,0.0,87.65251339343082,11.081322660286189,0.0,0.0,0.0,0.0,d__Bacteria;p__Bacillota_A;c__Clostridia;o__Christensenellales;f__Borkfalkiaceae;g__Borkfalkia;s__Borkfalkia sp017886545
GPB:bin_000149,0.0,0.0,0.0,0.0,0.0,0.0,0.0,0.0,0.0,0.0,0.0,0.0,0.0,0.0,0.0,0.0,0.0,0.0,0.0,0.0,0.0,0.0,d__Bacteria;p__Bacillota_A;c__Clostridia;o__UBA1381;f__UBA1381;g__Ornithomonoglobus_A;s__
GPB:bin_000151,0.0,0.0,0.0,0.0,0.0,0.0,0.0,0.0,0.0,0.0,0.0,0.0,0.0,0.0,0.0,0.0,0.0,0.0,0.0,0.0,0.0,0.0,d__Bacteria;p__Bacillota_A;c__Clostridia;o__Lachnospirales;f__Lachnospiraceae;g__Anaerostipes;s__Anaerostipes excrementavium
GPB:bin_000152,2.7576934700938005,0.0,5.381800430329785,0.0,0.0,0.0,0.0,0.0,0.0,0.0,0.0,5.648598791713002,0.0,0.0,0.0,0.0,0.0,0.0,0.0,0.0,0.0,0.0,d__Bacteria;p__Bacillota_A;c__Clostridia;o__Lachnospirales;f__Lachnospiraceae;g__Ruminococcus_G;s__Ruminococcus_G avistercoris
GPB:bin_000153,0.0,0.0,0.0,0.0,0.0,0.0,0.0,0.0,0.0,0.0,0.0,0.0,0.0,0.0,0.0,0.0,0.0,0.0,0.0,0.0,0.0,0.0,d__Bacteria;p__Bacillota;c__Bacilli;o__RF39;f__UBA660;g__Caccenecus;s__Caccenecus sp900758895
GPB:bin_000154,0.0,0.0,0.0,0.0,0.0,0.0,0.0,0.0,0.0,0.0,0.0,0.0,0.0,0.0,0.0,0.0,0.0,0.0,0.0,0.0,0.0,0.0,d__Bacteria;p__Bacillota_A;c__Clostridia;o__Oscillospirales;f__Acutalibacteraceae;g__UMGS856;s__
GPB:bin_000155,0.0,0.0,0.0,0.0,0.0,0.0,0.0,0.0,0.0,0.0,0.0,0.0,0.0,0.0,0.0,0.0,0.0,0.0,0.0,0.0,0.0,0.0,d__Bacteria;p__Bacillota_A;c__Clostridia;o__Oscillospirales;f__Acutalibacteraceae;g__Acutalibacter;s__Acutalibacter sp904391645
GPB:bin_000156,0.0,2.239065984313245,0.0,0.0,0.0,0.0,0.0,0.0,0.0,0.0,0.0,0.0,0.0,0.0,0.0,0.0,0.0,0.0,0.0,0.0,0.0,0.0,d__Bacteria;p__Bacillota_A;c__Clostridia;o__Oscillospirales;f__Acutalibacteraceae;g__Scatavimonas;s__Scatavimonas merdipullorum
GPB:bin_000159,0.0,0.0,7.187378666802719,3.054418668601368,3.859876533067917,0.0,0.0,0.0,0.0,0.0,0.0,0.0,0.0,0.0,0.0,0.0,0.0,0.0,0.0,0.0,0.0,0.0,d__Bacteria;p__Bacillota_A;c__Clostridia;o__Lachnospirales;f__Lachnospiraceae;g__Anaerobutyricum;s__Anaerobutyricum faecale
GPB:bin_000161,0.0,0.0,0.0,0.0,0.0,0.0,0.0,0.0,0.0,0.0,0.0,0.0,0.0,0.0,0.0,0.0,0.0,0.0,0.0,0.0,0.0,0.0,d__Bacteria;p__Bacillota;c__Bacilli;o__RF39;f__UBA660;g__RUG591;s__RUG591 sp944350445
GPB:bin_000163,0.0,0.0,0.0,0.0,0.0,0.0,0.0,0.0,0.0,0.0,0.0,0.0,0.0,0.0,0.0,0.0,0.0,0.0,0.0,0.0,0.0,0.0,d__Bacteria;p__Bacillota_A;c__Clostridia;o__Christensenellales;f__Borkfalkiaceae;g__Coproplasma;s__Coproplasma sp944368155
GPB:bin_000166,23.09941800884495,13.156812228390429,28.48674079473029,19.708682464091364,17.495800840653892,18.15023263205774,24.270387500890525,12.526630068446982,41.6570649999726,9.453297538867911,17.1828161905336,16.33402771308165,18.937780514804604,15.33583684519145,5.976712133583958,10.344060484335012,6.872098949456644,4.372691489886397,8.119773313897094,13.817100922308017,44.892695380787714,23.770598486384586,d__Bacteria;p__Bacillota_A;c__Clostridia;o__Oscillospirales;f__Acutalibacteraceae;g__UBA1417;s__UBA1417 sp900552925
GPB:bin_000168,0.0,0.0,0.0,0.0,0.0,0.0,0.0,0.0,0.0,0.0,0.0,0.0,0.0,0.0,0.0,0.0,0.0,0.0,0.0,0.0,0.0,0.0,d__Bacteria;p__Bacillota_A;c__Clostridia;o__Oscillospirales;f__Ruminococcaceae;g__Angelakisella;s__Angelakisella sp904420255
GPB:bin_000170,0.0,0.0,0.0,0.0,0.0,0.0,0.0,0.0,0.0,0.0,0.0,0.0,0.0,0.0,0.0,0.0,0.0,0.0,0.0,0.0,0.0,0.0,d__Bacteria;p__Bacillota_A;c__Clostridia;o__Christensenellales;f__Borkfalkiaceae;g__Borkfalkia;s__Borkfalkia ceftriaxoniphila
GPB:bin_000171,5.615414755973076,0.0,0.0,0.0,0.0,2.517897531630837,0.0,0.0,0.0,0.0,0.0,0.0,0.0,0.0,0.0,3.526195044117473,0.0,0.0,0.0,0.0,0.0,0.0,d__Bacteria;p__Bacillota_A;c__Clostridia;o__Lachnospirales;f__Lachnospiraceae;g__Anaerobutyricum;s__Anaerobutyricum stercoris
GPB:bin_000172,0.0,0.0,0.0,0.0,0.0,0.0,0.0,0.0,0.0,0.0,0.0,0.0,0.0,0.0,0.0,0.0,0.0,0.0,0.0,0.0,0.0,0.0,d__Bacteria;p__Bacillota_A;c__Clostridia;o__Lachnospirales;f__Lachnospiraceae;g__Enterocloster;s__Enterocloster sp944384065
GPB:bin_000173,6.204425027815296,3.443447946812513,6.546984398216189,7.000149289713837,7.933336090485706,0.0,0.0,0.0,0.0,0.0,0.0,0.0,0.0,0.0,0.0,0.0,0.0,0.0,0.0,0.0,0.0,0.0,d__Bacteria;p__Bacillota_A;c__Clostridia;o__Oscillospirales;f__Butyricicoccaceae;g__Pseudobutyricicoccus;s__Pseudobutyricicoccus lothianensis
GPB:bin_000175,0.0,0.0,0.0,0.0,0.0,0.0,0.0,0.0,0.0,0.0,0.0,0.0,0.0,0.0,0.0,0.0,0.0,0.0,0.0,0.0,0.0,0.0,d__Bacteria;p__Bacillota_A;c__Clostridia;o__Lachnospirales;f__Lachnospiraceae;g__Mediterraneibacter;s__Mediterraneibacter intestinavium
GPB:bin_000176,0.0,0.0,0.0,0.0,0.0,0.0,0.0,0.0,0.0,0.0,0.0,0.0,0.0,0.0,0.0,0.0,0.0,0.0,0.0,0.0,0.0,0.0,d__Bacteria;p__Bacillota_A;c__Clostridia;o__Lachnospirales;f__Lachnospiraceae;g__Acetatifactor;s__Acetatifactor stercoripullorum
GPB:bin_000177,0.0,0.0,0.0,0.0,0.0,0.0,0.0,0.0,0.0,0.0,0.0,0.0,0.0,0.0,0.0,0.0,0.0,0.0,0.0,0.0,0.0,0.0,d__Bacteria;p__Bacillota_A;c__Clostridia;o__Oscillospirales;f__Oscillospiraceae;g__Pelethomonas;s__
GPB:bin_000178,0.0,0.0,0.0,0.0,0.0,0.0,0.0,0.0,0.0,0.0,0.0,0.0,0.0,0.0,0.0,0.0,0.0,0.0,0.0,0.0,0.0,0.0,d__Bacteria;p__Bacillota_A;c__Clostridia;o__Oscillospirales;f__Butyricicoccaceae;g__Butyricicoccus;s__Butyricicoccus sp900604335
GPB:bin_000181,0.0,0.0,0.0,0.0,0.0,0.0,0.0,0.0,0.0,0.0,0.0,0.0,0.0,0.0,0.0,0.0,0.0,0.0,0.0,0.0,0.0,0.0,d__Bacteria;p__Bacillota_A;c__Clostridia;o__Oscillospirales;f__Oscillospiraceae;g__Intestinimonas;s__Intestinimonas pullistercoris
GPB:bin_000183,0.0,0.0,0.0,0.0,0.0,0.0,0.0,0.0,0.0,0.0,0.0,0.0,0.0,0.0,0.0,0.0,0.0,0.0,0.0,0.0,0.0,0.0,d__Bacteria;p__Bacillota_A;c__Clostridia;o__Lachnospirales;f__Lachnospiraceae;g__Mediterraneibacter;s__
GPB:bin_000184,41.66293290511069,13.895204619412729,25.778969130167862,29.933847220044807,29.969890595169897,28.335323533247085,55.70771753129254,35.857092413162576,35.950805188487806,38.95146012298703,42.19118812737084,31.622127701971102,58.39185009472375,21.81542861580253,48.36818747243635,16.115784214466874,12.895000959691494,16.661489704927835,8.100924380705953,22.12456649050345,12.066970349195838,13.187919315586123,d__Bacteria;p__Bacillota_A;c__Clostridia;o__Oscillospirales;f__Acutalibacteraceae;g__Acutalibacter;s__Acutalibacter ornithocaccae
GPB:bin_000185,0.0,0.0,0.0,0.0,0.0,0.0,0.0,0.0,0.0,0.0,0.0,0.0,0.0,0.0,0.0,0.0,0.0,0.0,0.0,0.0,0.0,0.0,d__Bacteria;p__Bacillota;c__Bacilli;o__Erysipelotrichales;f__Erysipelotrichaceae;g__Merdibacter;s__
GPB:bin_000186,1.7423535369362373,1.897905610547566,2.4660113042076266,2.978935751316516,4.669230437339764,1.9647248772046952,2.866529508341906,1.820243115401472,5.296888731444454,1.852545717549226,0.0,0.0,0.0,0.0,0.0,0.0,0.0,0.0,0.0,0.0,0.0,0.0,d__Bacteria;p__Bacillota_A;c__Clostridia;o__Oscillospirales;f__Oscillospiraceae;g__Evtepia;s__Evtepia gabavorous
GPB:bin_000189,0.0,0.0,0.0,0.0,0.0,0.0,0.0,0.0,0.0,0.0,0.0,0.0,0.0,0.0,0.0,0.0,0.0,0.0,0.0,0.0,0.0,0.0,d__Bacteria;p__Bacillota_A;c__Clostridia;o__Christensenellales;f__Borkfalkiaceae;g__Borkfalkia;s__Borkfalkia sp944368795
GPB:bin_000190,0.0,0.0,0.0,0.0,0.0,0.0,0.0,0.0,0.0,0.0,0.0,0.0,0.0,0.0,0.0,0.0,0.0,0.0,0.0,0.0,0.0,0.0,d__Bacteria;p__Bacillota_A;c__Clostridia;o__Christensenellales;f__Borkfalkiaceae;g__Borkfalkia;s__Borkfalkia sp944342025
GPB:bin_000192,0.0,0.0,0.0,0.0,0.0,0.0,1.4011053703267629,0.0,2.4708074190018423,0.0,1.2181137466829983,1.7171233459516255,0.0,0.0,0.0,0.0,0.0,0.0,0.0,0.0,0.0,0.0,d__Bacteria;p__Bacillota_A;c__Clostridia;o__Oscillospirales;f__Butyricicoccaceae;g__Agathobaculum;s__Agathobaculum sp900291975
GPB:bin_000193,0.6978208298929341,0.869922510115264,0.8253525878012761,1.2889239085027056,1.4082918687594754,0.0,0.0,0.0,0.0,0.0,0.0,0.0,0.0,0.0,0.0,0.0,0.0,0.0,0.0,0.0,0.0,0.0,d__Bacteria;p__Bacillota_A;c__Clostridia;o__Peptostreptococcales;f__Anaerovoracaceae;g__Alangreenwoodia;s__Alangreenwoodia sp905206455
GPB:bin_000194,3.250809628262423,2.323846336654652,4.080600967330847,3.342640642634929,5.432603570727684,3.348147191287564,5.181124048050226,3.1552523779595627,3.5092861939646567,5.426186164403185,3.693652067274291,7.994804799060657,4.351995150924976,3.407063121608608,3.5844319518934658,2.385287826884047,3.5119773643588017,2.381230369982106,2.496909294308878,0.0,0.0,0.0,d__Bacteria;p__Bacillota_A;c__Clostridia;o__Lachnospirales;f__Lachnospiraceae;g__Lachnoclostridium_B;s__Lachnoclostridium_B sp002160985
GPB:bin_000195,0.0,0.0,0.0,0.0,0.0,0.0,0.0,0.0,0.0,0.0,0.0,0.0,0.0,0.0,0.0,0.0,0.0,0.0,0.0,0.0,0.0,0.0,d__Bacteria;p__Bacillota_A;c__Clostridia;o__TANB77;f__CAG-508;g__;s__
GPB:bin_000197,21.64851211894664,31.81726737575854,18.990549965823945,39.57532790098317,44.63307061420765,20.97194190576854,59.17519220867896,30.43929901625489,82.0452603222644,30.946121337157063,58.27957963333685,59.49448593409045,86.43684103882674,102.86823462914826,37.44392031257416,10.171429590222251,39.78226348351924,47.842921220161,24.503110057011487,39.30980996090414,141.20520160257624,95.97109262421256,d__Bacteria;p__Bacillota_A;c__Clostridia;o__Oscillospirales;f__Oscillospiraceae;g__Flavonifractor;s__Flavonifractor avistercoris
GPB:bin_000198,0.0,0.0,0.0,0.0,0.0,0.0,0.0,0.0,0.0,0.0,0.0,0.0,0.0,0.0,0.0,0.0,0.0,0.0,0.0,0.0,0.0,0.0,d__Bacteria;p__Bacillota_A;c__Clostridia;o__Oscillospirales;f__Ruminococcaceae;g__Avimicrobium;s__Avimicrobium caecorum
GPB:bin_000199,0.0,0.0,0.0,0.0,0.0,0.0,0.0,0.0,0.0,0.0,0.0,0.0,0.0,0.0,0.0,0.0,0.0,0.0,0.0,0.0,0.0,0.0,d__Bacteria;p__Bacillota_A;c__Clostridia;o__Lachnospirales;f__Anaerotignaceae;g__Metalachnospira;s__Metalachnospira gallinarum
GPB:bin_000200,0.0,0.0,0.0,0.0,0.0,0.0,0.0,0.0,0.0,0.0,0.0,0.0,0.0,0.0,0.0,0.0,0.0,0.0,0.0,1.0950303910979562,2.1177219232822875,4.174442220342165,d__Bacteria;p__Actinomycetota;c__Actinomycetia;o__Actinomycetales;f__Bifidobacteriaceae;g__Bifidobacterium;s__Bifidobacterium globosum
GPB:bin_000202,0.0,0.0,0.0,0.0,0.0,0.0,0.0,0.0,0.0,0.0,0.0,0.0,0.0,0.0,0.0,0.0,0.0,0.0,0.0,0.0,0.0,0.0,d__Bacteria;p__Bacillota_A;c__Clostridia;o__Lachnospirales;f__Lachnospiraceae;g__Ruminococcus_G;s__
GPB:bin_000204,0.0,0.0,0.0,0.0,0.0,0.0,0.0,0.0,0.0,0.0,0.0,0.0,0.0,0.0,0.0,0.0,0.0,0.0,0.0,0.0,0.0,0.0,d__Bacteria;p__Bacillota_A;c__Clostridia;o__Oscillospirales;f__Acutalibacteraceae;g__Timburyella;s__Timburyella stercoris
GPB:bin_000206,0.0,0.0,0.0,0.0,0.0,0.0,0.0,0.0,0.0,0.0,0.0,0.0,0.0,0.0,0.0,0.0,0.0,0.0,0.0,0.0,0.0,0.0,d__Bacteria;p__Bacillota_A;c__Clostridia;o__Oscillospirales;f__Oscillospiraceae;g__RUG626;s__RUG626 sp944385785
GPB:bin_000208,36.98740275089652,21.187128692886827,74.81503327046296,69.51071001657355,75.75124862354252,40.6538443999393,64.59287882763576,48.2290514946478,69.04093900377745,32.33615390308394,41.87133178287967,57.01542903235694,40.16153424641149,26.752165888075787,20.514804440248103,22.737395462119668,95.70227551875531,97.853959824262,36.445155131336286,15.166673768551806,31.716495735504868,18.63179566306564,d__Bacteria;p__Bacillota_A;c__Clostridia;o__Lachnospirales;f__Lachnospiraceae;g__Eisenbergiella;s__Eisenbergiella intestinigallinarum
GPB:bin_000209,0.0,0.0,0.0,0.0,0.0,0.0,0.0,0.0,0.0,0.0,0.0,0.0,0.0,0.0,0.0,0.0,0.0,0.0,0.0,0.0,0.0,0.0,d__Bacteria;p__Bacillota_A;c__Clostridia;o__Lachnospirales;f__Lachnospiraceae;g__Lachnoclostridium_A;s__Lachnoclostridium_A avicola
GPB:bin_000210,0.0,0.0,0.0,0.0,0.0,0.0,0.0,0.0,0.0,0.0,0.0,0.0,0.0,0.0,0.0,0.0,0.0,0.0,0.0,0.0,0.0,0.0,d__Bacteria;p__Bacillota_A;c__Clostridia;o__Oscillospirales;f__Acutalibacteraceae;g__Gallacutalibacter;s__Gallacutalibacter pullicola
GPB:bin_000211,0.0,0.0,0.0,0.0,0.0,0.0,0.0,0.0,0.0,0.0,0.0,0.0,0.0,0.0,0.0,0.0,0.0,0.0,0.0,0.0,0.0,0.0,d__Bacteria;p__Bacillota_A;c__Clostridia;o__Oscillospirales;f__Oscillospiraceae;g__CAJFPI01;s__
GPB:bin_000212,0.0,0.0,0.0,0.0,0.0,0.0,0.0,0.0,0.0,0.0,0.0,0.0,0.0,0.0,0.0,0.0,0.0,0.0,0.0,0.0,0.0,0.0,d__Bacteria;p__Bacillota_A;c__Clostridia;o__Christensenellales;f__Borkfalkiaceae;g__Gallimonas;s__Gallimonas caecicola
GPB:bin_000213,0.0,0.0,0.0,0.0,0.0,0.0,0.0,0.0,0.0,0.0,0.0,0.0,0.0,0.0,0.0,0.0,0.0,0.0,0.0,0.0,0.0,0.0,d__Bacteria;p__Bacillota_A;c__Clostridia;o__Oscillospirales;f__Oscillospiraceae;g__;s__
GPB:bin_000215,2.5582690771699728,0.0,2.9325102106077976,2.090310602525638,2.480368385031438,0.0,6.089668574683408,2.32549087044292,0.0,1.4542817541402913,3.418465666785086,2.994261660590478,2.434840086779696,4.347509025590944,1.997812769308014,1.700178910444753,9.234557949295075,0.0,0.0,0.0,0.0,0.0,d__Bacteria;p__Bacillota_A;c__Clostridia;o__Oscillospirales;f__Ruminococcaceae;g__Ruthenibacterium;s__Ruthenibacterium lactatiformans
GPB:bin_000217,0.0,0.0,0.0,0.0,0.0,0.0,0.0,0.0,0.0,0.0,0.0,0.0,0.0,0.0,0.0,0.0,0.0,0.0,0.0,0.0,0.0,0.0,d__Bacteria;p__Bacillota_A;c__Clostridia;o__Oscillospirales;f__Oscillospiraceae;g__Lawsonibacter;s__
TG1:bin_000010,76.00026978035473,91.3654970273107,46.65818990279846,65.50713063871842,134.3606124981392,0.0,0.0,0.0,0.0,0.0,0.0,0.0,0.0,0.0,0.0,0.0,0.0,0.0,0.0,0.0,0.0,0.0,d__Bacteria;p__Bacillota_A;c__Clostridia;o__Christensenellales;f__Borkfalkiaceae;g__Coproplasma;s__Coproplasma avistercoris
TG1:bin_000014,3.5402301033052592,9.146781155884828,11.671845810675928,19.231439770388647,17.21528481120542,11.836131336935503,4.235757282051968,4.455646144425404,16.936167715369606,35.73501482539862,4.591579794994794,12.049158786470676,78.41960517100237,8.759693903311042,8.221590837985644,4.600771498985676,3.717461691523825,16.807354398877663,21.534867844441845,0.0,1.3170676133977932,0.0,d__Bacteria;p__Bacillota;c__Bacilli;o__Erysipelotrichales;f__Erysipelotrichaceae;g__Merdibacter;s__Merdibacter merdigallinarum
TG1:bin_000020,0.0,0.0,0.0,0.0,0.0,0.0,4.7533497872750825,1.565763891780993,4.7124980546794,1.3333939761914675,2.022695041679179,2.437377116015633,3.895381206120691,0.0,1.2390322276605958,0.0,0.0,0.0,0.0,0.6878215258765998,0.0,0.0,d__Bacteria;p__Bacillota;c__Bacilli;o__Lactobacillales;f__Lactobacillaceae;g__Limosilactobacillus;s__Limosilactobacillus fermentum
TG1:bin_000032,3.3643148810527093,2.898871722247679,2.312732234559128,3.418437655899425,5.221005565582997,1.3290571541584333,4.215287524065154,2.555268331231382,5.891378385955521,2.0385609948426677,0.0,0.0,0.0,0.0,2.668722880381892,0.0,0.0,0.0,0.0,0.0,0.0,0.0,d__Bacteria;p__Bacillota_A;c__Clostridia;o__Lachnospirales;f__Anaerotignaceae;g__Neoanaerotignum_A;s__Neoanaerotignum_A tabaqchaliae
TG1:bin_000047,3.0505445163533897,2.546403430491382,3.1162853731068503,2.1420626417545217,3.821100999537181,1.9446866505915652,1.5348994198132868,0.9874169289737932,4.444450126700096,0.6974514231067221,0.0,2.262651471178605,0.0,2.5063605749192623,1.6721344171667762,0.0,0.0,0.0,0.0,0.0,0.0,0.0,d__Bacteria;p__Bacillota_A;c__Clostridia;o__Peptostreptococcales;f__Peptostreptococcaceae;g__Romboutsia;s__Romboutsia sp904418825
TG1_21:bin_000035,17.490545431184017,16.69721823671756,9.406685654324688,23.1484249523524,21.59834678887295,14.028781292160096,20.17851253827869,9.829453712229908,5.9086450949739815,2.8664796453733645,0.0,0.0,4.187421033471101,0.0,2.3916311540355912,0.0,0.0,0.0,0.0,0.0,0.0,0.0,d__Bacteria;p__Bacillota_A;c__Clostridia;o__Lachnospirales;f__Lachnospiraceae;g__Lachnoclostridium_A;s__Lachnoclostridium_A sp002160755
TG2:bin_000003,0.0,0.0,0.0,0.0,0.0,0.0,0.0,0.0,0.0,0.0,0.0,0.0,0.0,0.0,0.0,0.0,0.0,0.0,0.0,0.0,0.0,0.0,d__Bacteria;p__Bacillota;c__Bacilli;o__Lactobacillales;f__Lactobacillaceae;g__Limosilactobacillus;s__Limosilactobacillus reuteri_E
TG2:bin_000055,0.0,0.0,0.0,0.8401235985611166,0.0,0.0,3.1487198418524565,0.0,1.8359078336858208,2.2696018272071825,1.1676132881134311,3.142379286391618,1.4555801819598515,0.7487139240006933,6.899898128408929,0.0,0.0,0.0,0.0,1.0130094107933163,6.201908648094945,0.0,d__Bacteria;p__Bacillota;c__Bacilli;o__Lactobacillales;f__Lactobacillaceae;g__Lactobacillus;s__Lactobacillus gallinarum
TG2:bin_000059,0.0,0.6756284425858599,1.1524958259865496,0.0,1.0944965437608252,2.430305678218672,2.022812738933013,1.118557585781828,1.9447313807792528,0.0,1.9462761558506407,7.090470766302059,1.392216830246384,1.3409115733300043,3.0914225974066505,8.25963143851327,0.0,1.8632796042879207,7.639848955326354,5.779565278449608,3.379780610732286,3.987485761542903,d__Bacteria;p__Bacillota_A;c__Clostridia;o__Lachnospirales;f__Lachnospiraceae;g__Pullilachnospira;s__Pullilachnospira stercoravium
TG2_07:bin_000029,2.833444975872412,0.0,20.649514248290163,7.084412426027929,10.950799773017208,1.6114924971947149,19.816941790860103,1.7680231590714186,0.0,15.641919711236929,1.6128791401960074,12.224858029089637,16.608516547984248,11.119970219174926,1.457788453743723,27.30705395961242,5.4667867001736505,4.082543657921572,15.633493188382918,0.0,20.20557515818397,2.0861510630218576,d__Bacteria;p__Bacillota_A;c__Clostridia;o__Lachnospirales;f__Lachnospiraceae;g__Mediterraneibacter;s__Mediterraneibacter vanvlietii
TG2_14:bin_000017,9.40183871824347,6.267208760069413,20.33331068974431,19.12266532099052,17.023273786575647,4.659499235558316,15.257625228604676,1.556364451212035,12.64544462451489,5.837127604858197,2.190965737309077,10.391687038544976,2.980660904608441,3.2408269203454414,2.2192849272214463,44.32072320682625,9.16450008689845,7.350086942559685,22.379239828249847,3.176579412390043,78.741639884006,87.08938277399258,d__Bacteria;p__Bacillota_A;c__Clostridia;o__Oscillospirales;f__Acutalibacteraceae;g__Heritagella;s__Heritagella sp905215105
TG2_21:bin_000001,0.0,0.0,0.0,0.0,0.0,0.0,0.0,0.0,0.0,0.0,0.0,0.0,0.0,0.0,0.0,0.0,0.0,0.0,0.0,0.0,0.0,0.0,d__Bacteria;p__Bacillota_A;c__Clostridia;o__UBA1381;f__UBA1381;g__Ornithomonoglobus;s__Ornithomonoglobus sp904420525
TG2_21:bin_000011,0.0,0.0,0.0,0.0,0.0,0.0,0.0,0.0,0.0,0.0,0.0,0.0,0.0,0.0,0.0,0.0,0.0,0.0,0.0,0.0,0.0,0.0,d__Bacteria;p__Bacillota;c__Bacilli;o__RF39;f__UBA660;g__CAG-302;s__CAG-302 sp017887885
TG2_28:bin_000031,3.6106090511131006,1.5733354816159415,2.838201835482266,5.736434309978989,8.713668144910324,0.666054232874701,5.625923360884192,1.857636430022076,6.743116941503911,3.378477586612388,4.002237505635994,9.28207513705047,3.081312929846012,2.689164729530787,5.293480958463216,1.9331944745824816,0.837245503224373,0.0,1.346401475038559,0.8421830882515362,0.0,0.0,d__Bacteria;p__Bacillota_A;c__Clostridia;o__Lachnospirales;f__Lachnospiraceae;g__Anaerostipes;s__Anaerostipes butyraticus
TG3:bin_000002,0.0,0.0,0.0,0.0,0.0,0.0,0.0,0.0,0.0,0.0,0.0,0.0,0.0,0.0,0.0,0.0,0.0,0.0,0.0,0.0,0.0,0.0,d__Bacteria;p__Bacillota_A;c__Clostridia;o__Christensenellales;f__Borkfalkiaceae;g__Scatosoma;s__Scatosoma sp904419075
TG3:bin_000068,0.0,0.0,0.0,0.0,0.0,0.0,0.0,0.0,0.0,0.0,0.0,0.0,0.0,0.0,0.0,0.0,0.0,0.0,0.0,0.0,0.0,0.0,d__Bacteria;p__Bacillota_A;c__Clostridia;o__Lachnospirales;f__Lachnospiraceae;g__An181;s__An181 sp002160325
TG3_07:bin_000004,0.0,0.0,0.0,0.0,0.0,0.0,0.0,0.0,0.0,0.0,0.0,0.0,0.0,0.0,0.0,0.0,0.0,0.0,0.0,0.0,0.0,0.0,d__Bacteria;p__Bacillota_A;c__Clostridia;o__TANB77;f__CAG-508;g__CAG-269;s__CAG-269 sp904419495
TG3_14:bin_000007,0.0,0.0,0.0,0.0,0.0,0.0,0.0,0.0,0.0,0.0,0.0,0.0,0.0,0.0,0.0,0.0,0.0,0.0,0.0,7.245129490450973,2.252809204486349,1.1556224233686716,d__Bacteria;p__Bacillota;c__Bacilli;o__Lactobacillales;f__Enterococcaceae;g__Enterococcus_B;s__Enterococcus_B hirae
TG3_28:bin_000041,2.571154504811527,4.459068735940066,5.904688863678516,7.729336945724244,16.10339691429599,4.740466553713074,0.0,2.6922249771570512,6.100404288898725,3.038481976543734,2.012284556573705,2.7833123015109917,6.078215621504573,2.38607826113672,1.015672026462546,1.5453553429742144,6.2564076888852975,3.253200004096369,0.0,0.0,0.0,0.0,d__Bacteria;p__Bacillota_A;c__Clostridia;o__Lachnospirales;f__Lachnospiraceae;g__Merdimonas;s__Merdimonas faecis
TG3_28:bin_000042,6.3746562542589,0.6919720784179015,0.0,4.054491517671285,0.0,1.6616291074465643,7.705169301195013,2.237161691649102,10.83895430351932,5.50088398429551,4.670069430572228,15.045282025528197,5.180633369613717,10.984573680604433,2.3570176404806933,0.0,0.0,0.0,0.0,0.0,0.0,0.0,d__Bacteria;p__Bacillota_A;c__Clostridia;o__Lachnospirales;f__Lachnospiraceae;g__Mediterraneibacter;s__Mediterraneibacter faecipullorum
TG3_35:bin_000005,0.0,0.0,0.0,0.0,0.0,0.0,0.0,0.0,0.0,0.0,0.0,0.0,0.0,0.0,0.0,0.0,0.0,0.0,0.0,0.0,0.0,0.0,d__Bacteria;p__Bacillota_A;c__Clostridia;o__Oscillospirales;f__Ruminococcaceae;g__Merdivicinus;s__Merdivicinus excrementipullorum
TG3_35:bin_000033,1.322147070454096,0.0,0.0,0.0,0.0,0.0,2.86240361167864,1.4142102748302907,0.0,0.0,8.275493475252093,7.683055427403942,4.480666727080999,10.17869941672708,2.8439703750082383,5.797510380280762,1.078962219073354,2.583330587227312,1.2150489356093062,9.851998615962566,11.352247825084032,7.696442694259541,d__Bacteria;p__Bacillota_A;c__Clostridia;o__Lachnospirales;f__Lachnospiraceae;g__Hungatella_B;s__Hungatella_B pullicola
TG4:bin_000055,0.0,0.0,0.0,0.0,0.0,0.0,0.0,0.0,0.0,0.0,0.0,0.0,0.0,0.0,0.0,0.0,0.0,0.0,0.0,0.0,0.0,0.0,d__Bacteria;p__Bacillota_A;c__Clostridia;o__Lachnospirales;f__Lachnospiraceae;g__Blautia_A;s__
TG4_14:bin_000001,0.0,0.0,0.0,0.0,0.0,0.0,0.0,0.0,0.0,0.0,0.0,0.0,0.0,0.0,0.0,0.0,0.0,0.0,0.0,0.0,0.0,0.0,d__Bacteria;p__Bacillota;c__Bacilli;o__Lactobacillales;f__Enterococcaceae;g__Enterococcus;s__Enterococcus faecalis
TG4_21:bin_000029,0.0,0.0,0.0,0.0,0.0,0.0,0.0,0.0,0.0,0.0,0.0,0.0,0.0,0.0,0.0,0.0,0.0,0.0,0.0,0.0,0.0,0.0,d__Bacteria;p__Bacillota_A;c__Clostridia;o__TANB77;f__CAG-508;g__CAG-273;s__CAG-273 sp944390395
TG4_21:bin_000043,0.0,0.0,0.0,0.0,0.0,0.0,0.0,2.087996903204517,0.0,2.048731694083566,0.0,4.581694638831467,0.0,0.0,0.0,0.0,0.0,0.0,0.0,0.0,0.0,0.0,d__Bacteria;p__Bacillota_A;c__Clostridia;o__Lachnospirales;f__Lachnospiraceae;g__Mediterraneibacter;s__Mediterraneibacter intestinigallinarum
TG5:bin_000031,0.0,0.0,0.0,0.0,0.0,0.0,0.0,0.0,0.0,0.0,0.0,0.0,0.0,0.0,0.0,0.0,0.0,0.0,0.0,0.0,0.0,0.0,d__Bacteria;p__Bacillota_A;c__Clostridia;o__Lachnospirales;f__Anaerotignaceae;g__Anaerotignum;s__Anaerotignum lactatifermentans
TG5:bin_000047,0.0,0.0,0.0,0.0,0.0,0.0,0.0,0.0,0.0,0.0,0.0,0.0,0.0,0.0,0.0,0.0,0.0,0.0,0.0,0.0,0.0,0.0,d__Bacteria;p__Bacillota_A;c__Clostridia;o__Lachnospirales;f__Lachnospiraceae;g__Mediterraneibacter;s__Mediterraneibacter sp944381495
TG5_14:bin_000008,0.0,0.0,0.0,0.0,0.0,0.0,0.0,0.0,0.0,0.0,0.0,0.0,0.0,0.0,0.0,0.0,0.0,0.0,0.0,0.0,0.0,0.0,d__Bacteria;p__Bacillota_A;c__Clostridia;o__Clostridiales;f__Clostridiaceae;g__Sarcina;s__Sarcina perfringens
TG5_28:bin_000003,6.920914855220966,17.819919218205612,10.811312810124395,5.2132088350539085,10.666999625321546,10.16046394549608,10.632630774576729,2.65173977561679,0.0,8.94141940354549,4.43328184337001,5.196834147002712,11.740231468911484,7.156698367049729,2.768461910956086,3.291012395578874,4.598768159609023,19.4954756676934,6.243014766009907,6.888945226168631,22.46937093606834,57.19270668595107,d__Bacteria;p__Bacillota;c__Bacilli;o__Erysipelotrichales;f__Coprobacillaceae;g__Thomasclavelia;s__Thomasclavelia spiroformis
TG5_28:bin_000004,13.418081931451669,5.71082761205016,3.0029208656201067,5.1408740514714735,5.0757149931076935,21.121990471219604,6.562579462266297,5.202101818765809,12.55830021011496,10.294294776568837,5.6010023955782176,20.451078010197936,9.278850657780277,4.87956866208964,8.077632124837729,0.0,0.7070468810642255,0.8244837462025401,0.0,11.806587170942572,9.696571245031516,3.507715367835013,d__Bacteria;p__Bacillota;c__Bacilli;o__Lactobacillales;f__Lactobacillaceae;g__Lactobacillus;s__Lactobacillus johnsonii
TG5_35:bin_000001,0.0,0.0,0.0,0.0,0.0,0.0,0.0,0.0,0.0,0.0,0.0,0.0,0.0,0.0,0.0,0.0,0.0,0.0,0.0,0.0,0.0,0.0,d__Bacteria;p__Bacillota;c__Bacilli;o__Lactobacillales;f__Streptococcaceae;g__Streptococcus;s__Streptococcus alactolyticus
TG5_35:bin_000022,1.2849965737133806,0.0,1.1927093813489462,0.0,0.0,0.0,0.0,0.0,0.0,0.0,0.0,0.0,0.0,0.0,0.0,0.0,0.0,0.0,0.0,0.0,0.0,0.0,d__Bacteria;p__Bacillota_A;c__Clostridia;o__Christensenellales;f__CAG-74;g__Pullichristensenella;s__Pullichristensenella excrementipullorum
TG5_35:bin_000024,0.0,0.0,0.0,0.0,0.0,0.0,0.0,0.0,0.0,0.0,0.0,0.0,0.0,0.0,0.0,0.0,0.0,0.0,0.0,0.0,0.0,0.0,d__Bacteria;p__Bacillota_A;c__Clostridia;o__Oscillospirales;f__Oscillospiraceae;g__Scatomorpha;s__Scatomorpha sp900759385
