genome,D300429,D300431,D300438,D300443,D300448,D300452,D300463,D300471,D300472,D300474,D300488,D300489,D300491,D300500,D300502,D300508,D300511,D300514,D300518,D300521,D300522,D300526,classification
GPB:bin_000010,15.90484660129067,40.79957544889536,2.574093180647881,3.2285674488550167,0.6231497582592396,52.47425812278578,62.80573698630482,18.67410345407871,6.026281074764735,0.7846884282722295,1.1647423417245624,7.291425718998346,1.4257063929101983,7.371186619076941,1.466674061856138,1.6963136030938784,3.228252312940048,1.09686206564029,36.24066173499969,0.6798742229536177,6.282927763915299,4.440296555501422,Bacteria;Pseudomonadota;Gammaproteobacteria;Enterobacterales;Enterobacteriaceae;Escherichia;Escherichia coli
GPB:bin_000087,3.284121295274198,1.1360141456940076,8.075809124299038,5.62832436612113,8.010640785419175,2.313813690022125,3.795253797758108,0.0,2.019289940861702,7.922764825867441,8.054114482987996,11.334352690712358,3.809688753649891,2.9232473979796127,3.886590770126,6.947139078971026,3.808886811655903,3.231784028298141,5.710966598975259,5.314258556791422,0.7669942060394392,6.897376467870405,Bacteria;Actinomycetota;Coriobacteriia;Coriobacteriales;Eggerthellaceae;Rubneribacter;Rubneribacter badeniensis
GPB:bin_000078,0.8622583012260089,1.339696911397405,2.45963670909998,1.9481044618823773,2.161306743985304,5.5589228283502425,6.280635324923853,0.0,0.0,2.7692035283722056,4.07310424906317,2.3291785348844734,1.449043420225997,1.91537286776436,1.4917775170978953,1.480625790623356,2.923540017672507,1.785595715012948,0.7358862557950671,2.2323883593001144,0.0,2.424734359065162,Bacteria;Actinomycetota;Coriobacteriia;Coriobacteriales;Eggerthellaceae;Gordonibacter;Gordonibacter urolithinfaciens
GPB:bin_000074,0.0,0.0,19.340639862928715,0.0,0.0,0.0,25.913043408833783,0.0,0.0,0.0,18.018829736356544,24.1406896838051,12.148150040679065,14.86450557969863,19.29485096452099,0.0,0.0,0.0,0.0,0.0,0.0,0.0,Bacteria;Bacillota_A;Clostridia;Oscillospirales;Butyricicoccaceae;Agathobaculum;Agathobaculum sp900557315
GPB:bin_000111,26.56263405746456,58.53692394453093,104.33861770787642,41.07891857500229,71.59582005812972,130.2026346358698,284.8363354171989,72.79673393840947,46.07836426998029,107.09910491789056,34.768324601020886,32.898629661584735,21.668795519287404,63.46189996481368,59.625820009929285,40.94805438937277,44.66344045077048,63.91382725927497,49.149647895809935,35.80800802055266,82.70814153576231,59.240361117671725,Bacteria;Bacillota_A;Clostridia;Oscillospirales;Butyricicoccaceae;Agathobaculum;Agathobaculum intestinigallinarum
D300506:bin_000004,10.338674911488456,0.0,19.5363263076788,4.439153800388183,4.5419734904270985,0.0,12.137287986813488,7.442109061826409,8.852207668074398,5.9025056325527405,72.28487549863941,111.20432267943704,23.1854597235904,12.229574071726049,9.887953652137444,2.63890216426572,22.847974719347697,0.0,3.8292580635722575,0.0,5.3922109842093455,3.933248154180768,Bacteria;Bacillota_A;Clostridia;Oscillospirales;Butyricicoccaceae;Agathobaculum;Agathobaculum stercoravium
GPB:bin_000173,0.0,0.0,0.0,6.546984398216189,0.0,0.0,0.0,0.0,0.0,7.933336090485706,0.0,0.0,0.0,0.0,0.0,0.0,0.0,3.443447946812513,0.0,6.204425027815296,0.0,7.000149289713837,Bacteria;Bacillota_A;Clostridia;Oscillospirales;Butyricicoccaceae;Pseudobutyricicoccus;Pseudobutyricicoccus lothianensis
GPB:bin_000112,3.47627784853004,0.0,31.37048191925785,5.6224521468057365,23.07106851132688,8.730854091747691,0.0,35.206132303424866,49.92849313023287,9.445010711998505,10.170449028342876,22.00233828586695,11.310152909077948,8.645020590498566,17.709274059339474,9.295444046996964,5.221320497270222,3.881703277922057,29.953660854254515,8.400106755154079,20.79734369378446,7.080022024564911,Bacteria;Bacillota_A;Clostridia;Oscillospirales;Oscillospiraceae;Flavonifractor;Flavonifractor avicola
GPB:bin_000140,8.593562221734981,9.94675244142354,12.7218868035416,1.7547508018779427,9.752659175691326,26.50932755272955,53.14538836359636,6.617555645469362,34.46741516142668,3.241417815139727,12.38557651953704,5.601655217725779,3.0325942569189053,9.41864696800852,10.955720966819548,1.94270330629138,2.8390660919215462,2.87975334483125,7.223042246177471,1.8976082676497916,33.4969488327656,3.391282530023802,Bacteria;Bacillota_A;Clostridia;Oscillospirales;Oscillospiraceae;Flavonifractor;Flavonifractor plautii
GPB:bin_000197,39.78226348351924,39.30980996090414,59.49448593409045,18.990549965823945,86.43684103882674,95.97109262421256,141.20520160257624,24.503110057011487,47.842921220161,44.63307061420765,82.0452603222644,59.17519220867896,30.43929901625489,37.44392031257416,58.27957963333685,30.946121337157063,20.97194190576854,31.81726737575854,102.86823462914826,21.64851211894664,10.171429590222251,39.57532790098317,Bacteria;Bacillota_A;Clostridia;Oscillospirales;Oscillospiraceae;Flavonifractor;Flavonifractor avistercoris
GPB:bin_000126,29.853654954614477,21.530886954768327,6.798387794701413,0.0,7.979131195945243,17.593968333429977,6.982663140064706,4.41666392273956,8.075683434538107,4.665496830982734,0.0,7.425562114107932,3.2727668488537134,4.872369508782655,9.640406652911093,2.8112917311246712,3.186748376445042,2.923666473280512,8.40406594632995,0.0,3.259348316826548,3.875901452902118,Bacteria;Bacillota_A;Clostridia;Oscillospirales;Oscillospiraceae;Intestinimonas;Intestinimonas stercoravium
D300430:bin_000010,4.21849478159052,1.486501976271415,14.44867325579303,2.788521964902273,9.764900006864137,18.025854468319345,3.0900607975859566,12.119082098399725,0.0,12.39508034704539,21.31814071212413,10.402115086904628,3.951743124034939,9.65868916326181,7.472245232257708,3.153687340600432,6.303076265883311,13.061234758119172,14.037074998350608,3.2262106036907725,0.0,5.782518178298267,Bacteria;Bacillota_A;Clostridia;Oscillospirales;Oscillospiraceae;Intestinimonas;Intestinimonas timonensis
GPB:bin_000028,0.0,0.0,0.0,2.101635531165576,0.0,0.0,0.0,0.0,0.0,3.0075538521710525,10.963489570607235,1.6797802138977411,4.310245834761535,0.0,0.0,2.300000777056458,0.8443150117810393,1.3796205719653571,0.0,3.729525641568031,0.0,1.9448859755987005,Bacteria;Bacillota_A;Clostridia;Oscillospirales;Oscillospiraceae;Intestinimonas;unclassified_Intestinimonas
GPB:bin_000080,1.0346926661444158,0.0,1.6517024300816487,1.1482115600494254,1.650743399853016,0.0,0.0,0.0,5.147872366200141,2.1312680196732434,3.235212763379986,1.258500036342198,2.2212149600639624,1.1762758130557327,2.010531161415892,0.0,1.3455698860470189,1.6635136444763896,5.024207941981699,1.4102791888421375,2.8576577049498075,2.266592232460851,Bacteria;Bacillota_A;Clostridia;Oscillospirales;Oscillospiraceae;Lawsonibacter;Lawsonibacter asaccharolyticus
GPB:bin_000034,47.24043964453279,6.011671593342028,46.97069736370374,11.065771699341374,48.44504482224696,31.92886145193439,0.0,0.0,13.672165722938088,23.10354106249762,9.13503601100278,20.50702372036704,15.087214208111789,27.16083514729865,30.385493876846336,11.400334562863522,19.085909241851933,17.1481354458544,28.023528277250115,17.0538403570537,8.117232320545753,10.401973158757157,Bacteria;Bacillota_A;Clostridia;Oscillospirales;Oscillospiraceae;Lawsonibacter;Lawsonibacter sp900545895
GPB:bin_000015,34.495604775857856,3.459729276472715,42.85445269870716,31.40059295627056,20.649371675876356,13.625584449804055,0.0,0.0,17.406957726829727,52.68554703000943,54.58956695952769,31.745267186741977,18.79223471440639,19.19045855842882,30.379384076991386,23.58027146234168,11.402561203990404,24.087542579229908,23.45399480694289,10.33165551278192,4.375224205637442,48.45443492098582,Bacteria;Bacillota_A;Clostridia;Oscillospirales;Oscillospiraceae;Lawsonibacter;Lawsonibacter pullicola
GPB:bin_000186,0.0,0.0,0.0,2.4660113042076266,0.0,0.0,0.0,0.0,0.0,4.669230437339764,5.296888731444454,2.866529508341906,1.820243115401472,0.0,0.0,1.852545717549226,1.9647248772046952,1.897905610547566,0.0,1.7423535369362373,0.0,2.978935751316516,Bacteria;Bacillota_A;Clostridia;Oscillospirales;Oscillospiraceae;Evtepia;Evtepia gabavorous
GPB:bin_000059,29.454764749476706,22.06200619805296,36.12568562565683,16.788646871857658,19.540969201652217,9.961700175530911,0.0,19.664804902807333,12.534715931527126,31.12475588786676,81.15849805710172,18.583503437045117,16.14945587207763,6.738569373810406,9.404573832373202,9.865667066717569,10.5376749750105,15.577913369927892,21.33103530406903,20.434815829837987,0.0,36.81407960286616,Bacteria;Bacillota_A;Clostridia;Oscillospirales;Oscillospiraceae;Dysosmobacter;Dysosmobacter avistercoris
GPB:bin_000022,31.93905319943457,16.17899716966315,55.01298973962824,8.403544171525464,37.8717020806021,41.67598893508176,88.40767909172791,5.479169938809592,7.481040268994189,24.664518538225572,14.761945592143013,20.01341445042423,11.344225696125037,12.763240559400211,13.790920484522898,9.005511624254352,17.829639684976776,13.159944483086894,20.44337403077791,16.3165473736846,8.581321699997115,10.62999035185286,Bacteria;Bacillota_A;Clostridia;Oscillospirales;Oscillospiraceae;Dysosmobacter;Dysosmobacter pullicola
GPB:bin_000085,0.0,0.0,0.0,48.67380900720921,0.0,0.0,0.0,0.0,0.0,86.40730991398898,0.0,4.363171043006145,10.827035420622051,0.0,0.0,4.222831955555038,41.26498217773892,47.24306830717334,0.0,69.16331577507076,0.0,48.650804922527726,Bacteria;Bacillota_A;Clostridia;Oscillospirales;Oscillospiraceae;Pelethomonas;Pelethomonas intestinigallinarum
GPB:bin_000097,0.0,0.0,1.9296471615363104,0.0,1.963409976059095,0.0,0.0,0.0,0.0,0.0,0.0,0.7335738791768693,1.8697948994277367,0.0,1.6429701727701194,0.0,0.0,0.0,2.0489424395168165,1.4479131852316671,0.0,0.0,Bacteria;Bacillota_A;Clostridia;Oscillospirales;Oscillospiraceae;Dysosmobacter;Dysosmobacter faecalis
GPB:bin_000060,0.0,0.0,0.0,4.638892787773397,0.0,0.0,0.0,0.0,0.0,4.57846241255876,0.0,0.0,0.0,0.0,0.0,0.0,0.0,1.9332256961049723,0.0,4.286690440990453,0.0,5.400996302736849,Bacteria;Bacillota_A;Clostridia;Oscillospirales;Acutalibacteraceae;Acutalibacter;Acutalibacter sp900755895
GPB:bin_000004,0.0,0.0,0.0,5.689754492607578,0.0,0.0,0.0,0.0,0.0,9.344262754250172,22.56701448981288,5.787926950603802,8.570226840776378,0.0,0.0,5.442992907744031,5.496070456361105,4.392505593293712,0.0,3.2953361780368184,0.0,11.570112002808395,Bacteria;Bacillota_A;Clostridia;Oscillospirales;Acutalibacteraceae;Acutalibacter;Acutalibacter stercoravium
GPB:bin_000184,12.895000959691494,22.12456649050345,31.622127701971102,25.778969130167862,58.39185009472375,13.187919315586123,12.066970349195838,8.100924380705953,16.661489704927835,29.969890595169897,35.950805188487806,55.70771753129254,35.857092413162576,48.36818747243635,42.19118812737084,38.95146012298703,28.335323533247085,13.895204619412729,21.81542861580253,41.66293290511069,16.115784214466874,29.933847220044807,Bacteria;Bacillota_A;Clostridia;Oscillospirales;Acutalibacteraceae;Acutalibacter;Acutalibacter ornithocaccae
GPB:bin_000166,6.872098949456644,13.817100922308017,16.33402771308165,28.48674079473029,18.937780514804604,23.770598486384586,44.892695380787714,8.119773313897094,4.372691489886397,17.495800840653892,41.6570649999726,24.270387500890525,12.526630068446982,5.976712133583958,17.1828161905336,9.453297538867911,18.15023263205774,13.156812228390429,15.33583684519145,23.09941800884495,10.344060484335012,19.708682464091364,Bacteria;Bacillota_A;Clostridia;Oscillospirales;Acutalibacteraceae;UBA1417;UBA1417 sp900552925
TG2_14:bin_000017,9.16450008689845,3.176579412390043,10.391687038544976,20.33331068974431,2.980660904608441,87.08938277399258,78.741639884006,22.379239828249847,7.350086942559685,17.023273786575647,12.64544462451489,15.257625228604676,1.556364451212035,2.2192849272214463,2.190965737309077,5.837127604858197,4.659499235558316,6.267208760069413,3.2408269203454414,9.40183871824347,44.32072320682625,19.12266532099052,Bacteria;Bacillota_A;Clostridia;Oscillospirales;Acutalibacteraceae;Heritagella;Heritagella sp905215105
GPB:bin_000021,34.515090228728866,42.70060585666676,16.318249121004026,17.197888589045487,37.832171958953296,100.0438517052726,73.65254884505532,10.6634037900806,22.29308320178345,41.56148169167763,52.12963279768544,35.6814765311763,8.710041036030281,5.620991312214411,9.801138637621372,13.586008512315988,8.838535635553091,22.157196278286627,20.77214785777985,16.947491271250577,4.147658767814167,11.96355819705142,Bacteria;Bacillota_A;Clostridia;Oscillospirales;Acutalibacteraceae;Anaeromassilibacillus;Anaeromassilibacillus stercoravium
GPB:bin_000086,2.939971320501845,2.1391124725077963,4.053768679713328,8.039896163617613,5.156131126477201,0.0,0.0,0.0,3.9175180092186297,5.576041399301302,0.0,3.1714360805300634,0.0,2.334382045957897,0.0,3.786016516071124,2.7134401718925547,2.7696925637719225,3.4145201870776267,2.7488054051478623,0.0,0.0,Bacteria;Bacillota_A;Clostridia;Oscillospirales;Acutalibacteraceae;unclassified_Acutalibacteraceae;unclassified_Acutalibacteraceae
GPB:bin_000127,21.81675348554267,0.0,89.52737603305785,37.14851713725146,43.101530131310696,0.0,0.0,29.98178105202008,50.57587152267795,70.70837420808031,124.87408751123483,59.21301954315277,27.21179193063989,31.88778306333165,38.507385541574415,27.68802269439025,40.29090032224829,35.17335916434662,46.05632905495758,40.64233180612491,17.42134237236118,47.80531723370673,Bacteria;Bacillota_A;Clostridia;Oscillospirales;Acutalibacteraceae;Onthovicinus;Onthovicinus excrementipullorum
D300526:bin_000001,0.0,0.0,0.0,28.451215154189363,0.0,0.0,0.0,0.0,0.0,16.007674159145907,1.5778899664350323,34.348236772834085,18.81417842609593,0.0,0.0,23.696999627477204,0.0,13.045620297847616,0.0,23.768731593061027,0.0,35.59369990966559,Bacteria;Bacillota_A;Clostridia;Oscillospirales;Acutalibacteraceae;Eubacterium_R;unclassified_Eubacterium_R
GPB:bin_000215,9.234557949295075,0.0,2.994261660590478,2.9325102106077976,2.434840086779696,0.0,0.0,0.0,0.0,2.480368385031438,0.0,6.089668574683408,2.32549087044292,1.997812769308014,3.418465666785086,1.4542817541402913,0.0,0.0,4.347509025590944,2.5582690771699728,1.700178910444753,2.090310602525638,Bacteria;Bacillota_A;Clostridia;Oscillospirales;Ruminococcaceae;Ruthenibacterium;Ruthenibacterium lactatiformans
GPB:bin_000065,0.0,0.0,0.0,3.459723520080876,0.0,0.0,0.0,0.0,0.0,7.43876970759106,0.0,0.0,0.0,0.0,0.0,0.0,0.0,2.3999281697588035,0.0,3.21255765540772,0.0,6.837839905024459,Bacteria;Bacillota_A;Clostridia;Oscillospirales;Ruminococcaceae;Faecivivens;Faecivivens stercoravium
D300481:bin_000002,14.9195158206248,92.59854296115896,11.282781848831542,4.669526157358297,8.856106569349992,5.241486429055101,54.3790300551541,4.619960672965409,2.408221668369121,7.630847795157799,17.107717574683747,35.70544986480908,4.002959355963888,5.064575777068177,5.582141106918426,20.949118869723947,3.2961809667184294,2.612583973250567,6.925696170528312,8.024219813857458,0.0,11.981273905814396,Bacteria;Bacillota_A;Clostridia;Oscillospirales;Ruminococcaceae;Merdivicinus;Merdivicinus intestinigallinarum
D300521:bin_000006,0.0,0.0,0.0,76.76203355186081,0.0,0.0,0.0,0.0,0.0,99.48496800704092,47.267583663936826,411.7914475160157,2.593687502516677,0.0,0.0,78.94471171822418,8.02683401051923,7.7892596846531585,0.0,214.56384306672211,0.0,312.3412096540696,Bacteria;Bacillota_A;Clostridia;Oscillospirales;Ruminococcaceae;Faecalibacterium;Faecalibacterium faecigallinarum
GPB:bin_000130,17.718342602133,28.71515529854261,59.42189987458872,29.19073366157302,60.70895969051047,35.45452918189558,94.36314899777258,29.969659644306315,53.229368390316594,52.25287209727709,40.02790149229352,43.56190405869382,28.073778974088757,42.87320483431951,40.4856918149283,38.77513120078223,28.69686382304144,22.508975129187043,41.236593243453385,26.35902306739653,32.87957049154285,38.21900322086593,Bacteria;Bacillota_A;Clostridia;Oscillospirales;Ruminococcaceae;Negativibacillus;Negativibacillus faecipullorum
D300500:bin_000011,0.0,0.0,136.21559108219472,155.91685276468638,152.3829710999679,12.921558576088518,27.903439517108897,47.51849598507195,74.37195244168288,82.66432647298282,155.1489877982372,9.057046212025805,73.7357898863191,74.05923681778594,60.3699019637406,123.00224736639522,77.30461481700904,54.815519067138965,78.90375702191137,97.00321584473129,117.96890936213462,119.641929081134,Bacteria;Bacillota_A;Clostridia;Oscillospirales;Ruminococcaceae;Gemmiger;Gemmiger stercoravium
GPB:bin_000033,5.622822349734944,0.0,9.088692892379518,1.1382427009187814,4.06556524038959,0.0,0.0,0.0,11.48022722307188,2.96466600738245,5.020281614019755,7.690770787576325,6.322171498223382,10.783034163954785,10.819385830755609,1.9597127514000203,3.013997332198751,1.6198699446891205,15.116256338902753,2.469800374872072,4.776169175396433,5.736405137817232,Bacteria;Bacillota_A;Clostridia;Oscillospirales;Ruminococcaceae;Anaerotruncus;Anaerotruncus colihominis
D300479:bin_000005,2.1431095941881617,10.944463730055832,8.134723308030738,0.0,1.3892359981218927,0.0,0.0,0.0,1.6131333679139914,0.0,0.0,0.0,0.899878700811921,1.9743287225153825,0.0,0.0,1.8539731631980207,0.0,1.2601733188681716,0.0,2.7775283674822098,0.0,Bacteria;Bacillota_A;Clostridia;UBA1381;UBA1381;Ornithomonoglobus;Ornithomonoglobus merdipullorum
GPB:bin_000093,5.8056866925939765,0.0,35.74271215077303,13.172146234168997,5.713011085693872,0.0,0.0,0.0,0.0,16.81113073732333,87.39016344214808,5.175984419452903,10.490507653503682,6.733391953099585,5.003188420553966,4.485231874541045,13.74735628593445,11.412733490323856,4.676364527505413,10.076703302582406,2.591983128552457,15.181929809876944,Bacteria;Bacillota_A;Clostridia;Monoglobales;Monoglobaceae;Roslinia;Roslinia sp019419865
D300514:bin_000003,0.0,0.0,0.0,1.0747738853562172,0.0,0.0,0.0,0.0,0.0,2.809415408210328,0.0,0.0,0.0,0.0,0.0,0.0,0.0,65.18325334657081,0.0,7.248912260294397,0.0,30.47467867919041,Bacteria;Bacillota_A;Clostridia;TANB77;CAG-508;CAG-273;unclassified_CAG-273
D300491:bin_000003,0.0,0.0,0.0,39.195431431309935,0.0,0.0,0.0,0.0,0.0,59.76666315641047,0.0,35.714387707201794,65.84657562608989,24.889025332745515,0.0,37.67132578806739,0.0,8.340547207293717,0.0,49.46087819470499,0.0,0.6408597390868217,Bacteria;Bacillota_A;Clostridia;TANB77;CAG-508;CAG-273;CAG-273 sp944392105
D300435:bin_000001,26.90305329177741,30.19007748917171,31.838539215586145,1.0010622058212335,42.28013243003937,54.098900632688135,94.60294165017446,8.69844039587594,3.415125276648835,1.4472357900509345,0.0,28.80594945251618,18.509898862606978,11.077148983008636,22.0756931639356,11.352206866154996,10.458209821789834,0.0,22.25429223073436,15.501644769147008,1.0493800002042704,0.0,Bacteria;Bacillota_A;Clostridia;Lachnospirales;Anaerotignaceae;Anaerotignum;Anaerotignum merdipullorum
GPB:bin_000035,3.0843438243766523,0.0,6.0139979085817625,4.195300808849404,3.1411244099986626,0.0,0.0,4.7345669496647576,15.625830384935014,2.43618596837172,0.0,3.2659296314217783,2.386129399468105,14.8002331988613,3.7064274377735833,2.169317215948272,2.0487331827983715,0.0,12.790387246084318,0.0,6.930033119517903,0.0,Bacteria;Bacillota_A;Clostridia;Lachnospirales;Anaerotignaceae;Coprocola;Coprocola pullicola
TG1:bin_000032,0.0,0.0,0.0,2.312732234559128,0.0,0.0,0.0,0.0,0.0,5.221005565582997,5.891378385955521,4.215287524065154,2.555268331231382,2.668722880381892,0.0,2.0385609948426677,1.3290571541584333,2.898871722247679,0.0,3.3643148810527093,0.0,3.418437655899425,Bacteria;Bacillota_A;Clostridia;Lachnospirales;Anaerotignaceae;Neoanaerotignum_A;Neoanaerotignum_A tabaqchaliae
GPB:bin_000092,16.67805177778134,0.0,15.7224040944301,8.777870551537216,20.234591759819093,0.0,0.0,6.312935524353279,18.15365990810386,7.419425488749539,27.04004819335076,7.530424057382965,6.526136974163232,22.116305049476367,13.451462840601094,14.17992618639039,4.893559652302215,3.655698202171507,10.889662486167468,7.26726761342678,12.8030252153064,7.79647480875018,Bacteria;Bacillota_A;Clostridia;Lachnospirales;Lachnospiraceae;Choladocola;Choladocola avistercoris
GPB:bin_000054,67.86425803897734,0.0,67.01175358065368,25.58982822458756,27.712954928946715,0.0,0.0,12.908121546298592,50.67798257855046,26.95315311442897,17.139568022423568,53.84243024622742,11.25011995489696,19.10735313522116,38.82797568114389,17.145940626324503,7.695069153998097,16.412603860948284,24.0772344598431,17.143916387438324,7.452123001751342,11.440623325629565,Bacteria;Bacillota_A;Clostridia;Lachnospirales;Lachnospiraceae;Merdisoma;Merdisoma faecalis
GPB:bin_000208,95.70227551875531,15.166673768551806,57.01542903235694,74.81503327046296,40.16153424641149,18.63179566306564,31.716495735504868,36.445155131336286,97.853959824262,75.75124862354252,69.04093900377745,64.59287882763576,48.2290514946478,20.514804440248103,41.87133178287967,32.33615390308394,40.6538443999393,21.187128692886827,26.752165888075787,36.98740275089652,22.737395462119668,69.51071001657355,Bacteria;Bacillota_A;Clostridia;Lachnospirales;Lachnospiraceae;Eisenbergiella;Eisenbergiella intestinigallinarum
D300511:bin_000002,166.46105802818047,6.48863747248491,136.63435595382552,287.42106154819635,202.92456150958395,7.900460176228279,1.6120685062142048,8.772382482054205,54.068027899119215,370.1011166472208,239.4480489354047,116.24659447441311,205.05655073163047,59.0440462941955,128.60768704424623,62.99126820545639,158.91848110116632,272.4889206302265,180.25112439963675,115.45095414580648,58.93588662196406,52.74133211050695,Bacteria;Bacillota_A;Clostridia;Lachnospirales;Lachnospiraceae;Eisenbergiella;Eisenbergiella merdigallinarum
GPB:bin_000147,0.0,0.0,6.608046554654665,3.965532142365568,3.659713130627675,0.0,0.0,0.0,0.0,0.0,0.0,3.827507066102872,3.087190747966595,0.0,0.0,3.5814818489982616,0.0,0.0,0.0,3.9353151497885768,0.0,0.0,Bacteria;Bacillota_A;Clostridia;Lachnospirales;Lachnospiraceae;Mediterraneibacter;Mediterraneibacter faecavium
GPB:bin_000116,0.0,0.0,9.317750444497008,0.0,4.170355319494013,0.0,0.0,0.0,0.0,0.0,7.3237301236110595,5.805363592631744,2.4998671396586607,2.198391192061533,3.4111514021378264,4.504956861004402,1.924010493351063,0.0,6.780957767483664,4.375180531733245,0.0,3.6296068462865057,Bacteria;Bacillota_A;Clostridia;Lachnospirales;Lachnospiraceae;Mediterraneibacter;Mediterraneibacter sp019418195
D300452:bin_000016,50.54635973795553,61.93643944564412,42.89459079461103,33.71311217827561,32.76248852465629,48.96677989656413,81.28603225392992,18.67636180042694,48.97237524487782,42.279492853243774,26.98929271544205,30.78736310102011,22.862658271909204,12.169784988981718,39.633348536198326,23.793698206430616,20.971463072978302,10.198660890011718,23.33777491214978,17.780813290383612,70.64296407721321,31.802560977910737,Bacteria;Bacillota_A;Clostridia;Lachnospirales;Lachnospiraceae;Eisenbergiella;Eisenbergiella sp904392525
GPB:bin_000053,38.27219386076611,32.45584837307592,12.641656764884605,12.67353921299217,7.060438284482392,62.92569599529359,154.8786435010121,18.05499649728491,3.772385445735009,15.728593766328263,5.509470877149525,17.721319343115134,12.61325767984797,4.00886709421723,9.37058532110802,9.211802021124662,26.78861017683873,2.4195826931041022,5.226737907892139,23.74860181676736,9.26545548842556,22.02782045972652,Bacteria;Bacillota_A;Clostridia;Lachnospirales;Lachnospiraceae;Mediterraneibacter;Mediterraneibacter excrementipullorum
GPB:bin_000194,3.5119773643588017,0.0,7.994804799060657,4.080600967330847,4.351995150924976,0.0,0.0,2.496909294308878,2.381230369982106,5.432603570727684,3.5092861939646567,5.181124048050226,3.1552523779595627,3.5844319518934658,3.693652067274291,5.426186164403185,3.348147191287564,2.323846336654652,3.407063121608608,3.250809628262423,2.385287826884047,3.342640642634929,Bacteria;Bacillota_A;Clostridia;Lachnospirales;Lachnospiraceae;Lachnoclostridium_B;Lachnoclostridium_B sp002160985
D300511:bin_000016,0.0,0.0,16.41884730843451,7.575011716629521,20.648803442722254,0.0,0.0,0.0,0.0,30.390970159402357,7.969724454094975,6.058143703758649,7.398728422576399,17.914305077430903,8.552128043373445,23.611846327272158,21.487961373897036,30.798944885199507,10.799248337474896,13.422761842786995,0.0,17.86367350333404,Bacteria;Bacillota_A;Clostridia;Lachnospirales;Lachnospiraceae;Merdisoma;Merdisoma sp002160825
GPB:bin_000031,12.044280494499509,21.36704696043444,78.34333532923567,3.2837566064540638,72.47866425359652,4.219621207482869,42.84406744835473,25.15152167664099,48.46229041728196,0.0,25.186117029059577,6.271565344355419,24.535848931292875,27.758081069609947,117.0735522876258,20.629687300561105,53.48826741493979,4.136031987015912,34.242199636586655,14.99410828306392,65.93068632405637,64.04020013677292,Bacteria;Bacillota_A;Clostridia;Lachnospirales;Lachnospiraceae;Mediterraneibacter;Mediterraneibacter faecigallinarum
GPB:bin_000143,82.4254905326967,440.5434341647955,180.95715924365945,14.767887314726822,88.98172724416806,116.55338304945472,205.99412949123013,120.15163755261828,48.03443156522948,21.2431425652682,37.192918113774965,12.024178262343488,64.42657649812597,96.28549708079488,70.15041573796672,48.85257108113822,34.33443096467651,11.531144987360433,43.33890467008623,30.495313305375177,111.54775338313227,18.69270802378107,Bacteria;Bacillota_A;Clostridia;Lachnospirales;Lachnospiraceae;Blautia;Blautia ornithocaccae
GPB:bin_000001,10.96447742297275,10.038040289175571,44.98065466297056,7.589449600952742,28.11769220318602,0.0,0.0,7.88212279844717,16.620983150695622,16.96467542903723,15.364222761158436,19.411495625077688,16.996544288319956,16.562412378703222,20.69177826789498,9.220903948269832,11.285333965411088,6.390501201044085,23.726401868483507,9.868470497096393,15.993903725693672,6.335868870845125,Bacteria;Bacillota_A;Clostridia;Lachnospirales;Lachnospiraceae;Enterocloster;Enterocloster excrementipullorum
GPB:bin_000104,76.84710955935842,27.858276122624456,94.216477951724,24.534257061229837,53.99797752603266,18.350289392645152,42.20175022869026,53.00593010211662,73.79494846282823,17.93428086332597,5.531100114573995,145.82882349337308,67.74889915305381,36.25587394184542,31.479645334683525,22.735438293065773,51.29876348814789,12.5556057105313,51.83850066512071,42.55455644653014,65.72920679162532,16.66005888554079,Bacteria;Bacillota_A;Clostridia;Lachnospirales;Lachnospiraceae;Caccovicinus;Caccovicinus merdipullorum
GPB:bin_000135,27.56163690072336,0.0,14.774886058796792,4.899293816003105,17.42165267172313,0.0,10.253000238178156,4.953417666746059,7.101647035156424,7.61520089046367,8.81030248625731,9.692866421909354,7.252062233769487,6.947851319896037,8.343079501211292,4.809087398098181,6.381632573662051,4.880896688564507,7.210001489799617,6.249436580558779,8.851224529882819,5.963017859565984,Bacteria;Bacillota_A;Clostridia;Lachnospirales;Lachnospiraceae;UMGS1370;UMGS1370 sp904395885
TG3_28:bin_000042,0.0,0.0,15.045282025528197,0.0,5.180633369613717,0.0,0.0,0.0,0.0,0.0,10.83895430351932,7.705169301195013,2.237161691649102,2.3570176404806933,4.670069430572228,5.50088398429551,1.6616291074465643,0.6919720784179015,10.984573680604433,6.3746562542589,0.0,4.054491517671285,Bacteria;Bacillota_A;Clostridia;Lachnospirales;Lachnospiraceae;Mediterraneibacter;Mediterraneibacter faecipullorum
GPB:bin_000146,15.11006867118592,58.72120832878234,11.545750032148424,0.0,17.115282903441198,33.89526716012928,60.61544996763636,3.703700216349478,5.30214945170123,3.569120725806495,0.0,26.06564627479128,9.480086001742205,12.713181714729682,17.253695992665318,5.068178871141046,2.66628805956417,0.0,19.689927777691093,2.3623442146557,15.857499352996152,3.2593255987005043,Bacteria;Bacillota_A;Clostridia;Lachnospirales;Lachnospiraceae;Clostridium_Q;Clostridium_Q saccharolyticum_A
D300526:bin_000014,0.0,0.0,9.31770677178705,98.23839334637609,13.876033319204032,0.0,0.0,0.0,0.0,88.16659845275026,155.21248077492632,43.42950988757171,24.888693741003216,1.9498740221742867,0.0,75.39617791243523,29.28888664549907,37.35575493344734,9.716302071898888,29.109042124576654,0.0,104.52729580371908,Bacteria;Bacillota_A;Clostridia;Lachnospirales;Lachnospiraceae;Blautia;Blautia stercorigallinarum
GPB:bin_000023,0.0,0.0,2.43191678635345,2.2904220591932325,1.2782198870012684,0.0,0.0,0.0,0.0,2.3508242894196463,4.942351704658679,3.363074135037203,1.7753583690857542,3.1623690132903977,1.3554508364620343,5.075884969744855,1.2177223099236685,1.155270122396753,1.3873443581837952,1.824938731702542,2.804865994768001,1.4987571537947888,Bacteria;Bacillota_A;Clostridia;Lachnospirales;Lachnospiraceae;Sellimonas;Sellimonas intestinalis
D300492:bin_000003,124.75754933537378,44.6805622955324,30.38338496264503,36.79566404262487,71.10089114474113,52.51307220392669,96.0106893938183,8.594900566198268,8.869328629943755,71.1262257500325,78.38445444491127,59.37856927642257,59.53134599440287,29.02843598322246,48.4426154602016,32.44982918745588,31.779819358232224,48.930804256093055,45.09039477648695,35.035497099640104,21.97369845727334,61.060153702637486,Bacteria;Bacillota_A;Clostridia;Lachnospirales;Lachnospiraceae;Lachnoclostridium_A;Lachnoclostridium_A stercorigallinarum
GPB:bin_000124,11.863062300664817,0.0,28.33293803538113,15.994275949048056,17.87369999907792,0.0,0.0,10.136972021101226,17.150407199579533,22.985081813869478,29.800654572427632,27.521510014271705,17.38134914251934,19.12814774137166,17.599036224318866,15.396078302804035,12.47635896264255,8.431935839812633,23.379423537764698,16.496884915532597,13.93201165505703,20.451636021256952,Bacteria;Bacillota_A;Clostridia;Lachnospirales;Lachnospiraceae;Copromonas;Copromonas faecavium
D300474:bin_000012,0.0,0.0,5.666273523783027,19.89024324587325,4.676516528888311,0.0,0.0,0.0,0.0,47.72141540801309,6.879744090400347,12.159685343015774,8.258040396183695,1.6897397064169013,4.286673058164526,19.495534255764472,6.221243693634798,17.043111845750666,4.569725902386646,8.07239825964886,0.0,5.968337005602203,Bacteria;Bacillota_A;Clostridia;Lachnospirales;Lachnospiraceae;Mediterraneibacter;Mediterraneibacter norwichensis
D300444:bin_000010,28.049922894417254,46.54813376974384,38.29145785207485,7.645224894409751,26.330477779459272,59.3867761111521,43.24474112410309,26.354256690926054,14.4238093034483,13.962301435927325,6.885190850387654,14.625109279810092,16.625539520206914,9.992536454744087,13.766441999467204,6.352674556908672,12.212792647892009,6.186315979053296,18.284904190216285,9.636321794802846,10.12264040032368,6.34648359771022,Bacteria;Bacillota_A;Clostridia;Lachnospirales;Lachnospiraceae;Enterocloster;Enterocloster excrementigallinarum
TG3_28:bin_000041,6.2564076888852975,0.0,2.7833123015109917,5.904688863678516,6.078215621504573,0.0,0.0,0.0,3.253200004096369,16.10339691429599,6.100404288898725,0.0,2.6922249771570512,1.015672026462546,2.012284556573705,3.038481976543734,4.740466553713074,4.459068735940066,2.38607826113672,2.571154504811527,1.5453553429742144,7.729336945724244,Bacteria;Bacillota_A;Clostridia;Lachnospirales;Lachnospiraceae;Merdimonas;Merdimonas faecis
TG2:bin_000059,0.0,5.779565278449608,7.090470766302059,1.1524958259865496,1.392216830246384,3.987485761542903,3.379780610732286,7.639848955326354,1.8632796042879207,1.0944965437608252,1.9447313807792528,2.022812738933013,1.118557585781828,3.0914225974066505,1.9462761558506407,0.0,2.430305678218672,0.6756284425858599,1.3409115733300043,0.0,8.25963143851327,0.0,Bacteria;Bacillota_A;Clostridia;Lachnospirales;Lachnospiraceae;Pullilachnospira;Pullilachnospira stercoravium
TG2_07:bin_000029,5.4667867001736505,0.0,12.224858029089637,20.649514248290163,16.608516547984248,2.0861510630218576,20.20557515818397,15.633493188382918,4.082543657921572,10.950799773017208,0.0,19.816941790860103,1.7680231590714186,1.457788453743723,1.6128791401960074,15.641919711236929,1.6114924971947149,0.0,11.119970219174926,2.833444975872412,27.30705395961242,7.084412426027929,Bacteria;Bacillota_A;Clostridia;Lachnospirales;Lachnospiraceae;Mediterraneibacter;Mediterraneibacter vanvlietii
TG1_21:bin_000035,0.0,0.0,0.0,9.406685654324688,4.187421033471101,0.0,0.0,0.0,0.0,21.59834678887295,5.9086450949739815,20.17851253827869,9.829453712229908,2.3916311540355912,0.0,2.8664796453733645,14.028781292160096,16.69721823671756,0.0,17.490545431184017,0.0,23.1484249523524,Bacteria;Bacillota_A;Clostridia;Lachnospirales;Lachnospiraceae;Lachnoclostridium_A;Lachnoclostridium_A sp002160755
TG3_35:bin_000033,1.078962219073354,9.851998615962566,7.683055427403942,0.0,4.480666727080999,7.696442694259541,11.352247825084032,1.2150489356093062,2.583330587227312,0.0,0.0,2.86240361167864,1.4142102748302907,2.8439703750082383,8.275493475252093,0.0,0.0,0.0,10.17869941672708,1.322147070454096,5.797510380280762,0.0,Bacteria;Bacillota_A;Clostridia;Lachnospirales;Lachnospiraceae;Hungatella_B;Hungatella_B pullicola
TG2_28:bin_000031,0.837245503224373,0.8421830882515362,9.28207513705047,2.838201835482266,3.081312929846012,0.0,0.0,1.346401475038559,0.0,8.713668144910324,6.743116941503911,5.625923360884192,1.857636430022076,5.293480958463216,4.002237505635994,3.378477586612388,0.666054232874701,1.5733354816159415,2.689164729530787,3.6106090511131006,1.9331944745824816,5.736434309978989,Bacteria;Bacillota_A;Clostridia;Lachnospirales;Lachnospiraceae;Anaerostipes;Anaerostipes butyraticus
GPB:bin_000131,7.292924582178579,0.0,11.497575142781708,1.489434102823165,3.4171523781021618,22.61553447350824,0.0,0.0,4.019646952719267,4.82422708417571,27.8170896087183,5.557022358712116,3.714307115140132,3.487259543606928,6.235521438354331,1.2799260324496025,6.444470278256137,3.999311299200843,10.187247308322062,5.044767246583017,1.7576105335973806,5.681934110449036,Bacteria;Bacillota_A;Clostridia;Christensenellales;Borkfalkiaceae;Borkfalkia;Borkfalkia excrementigallinarum
D300472:bin_000003,16.586543886162012,34.19040410752082,98.56061971009656,5.632313270818341,27.178583236291697,76.32204378819503,25.75388903833679,14.13899920372726,77.76726269514145,8.733800971932729,31.27535813468006,73.0478691376076,19.440176920842323,22.36414200806159,13.434066790196995,4.038639466113992,131.59293591813326,8.157336043215796,51.50304987146088,6.910970403226355,61.447701214683086,8.939370439475928,Bacteria;Bacillota_A;Clostridia;Christensenellales;Borkfalkiaceae;Borkfalkia;Borkfalkia sp904373255
GPB:bin_000148,87.65251339343082,0.0,12.46626765937074,1.690568818523703,20.25799767782757,0.0,0.0,0.0,11.081322660286189,9.22136717048635,143.5645005566618,2.4913885158225004,2.5454626092711767,1.588106656174056,2.201458124135013,0.0,17.296033770436996,6.852341902930464,3.9210256678520135,3.3040351441805247,0.0,4.191054973622532,Bacteria;Bacillota_A;Clostridia;Christensenellales;Borkfalkiaceae;Borkfalkia;Borkfalkia sp017886545
D300443:bin_000003,0.0,0.0,2.147232857224694,59.98888297466058,0.0,0.0,0.0,0.0,0.0,29.676863339953027,9.87862273005022,3.448873617980103,8.337321459260249,0.0,0.0,4.879541689740114,6.697381203574634,9.263292692241594,16.857912720311635,41.793167833069184,0.0,33.42554755676068,Bacteria;Bacillota_A;Clostridia;Christensenellales;Borkfalkiaceae;Scatosoma;Scatosoma sp900555925
TG1:bin_000010,0.0,0.0,0.0,46.65818990279846,0.0,0.0,0.0,0.0,0.0,134.3606124981392,0.0,0.0,0.0,0.0,0.0,0.0,0.0,91.3654970273107,0.0,76.00026978035473,0.0,65.50713063871842,Bacteria;Bacillota_A;Clostridia;Christensenellales;Borkfalkiaceae;Coproplasma;Coproplasma avistercoris
GPB:bin_000193,0.0,0.0,0.0,0.8253525878012761,0.0,0.0,0.0,0.0,0.0,1.4082918687594754,0.0,0.0,0.0,0.0,0.0,0.0,0.0,0.869922510115264,0.0,0.6978208298929341,0.0,1.2889239085027056,Bacteria;Bacillota_A;Clostridia;Peptostreptococcales;Anaerovoracaceae;Alangreenwoodia;Alangreenwoodia sp905206455
TG1:bin_000047,0.0,0.0,2.262651471178605,3.1162853731068503,0.0,0.0,0.0,0.0,0.0,3.821100999537181,4.444450126700096,1.5348994198132868,0.9874169289737932,1.6721344171667762,0.0,0.6974514231067221,1.9446866505915652,2.546403430491382,2.5063605749192623,3.0505445163533897,0.0,2.1420626417545217,Bacteria;Bacillota_A;Clostridia;Peptostreptococcales;Peptostreptococcaceae;Romboutsia;Romboutsia sp904418825
GPB:bin_000014,0.0,0.0,22.482716220916345,9.90440228955018,13.814127973976936,0.0,0.0,40.430103425698135,24.483756925544213,4.744332654968274,2.3970260911733536,4.4067393343667725,14.898059076787836,31.132733429775595,9.628379452167998,5.500205689003675,4.553536806526108,4.00521442056999,23.69137749880355,6.986115765222121,46.18004190062088,27.93819703825997,Bacteria;Bacillota;Bacilli;CAJFEE01;CAJFEE01;Harrysmithimonas;Harrysmithimonas galli
D300509:bin_000001,2.8054159780225465,0.0,17.716302039619066,21.365592073721587,23.824621600070003,0.0,0.0,2.805477601657429,20.34473493825928,22.151046923933016,14.0713872835932,9.294138236602713,10.579668883885049,5.652920898669792,13.380832831100708,13.113817621155146,16.21102151034599,12.262178987079988,11.84474048438642,13.333629126780767,8.535982656644197,19.71364729342833,Bacteria;Bacillota;Bacilli;Erysipelotrichales;Coprobacillaceae;Massilimicrobiota;Massilimicrobiota merdigallinarum
TG5_28:bin_000003,4.598768159609023,6.888945226168631,5.196834147002712,10.811312810124395,11.740231468911484,57.19270668595107,22.46937093606834,6.243014766009907,19.4954756676934,10.666999625321546,0.0,10.632630774576729,2.65173977561679,2.768461910956086,4.43328184337001,8.94141940354549,10.16046394549608,17.819919218205612,7.156698367049729,6.920914855220966,3.291012395578874,5.2132088350539085,Bacteria;Bacillota;Bacilli;Erysipelotrichales;Coprobacillaceae;Thomasclavelia;Thomasclavelia spiroformis
GPB:bin_000115,0.0,0.0,0.7859965748108018,0.0,1.3262156548993531,0.0,0.0,0.0,0.0,0.6586338115803667,8.856827824955962,1.0286935995902486,0.0,1.1974226734811877,1.2496806457251757,0.0,7.268662208134641,2.603473841064865,0.7688706288192633,0.0,0.5903867334427797,0.0,Bacteria;Bacillota;Bacilli;Erysipelotrichales;Erysipelotrichaceae;Clostridium_AQ;Clostridium_AQ innocuum
D300443:bin_000002,0.0,0.0,0.0,63.42572393727576,0.0,0.0,0.0,0.0,0.0,9.121226016258955,0.0,0.0,0.0,0.0,0.0,1.315447566142136,0.0,1.149584852058021,0.0,4.360638066391791,0.0,11.96085350813819,Bacteria;Bacillota;Bacilli;Erysipelotrichales;Erysipelotrichaceae;Clostridium_AQ;Clostridium_AQ sp900552125
TG1:bin_000014,3.717461691523825,0.0,12.049158786470676,11.671845810675928,78.41960517100237,0.0,1.3170676133977932,21.534867844441845,16.807354398877663,17.21528481120542,16.936167715369606,4.235757282051968,4.455646144425404,8.221590837985644,4.591579794994794,35.73501482539862,11.836131336935503,9.146781155884828,8.759693903311042,3.5402301033052592,4.600771498985676,19.231439770388647,Bacteria;Bacillota;Bacilli;Erysipelotrichales;Erysipelotrichaceae;Merdibacter;Merdibacter merdigallinarum
D300479:bin_000001,0.0,6.529945747900994,3.023587846747217,0.0,2.8098128490512706,0.0,3.091396534600194,0.0,0.0,2.742390315457137,6.5355063692283455,1.75653849262883,1.2316003931565227,1.2225643834995772,1.5607582833950064,1.7581603405159745,0.0,1.3118432481442714,0.0,4.812717758822466,0.0,0.0,Bacteria;Bacillota;Bacilli;Lactobacillales;Lactobacillaceae;Lactobacillus;Lactobacillus crispatus
TG5_28:bin_000004,0.7070468810642255,11.806587170942572,20.451078010197936,3.0029208656201067,9.278850657780277,3.507715367835013,9.696571245031516,0.0,0.8244837462025401,5.0757149931076935,12.55830021011496,6.562579462266297,5.202101818765809,8.077632124837729,5.6010023955782176,10.294294776568837,21.121990471219604,5.71082761205016,4.87956866208964,13.418081931451669,0.0,5.1408740514714735,Bacteria;Bacillota;Bacilli;Lactobacillales;Lactobacillaceae;Lactobacillus;Lactobacillus johnsonii
TG2:bin_000055,0.0,1.0130094107933163,3.142379286391618,0.0,1.4555801819598515,0.0,6.201908648094945,0.0,0.0,0.0,1.8359078336858208,3.1487198418524565,0.0,6.899898128408929,1.1676132881134311,2.2696018272071825,0.0,0.0,0.7487139240006933,0.0,0.0,0.8401235985611166,Bacteria;Bacillota;Bacilli;Lactobacillales;Lactobacillaceae;Lactobacillus;Lactobacillus gallinarum
TG1:bin_000020,0.0,0.6878215258765998,2.437377116015633,0.0,3.895381206120691,0.0,0.0,0.0,0.0,0.0,4.7124980546794,4.7533497872750825,1.565763891780993,1.2390322276605958,2.022695041679179,1.3333939761914675,0.0,0.0,0.0,0.0,0.0,0.0,Bacteria;Bacillota;Bacilli;Lactobacillales;Lactobacillaceae;Limosilactobacillus;Limosilactobacillus fermentum
Total_removed_abd,1.4346939317700906,33.444702513393004,11.947416776496095,25.498395257445168,0.0,39.992355065981116,79.66909249158736,0.0,5.300878773775118,15.651467696823289,13.658968071074268,3.98175784606474,2.087996903204517,0.0,1.2181137466829983,2.048731694083566,5.744827895515934,2.239065984313245,0.0,122.20239285218169,9.724185961929631,9.547699684604774,Removed_sum
