genome,D300424,D300425,D300434,D300438,D300439,D300448,D300450,D300451,D300454,D300455,D300456,D300460,D300468,D300475,D300481,D300498,D300500,D300502,D300504,D300507,D300513,D300518,D300519,D300525,D300527,classification
D300462:bin_000001,0.0,0.0,0.0,0.0,0.0,0.0,0.0,178.39241208894032,113.07677012980386,0.0,0.0,0.0,236.21870800088467,0.0,0.0,152.30091356050426,0.0,0.0,0.0,0.0,0.0,0.0,0.0,77.86481813851415,0.0,Bacteria;Bacteroidota;Bacteroidia;Bacteroidales;Rikenellaceae;Alistipes;Alistipes excrementavium
GPB:bin_000009,0.9216192624331828,0.0,13.577986719003698,0.0,0.0,0.0,0.9642512490952292,1.7833186512122452,1.0842630151795103,7.168939831081385,1.2423196005647568,1.0409429534133017,5.4280238081631325,1.0817974127229293,0.9315676816475272,2.097482275854279,0.0,0.0,0.0,2.6893415446177524,7.71730701930261,0.0,1.4786733988444545,1.956742247257113,0.0,Bacteria;Pseudomonadota;Gammaproteobacteria;Enterobacterales;Enterobacteriaceae;Klebsiella;Klebsiella pneumoniae
GPB:bin_000051,1.1287649243453235,0.817422810469989,0.0,0.0,0.0,0.0,0.0,1.146347739512698,0.0,0.0,0.7583277134525698,0.0,0.0,1.2524274862683502,0.0,0.0,0.0,0.0,0.0,0.0,0.0,0.0,1.765405309254627,0.0,1.1712486324477092,Bacteria;Pseudomonadota;Gammaproteobacteria;Enterobacterales;Enterobacteriaceae;Salmonella;Salmonella enterica
GPB:bin_000010,5.142545428417822,63.09916003673224,35.79093127074776,2.574093180647881,14.249910343832193,0.6231497582592396,22.88611555277676,103.13254553556403,7.670313629565295,50.95032386517981,21.38134155880089,17.128929035803854,12.790295326471352,9.37986294108786,18.83513790662775,8.184804524343305,7.371186619076941,1.466674061856138,10.743960262621666,15.891264243355517,12.94502706072102,36.24066173499969,11.769065880423568,16.3868469832354,10.721995289348342,Bacteria;Pseudomonadota;Gammaproteobacteria;Enterobacterales;Enterobacteriaceae;Escherichia;Escherichia coli
GPB:bin_000002,0.0,0.0,0.6627757106563968,0.0,1.2833755005111993,0.0,0.5826729357011301,0.0,0.0,1.1609787751252294,0.0,0.0,0.7535011522314681,3.090369778959356,0.0,0.6069476960878686,0.0,0.0,1.1941451009048414,0.0,0.0,0.0,1.3648552878060705,0.0,0.9822032302348894,Bacteria;Pseudomonadota;Gammaproteobacteria;Enterobacterales;Enterobacteriaceae;Proteus;Proteus mirabilis
GPB:bin_000087,3.351315592875716,11.394540547734824,0.834441748481164,8.075809124299038,4.508138022940043,8.010640785419175,4.503495200869587,2.749901304858108,1.5309916814697655,0.8959380371780308,7.38799613829757,1.2512405479880682,3.653732139555916,2.303261821680178,3.474814659949863,3.013444768566575,2.9232473979796127,3.886590770126,3.267069476033612,4.163514002892056,3.159651456312592,5.710966598975259,5.0126017446318425,5.051854694863885,1.597890526757709,Bacteria;Actinomycetota;Coriobacteriia;Coriobacteriales;Eggerthellaceae;Rubneribacter;Rubneribacter badeniensis
GPB:bin_000078,0.0,0.0,0.0,2.45963670909998,1.63751611041401,2.161306743985304,0.0,0.0,0.0,0.0,0.0,0.0,0.0,2.091544607757175,0.0,0.0,1.91537286776436,1.4917775170978953,1.786659811050595,0.0,0.0,0.7358862557950671,3.170282606882062,0.0,0.6097270295716546,Bacteria;Actinomycetota;Coriobacteriia;Coriobacteriales;Eggerthellaceae;Gordonibacter;Gordonibacter urolithinfaciens
GPB:bin_000074,0.0,0.0,0.0,19.340639862928715,32.725369604634615,0.0,9.42560681268548,0.0,0.0,0.0,0.0,0.0,0.0,15.234489459770838,0.0,0.0,14.86450557969863,19.29485096452099,28.62205356223258,0.0,0.0,0.0,0.0,0.0,6.824781414896921,Bacteria;Bacillota_A;Clostridia;Oscillospirales;Butyricicoccaceae;Agathobaculum;Agathobaculum sp900557315
GPB:bin_000111,0.0,5.395508683308671,4.768035398400709,104.33861770787642,9.821947586845136,71.59582005812972,0.0,21.307003041447555,5.144866412489697,0.0,0.0,18.94200041452376,61.13748210558787,0.0,0.0,4.875618773106084,63.46189996481368,59.625820009929285,0.0,0.0,4.313939084288103,49.149647895809935,0.0,16.95161158160093,0.0,Bacteria;Bacillota_A;Clostridia;Oscillospirales;Butyricicoccaceae;Agathobaculum;Agathobaculum intestinigallinarum
D300506:bin_000004,105.5389987223127,65.83748988091173,55.40740668493792,19.5363263076788,86.81768085127135,4.5419734904270985,62.90470013362073,66.04605526241356,56.10689658535633,44.19104838631021,78.70973090540237,32.95578811848355,9.292336802270576,113.48408742892254,141.3208360561402,38.67149782012893,12.229574071726049,9.887953652137444,53.70301085546528,46.74901735118844,44.92459694330384,3.8292580635722575,72.90635820109432,8.903529733051137,50.17741321967443,Bacteria;Bacillota_A;Clostridia;Oscillospirales;Butyricicoccaceae;Agathobaculum;Agathobaculum stercoravium
GPB:bin_000173,0.0,0.0,0.0,0.0,18.20406491681637,0.0,0.0,0.0,0.0,0.0,0.0,0.0,0.0,15.871400529171511,0.0,0.0,0.0,0.0,12.517677717804109,0.0,0.0,0.0,9.785978568856349,0.0,4.4483543330835085,Bacteria;Bacillota_A;Clostridia;Oscillospirales;Butyricicoccaceae;Pseudobutyricicoccus;Pseudobutyricicoccus lothianensis
GPB:bin_000112,0.0,9.704700201555076,0.0,31.37048191925785,0.0,23.07106851132688,0.0,24.15436391159416,9.616046276282562,0.0,0.0,0.0,27.02471364978584,0.0,0.0,18.29785866672804,8.645020590498566,17.709274059339474,0.0,0.0,0.0,29.953660854254515,0.0,60.72444485355404,0.0,Bacteria;Bacillota_A;Clostridia;Oscillospirales;Oscillospiraceae;Flavonifractor;Flavonifractor avicola
GPB:bin_000140,37.593251039596986,19.72005663062831,38.15115615843014,12.7218868035416,11.267656572460607,9.752659175691326,33.88875200893312,3.447001462480702,2.801468056362394,17.236250534020197,31.57635980189829,13.633017555042697,2.968511833586122,15.146508016519023,27.27402186713804,4.376705191467432,9.41864696800852,10.955720966819548,6.339676777449015,19.222654963807184,17.187764890969465,7.223042246177471,10.362289848455053,4.065259339796579,4.075129765965414,Bacteria;Bacillota_A;Clostridia;Oscillospirales;Oscillospiraceae;Flavonifractor;Flavonifractor plautii
GPB:bin_000197,0.0,0.0,0.0,59.49448593409045,49.865042535152426,86.43684103882674,0.0,18.277948530887468,6.161591898167166,0.0,0.0,0.0,21.80004563231964,26.43466543245778,0.0,14.815084300530506,37.44392031257416,58.27957963333685,23.92043063032111,0.0,0.0,102.86823462914826,18.288139909559344,4.379112540527595,15.410990835709915,Bacteria;Bacillota_A;Clostridia;Oscillospirales;Oscillospiraceae;Flavonifractor;Flavonifractor avistercoris
GPB:bin_000126,0.0,0.0,78.64361223968267,6.798387794701413,10.032166596101604,7.979131195945243,0.0,8.970747600180779,6.222308797574232,44.33780200074538,0.0,40.69408048962927,19.569202472972805,13.73485097270516,0.0,6.572414470335136,4.872369508782655,9.640406652911093,5.784130349455872,26.403649840711388,32.47140512281963,8.40406594632995,13.900812425822908,6.34888882607805,7.990713967890517,Bacteria;Bacillota_A;Clostridia;Oscillospirales;Oscillospiraceae;Intestinimonas;Intestinimonas stercoravium
GPB:bin_000181,8.123727040524006,5.609338670984102,0.0,0.0,26.81615045965157,0.0,10.989461466523244,0.0,0.0,0.0,17.79171333414655,0.0,0.0,20.86463288865232,21.428597831671787,0.0,0.0,0.0,10.698071570356078,0.0,0.0,0.0,26.326077233293045,0.0,9.887628404877814,Bacteria;Bacillota_A;Clostridia;Oscillospirales;Oscillospiraceae;Intestinimonas;Intestinimonas pullistercoris
D300430:bin_000010,0.0,1.439369352498712,0.0,14.44867325579303,9.403683175469313,9.764900006864137,0.0,0.0,0.0,2.257667673184486,0.0,3.4882639933411217,0.0,7.696862423386578,0.0,0.0,9.65868916326181,7.472245232257708,3.7412707181952256,6.557682401088132,5.960102708801355,14.037074998350608,0.0,0.0,1.9289388645386067,Bacteria;Bacillota_A;Clostridia;Oscillospirales;Oscillospiraceae;Intestinimonas;Intestinimonas timonensis
GPB:bin_000080,0.0,0.0,0.0,1.6517024300816487,4.548882275506166,1.650743399853016,0.0,0.0,0.0,0.0,0.0,0.0,0.0,5.009014884149148,0.0,0.0,1.1762758130557327,2.010531161415892,3.1882707574521696,0.0,0.0,5.024207941981699,4.216048310895391,0.0,2.082407953288161,Bacteria;Bacillota_A;Clostridia;Oscillospirales;Oscillospiraceae;Lawsonibacter;Lawsonibacter asaccharolyticus
GPB:bin_000141,0.0,0.0,0.0,0.0,21.578615820303085,0.0,0.0,0.0,0.0,0.0,0.0,0.0,0.0,18.94195133248024,0.0,0.0,0.0,0.0,12.92403475506186,0.0,0.0,0.0,13.00335046637006,0.0,7.266417798967276,Bacteria;Bacillota_A;Clostridia;Oscillospirales;Oscillospiraceae;Lawsonibacter;unclassified_Lawsonibacter
GPB:bin_000034,8.679969856679243,12.219399202244109,68.7371146247211,46.97069736370374,32.07215110233875,48.44504482224696,13.370227015912343,21.793597577335586,19.30366284897932,48.62698573791643,17.474454779963867,42.37780717451474,21.75533515779749,35.44923735687561,15.851140523401902,18.41382828728233,27.16083514729865,30.385493876846336,15.2261099018009,28.08904878225184,36.18489458781186,28.023528277250115,24.21206246106682,11.3377304008144,17.22979304852717,Bacteria;Bacillota_A;Clostridia;Oscillospirales;Oscillospiraceae;Lawsonibacter;Lawsonibacter sp900545895
GPB:bin_000015,3.580291664297747,4.859551672418933,36.93741520589689,42.85445269870716,19.745002252518105,20.64937167587636,5.248121867434187,4.351890946377948,13.40320420339214,27.56908996825696,6.628723545177778,39.12065502822357,23.258237852635965,58.08643897522981,45.649898369731005,24.975894737419303,19.19045855842882,30.379384076991386,24.61234610799216,39.76238459271846,23.094905037819505,23.45399480694289,40.56597511523052,28.396619808710565,23.05512161433254,Bacteria;Bacillota_A;Clostridia;Oscillospirales;Oscillospiraceae;Lawsonibacter;Lawsonibacter pullicola
GPB:bin_000137,0.0,0.0,0.0,0.0,4.712944500699728,0.0,0.0,0.0,0.0,0.0,0.0,0.0,0.0,5.297927660938632,0.0,0.0,0.0,0.0,3.0307192760340955,0.0,0.0,0.0,4.00921382348662,0.0,2.242133211493976,Bacteria;Bacillota_A;Clostridia;Oscillospirales;Oscillospiraceae;Lawsonibacter;Lawsonibacter sp019424865
GPB:bin_000059,0.0,0.0,38.64900592674263,36.12568562565683,69.16917855054625,19.540969201652217,0.0,28.356942902757787,19.169193474106283,30.076450413337845,0.0,35.088930986593574,24.375172926751887,55.81578596272036,0.0,29.236731537392323,6.738569373810406,9.404573832373202,40.10445596609606,22.69703352458373,19.597111634496944,21.33103530406903,39.57517698596022,11.021243090764797,16.269396524064092,Bacteria;Bacillota_A;Clostridia;Oscillospirales;Oscillospiraceae;Dysosmobacter;Dysosmobacter avistercoris
GPB:bin_000022,28.202439602919448,36.274148414786985,46.161936617122414,55.01298973962824,55.187401635376965,37.8717020806021,16.182322735329848,21.231332758504635,13.667313616067853,33.82188430557381,14.039776970738227,36.0844309035602,29.739291678553226,64.69555447997769,71.81054212329755,16.768263365568615,12.763240559400211,13.790920484522898,25.32999227507156,30.261806158787348,29.22451014017059,20.44337403077791,51.49009382101886,14.595306705301994,20.55900755504412,Bacteria;Bacillota_A;Clostridia;Oscillospirales;Oscillospiraceae;Dysosmobacter;Dysosmobacter pullicola
GPB:bin_000085,0.0,0.0,0.0,0.0,76.599964793201,0.0,0.0,0.0,0.0,0.0,0.0,0.0,0.0,44.419564903167135,0.0,0.0,0.0,0.0,34.20419250624228,0.0,0.0,0.0,26.923565031649908,0.0,17.918481459589493,Bacteria;Bacillota_A;Clostridia;Oscillospirales;Oscillospiraceae;Pelethomonas;Pelethomonas intestinigallinarum
GPB:bin_000097,0.0,0.0,0.0,1.9296471615363104,0.0,1.963409976059095,0.0,2.334442845352668,1.362227254435206,0.0,0.0,0.0,0.0,0.0,0.0,1.249633383579677,0.0,1.6429701727701194,0.0,0.0,0.7027780998697232,2.0489424395168165,1.1766340861190496,0.9856695609469958,0.0,Bacteria;Bacillota_A;Clostridia;Oscillospirales;Oscillospiraceae;Dysosmobacter;Dysosmobacter faecalis
GPB:bin_000123,18.767162463496444,71.14697804094536,0.0,0.0,18.902667103210906,0.0,48.07823367738297,0.0,0.0,0.0,48.71290537474121,0.0,0.0,20.421893204792127,15.9802499532822,0.0,0.0,0.0,6.131953166208899,0.0,5.870701693715942,0.0,26.96491700187393,0.0,27.15818601755362,Bacteria;Bacillota_A;Clostridia;Oscillospirales;Oscillospiraceae;Faecousia;Faecousia gallistercoris
GPB:bin_000060,0.0,0.0,0.0,0.0,7.206511351917425,0.0,0.0,0.0,0.0,0.0,0.0,0.0,0.0,8.334390934939432,0.0,0.0,0.0,0.0,4.825268805907553,0.0,0.0,0.0,5.237817480095377,0.0,6.332204010929577,Bacteria;Bacillota_A;Clostridia;Oscillospirales;Acutalibacteraceae;Acutalibacter;Acutalibacter sp900755895
GPB:bin_000004,32.61197557716972,6.046172332265765,11.82340908178486,0.0,0.0,0.0,15.626973291302845,46.74535505316624,13.2781167071193,7.940765393500544,28.13516210981933,11.52795806578006,43.33074610756863,0.0,82.94377638900256,26.54717708668213,0.0,0.0,0.0,14.001129084411508,39.646221255107406,0.0,0.0,33.54305007775682,0.0,Bacteria;Bacillota_A;Clostridia;Oscillospirales;Acutalibacteraceae;Acutalibacter;Acutalibacter stercoravium
GPB:bin_000184,25.268911416812333,16.515206348322593,24.33635501845392,31.622127701971102,29.969099399130567,58.39185009472375,26.16986392893301,45.235095112020176,26.42084889474309,17.085263094660746,39.23919174929049,24.136358241845187,20.84612555695073,27.41256917470928,46.446636024913886,13.560177052091468,48.36818747243635,42.19118812737084,27.824342757845663,14.40948204497803,17.979798127795743,21.81542861580253,20.92814621302807,24.33850882989432,10.800880864923789,Bacteria;Bacillota_A;Clostridia;Oscillospirales;Acutalibacteraceae;Acutalibacter;Acutalibacter ornithocaccae
GPB:bin_000166,5.465106561374858,13.3422294316544,14.664861873003174,16.33402771308165,0.0,18.937780514804604,13.52887966702653,0.0,0.0,26.73491042706752,28.234174717909653,12.208507784542707,0.0,0.0,28.686440619913743,0.0,5.976712133583958,17.1828161905336,0.0,14.247274999040975,10.672149777780213,15.33583684519145,0.0,0.0,0.0,Bacteria;Bacillota_A;Clostridia;Oscillospirales;Acutalibacteraceae;UBA1417;UBA1417 sp900552925
TG2_14:bin_000017,0.0,0.0,0.0,10.391687038544976,0.0,2.980660904608441,0.0,0.0,0.0,0.0,0.0,0.0,0.0,0.0,0.0,0.0,2.2192849272214463,2.190965737309077,0.0,0.0,0.0,3.2408269203454414,0.0,0.0,0.0,Bacteria;Bacillota_A;Clostridia;Oscillospirales;Acutalibacteraceae;Heritagella;Heritagella sp905215105
GPB:bin_000210,5.309717853230667,11.232141799309415,0.0,0.0,0.0,0.0,5.675842971331495,6.704148514364374,5.477117305624361,0.0,8.338759361467352,0.0,5.563377347332403,0.0,11.879638061750796,4.220303603217363,0.0,0.0,0.0,0.0,0.0,0.0,0.0,5.122965427708237,0.0,Bacteria;Bacillota_A;Clostridia;Oscillospirales;Acutalibacteraceae;Gallacutalibacter;Gallacutalibacter pullicola
GPB:bin_000021,16.76155313511442,26.82999255745217,40.5197761146008,16.318249121004026,52.03838232722915,37.832171958953296,27.337755753221312,47.83558718123938,27.933520563687463,60.82766719286621,30.65667379322273,20.43172427604664,32.87691356819474,92.32273411144736,40.90808500513382,23.59625104018317,5.620991312214411,9.801138637621372,38.20296527930586,30.79416160216616,12.279638903023068,20.77214785777985,37.18936936727671,28.669645359927703,33.05644816254449,Bacteria;Bacillota_A;Clostridia;Oscillospirales;Acutalibacteraceae;Anaeromassilibacillus;Anaeromassilibacillus stercoravium
GPB:bin_000032,0.0,0.0,0.0,0.0,31.9026403242888,0.0,0.0,0.0,0.0,0.0,0.0,0.0,0.0,115.20092758280686,0.0,0.0,0.0,0.0,19.040097870941825,0.0,0.0,0.0,17.694920205967207,0.0,4.147171602819268,Bacteria;Bacillota_A;Clostridia;Oscillospirales;Acutalibacteraceae;Caccousia;Caccousia avistercoris
GPB:bin_000086,1.7367234364985806,5.22902869333071,0.0,4.053768679713328,5.375377129252934,5.156131126477201,3.460951464637072,0.0,0.0,0.0,3.88224499299919,0.0,0.0,5.654933073486219,2.5256862868656813,0.0,2.334382045957897,0.0,3.825393190386681,0.0,0.0,3.4145201870776267,5.306168243834138,0.0,2.017247659608477,Bacteria;Bacillota_A;Clostridia;Oscillospirales;Acutalibacteraceae;unclassified_Acutalibacteraceae;unclassified_Acutalibacteraceae
GPB:bin_000127,13.59793224017362,26.928488830918297,0.0,89.52737603305785,0.0,43.101530131310696,22.967691595238616,0.0,0.0,0.0,18.44974187254752,0.0,0.0,0.0,17.6659571815332,0.0,31.88778306333165,38.507385541574415,0.0,0.0,0.0,46.05632905495758,0.0,0.0,0.0,Bacteria;Bacillota_A;Clostridia;Oscillospirales;Acutalibacteraceae;Onthovicinus;Onthovicinus excrementipullorum
GPB:bin_000133,0.0,0.0,0.0,0.0,0.0,0.0,0.0,24.004353860775822,8.44615332834345,0.0,0.0,0.0,15.337682652994172,0.0,0.0,11.482616611826025,0.0,0.0,0.0,0.0,0.0,0.0,0.0,31.368533118351607,0.0,Bacteria;Bacillota_A;Clostridia;Oscillospirales;Acutalibacteraceae;Onthovicinus;unclassified_Onthovicinus
GPB:bin_000016,0.0,0.0,0.0,0.0,9.365617546250542,0.0,0.0,27.935097218062506,5.840159217913606,0.0,0.0,0.0,24.38491737615516,0.0,0.0,21.139281007455665,0.0,0.0,4.1890178512060405,0.0,0.0,0.0,0.0,42.07260623289029,0.0,Bacteria;Bacillota_A;Clostridia;Oscillospirales;Ruminococcaceae;Fournierella;Fournierella sp002161595
GPB:bin_000215,0.0,2.514551563507788,6.239520238166215,2.994261660590478,0.0,2.434840086779696,0.0,3.179848603626398,0.0,2.953352710781485,3.746217677495076,5.615982107970064,0.0,0.0,0.0,0.0,1.997812769308014,3.418465666785086,0.0,1.1820727891059255,10.308796668353446,4.347509025590944,0.0,0.0,0.0,Bacteria;Bacillota_A;Clostridia;Oscillospirales;Ruminococcaceae;Ruthenibacterium;Ruthenibacterium lactatiformans
D300418:bin_000001,0.0,0.0,0.0,0.0,122.7311176324764,0.0,0.0,0.0,0.0,0.0,0.0,0.0,0.0,92.80039597194026,0.0,0.0,0.0,0.0,34.88573094008161,0.0,0.0,0.0,44.42440017956088,0.0,36.62924698331022,Bacteria;Bacillota_A;Clostridia;Oscillospirales;Ruminococcaceae;Faeciplasma;Faeciplasma gallinarum
TG3_35:bin_000005,0.0,0.0,0.0,0.0,167.9350444155515,0.0,0.0,0.0,0.0,0.0,0.0,0.0,0.0,113.32820555209638,0.0,0.0,0.0,0.0,99.53599282359056,0.0,0.0,0.0,67.82916324231154,0.0,22.90544646928379,Bacteria;Bacillota_A;Clostridia;Oscillospirales;Ruminococcaceae;Merdivicinus;Merdivicinus excrementipullorum
D300481:bin_000002,29.87166860635753,28.02290145669993,29.33564966539485,11.282781848831542,0.0,8.856106569349992,17.282086406958214,54.64322679606676,45.16762792639703,8.9907721777159,51.88382731622474,12.329909897574831,61.46735185088533,0.0,114.73291236280104,52.91885630313674,5.064575777068177,5.582141106918426,0.0,10.74640705310912,21.04509798206628,6.925696170528312,0.0,49.39284399801806,0.0,Bacteria;Bacillota_A;Clostridia;Oscillospirales;Ruminococcaceae;Merdivicinus;Merdivicinus intestinigallinarum
D300475:bin_000015,0.0,0.0,0.0,0.0,2.684620059619363,0.0,0.0,0.0,0.0,0.0,0.0,0.0,0.0,34.44645282026146,0.0,0.0,0.0,0.0,3.233952522468775,0.0,0.0,0.0,11.480858393115744,0.0,5.913934619426018,Bacteria;Bacillota_A;Clostridia;Oscillospirales;Ruminococcaceae;Egerieicola;Egerieicola faecale
D300519:bin_000006,0.0,0.0,0.0,0.0,133.1918451399331,0.0,0.0,0.0,0.0,0.0,0.0,0.0,0.0,114.40092263664272,0.0,0.0,0.0,0.0,138.26632646999752,0.0,0.0,0.0,111.732602670199,0.0,11.89690893287002,Bacteria;Bacillota_A;Clostridia;Oscillospirales;Ruminococcaceae;Gemmiger;Gemmiger avicola
GPB:bin_000130,0.0,0.0,30.450999542433426,59.42189987458872,37.95095199578457,60.70895969051047,0.0,14.760549482636524,7.121481128455383,22.549138063162086,0.0,29.801344507355186,17.483853717420757,35.95897115764343,0.0,12.317658601636277,42.87320483431951,40.4856918149283,21.3759105183256,16.769703051599862,20.08515884496324,41.236593243453385,25.398748572202106,9.009642460388047,13.477293398623273,Bacteria;Bacillota_A;Clostridia;Oscillospirales;Ruminococcaceae;Negativibacillus;Negativibacillus faecipullorum
D300500:bin_000011,0.0,0.0,0.0,136.21559108219472,0.0,152.3829710999679,0.0,0.0,0.0,0.0,0.0,0.0,0.0,0.0,0.0,0.0,74.05923681778594,60.3699019637406,0.0,0.0,0.0,78.90375702191137,0.0,0.0,0.0,Bacteria;Bacillota_A;Clostridia;Oscillospirales;Ruminococcaceae;Gemmiger;Gemmiger stercoravium
GPB:bin_000033,6.307035750836563,4.5913923162724375,3.2845003047272976,9.088692892379518,9.243284500304728,4.06556524038959,4.542837183629819,13.55227223071881,4.810364752825914,3.07126306590159,3.307052999551533,2.5813995607327254,4.930890148683923,9.048330899348,3.4290014143946275,2.866434575624116,10.783034163954785,10.819385830755609,6.954466267263088,2.47187022066856,2.981526626266343,15.116256338902753,5.45602727596794,4.365261663006105,1.8966255763945583,Bacteria;Bacillota_A;Clostridia;Oscillospirales;Ruminococcaceae;Anaerotruncus;Anaerotruncus colihominis
GPB:bin_000026,6.840577846498443,6.185270482816168,0.0,0.0,0.0,0.0,3.369029306140646,0.0,0.0,0.0,2.042482248551716,0.0,0.0,1.8702006510587423,15.49642166944196,0.0,0.0,0.0,0.0,0.0,0.0,0.0,0.0,0.0,0.0,Bacteria;Bacillota_A;Clostridia;UBA1381;UBA1381;UBA4716;UBA4716 sp905215805
D300479:bin_000005,0.0,0.0,10.321582962982871,8.134723308030738,0.0,1.3892359981218927,0.0,0.0,0.0,9.989082501176677,0.0,7.364722238584808,0.0,0.0,0.0,0.0,1.9743287225153825,0.0,0.0,6.312275923912639,4.8729847092107885,1.2601733188681716,0.0,0.0,0.0,Bacteria;Bacillota_A;Clostridia;UBA1381;UBA1381;Ornithomonoglobus;Ornithomonoglobus merdipullorum
GPB:bin_000093,0.0,0.0,0.0,35.74271215077303,17.72524530128633,5.713011085693872,0.0,0.0,0.0,0.0,0.0,0.0,0.0,17.47560793558614,0.0,0.0,6.733391953099585,5.003188420553966,9.755962864176736,0.0,0.0,4.676364527505413,7.500338688786856,0.0,3.962486225936917,Bacteria;Bacillota_A;Clostridia;Monoglobales;Monoglobaceae;Roslinia;Roslinia sp019419865
D300435:bin_000001,19.83622231842134,18.791497325236897,52.39245755301405,31.838539215586145,21.44155157472799,42.28013243003937,32.56112593817051,17.42534115112628,10.712113938858742,47.3863805100945,32.859989173671444,44.69702385956257,23.2809864372344,7.428035948439022,35.70985518017824,10.97921706317375,11.077148983008636,22.0756931639356,10.186333842176014,31.014602973076386,24.96385986111188,22.25429223073436,8.73008265878288,6.514063620786238,1.7129836591576364,Bacteria;Bacillota_A;Clostridia;Lachnospirales;Anaerotignaceae;Anaerotignum;Anaerotignum merdipullorum
GPB:bin_000035,0.0,0.0,0.0,6.0139979085817625,2.608544930253269,3.1411244099986626,0.0,0.0,0.0,0.0,0.0,0.0,0.0,4.436655653391383,0.0,0.0,14.8002331988613,3.7064274377735833,1.6349446650779724,0.0,0.0,12.790387246084318,5.679216587302516,0.0,4.951752689668947,Bacteria;Bacillota_A;Clostridia;Lachnospirales;Anaerotignaceae;Coprocola;Coprocola pullicola
TG5:bin_000031,0.0,0.0,5.163197352072951,0.0,0.0,0.0,0.0,1.350643671452698,0.0,2.9981995550966727,0.0,1.9401901792261065,0.0,0.0,0.0,0.0,0.0,0.0,0.0,0.0,6.419416864167261,0.0,0.0,1.7233184067798573,0.0,Bacteria;Bacillota_A;Clostridia;Lachnospirales;Anaerotignaceae;Anaerotignum;Anaerotignum lactatifermentans
GPB:bin_000012,0.0,0.0,0.0,0.0,8.078967014351154,0.0,0.0,0.0,0.0,0.0,0.0,0.0,0.0,19.19255795774131,0.0,0.0,0.0,0.0,17.229786757310467,0.0,0.0,0.0,41.59238473510702,0.0,2.268309702778495,Bacteria;Bacillota_A;Clostridia;Lachnospirales;Lachnospiraceae;Choladocola;Choladocola sp944381625
GPB:bin_000038,11.702161439193697,7.6698215567721455,0.0,0.0,0.0,0.0,2.3063793008643745,0.0,0.0,0.0,11.835174869096972,0.0,0.0,0.0,21.9194128357379,0.0,0.0,0.0,0.0,0.0,0.0,0.0,0.0,0.0,0.0,Bacteria;Bacillota_A;Clostridia;Lachnospirales;Lachnospiraceae;Choladocola;unclassified_Choladocola
GPB:bin_000092,0.0,0.0,18.4336183704072,15.7224040944301,54.07284182396998,20.234591759819093,0.0,0.0,0.0,9.357333448270332,0.0,18.7329348627973,0.0,60.41024740188925,0.0,0.0,22.116305049476367,13.451462840601094,12.460669995830193,25.0556433732138,52.42045541112697,10.889662486167468,33.686580838131285,0.0,18.186549765047392,Bacteria;Bacillota_A;Clostridia;Lachnospirales;Lachnospiraceae;Choladocola;Choladocola avistercoris
GPB:bin_000054,12.859352383503802,59.80583800491016,0.0,67.01175358065368,0.0,27.712954928946715,38.96416197509736,119.56882962006286,37.6341995409726,0.0,53.37284431053924,0.0,80.00054479515703,0.0,37.43454960934689,59.52087015282254,19.10735313522116,38.82797568114389,0.0,0.0,0.0,24.0772344598431,0.0,45.44142652362712,0.0,Bacteria;Bacillota_A;Clostridia;Lachnospirales;Lachnospiraceae;Merdisoma;Merdisoma faecalis
GPB:bin_000089,0.0,0.0,0.0,0.0,53.39839000284066,0.0,0.0,0.0,0.0,0.0,0.0,0.0,0.0,59.94556693514706,0.0,0.0,0.0,0.0,54.72092215731734,0.0,0.0,0.0,40.83210144583491,0.0,16.24144082956659,Bacteria;Bacillota_A;Clostridia;Lachnospirales;Lachnospiraceae;Blautia_A;Blautia_A intestinavium
GPB:bin_000208,174.76860936865737,132.7500816716791,122.88111519033428,57.01542903235694,132.62101425385725,40.16153424641149,182.7965055734847,184.7889581384987,191.635437061225,98.099049618255,255.47648790100425,136.92524256675586,231.187143644224,105.67889162747548,193.277168635384,147.22622793462978,20.514804440248103,41.87133178287967,90.53647640342597,110.33021523197374,105.5446659983419,26.752165888075787,69.44742848214773,230.7294832145076,31.86197224583288,Bacteria;Bacillota_A;Clostridia;Lachnospirales;Lachnospiraceae;Eisenbergiella;Eisenbergiella intestinigallinarum
D300511:bin_000002,0.0,0.0,49.57098309614133,136.63435595382552,0.0,202.92456150958395,0.0,0.0,0.0,55.17005328513865,0.0,81.57762562954706,0.0,0.0,0.0,0.0,59.0440462941955,128.60768704424623,0.0,136.485743037642,123.96063748206318,180.25112439963675,0.0,0.0,0.0,Bacteria;Bacillota_A;Clostridia;Lachnospirales;Lachnospiraceae;Eisenbergiella;Eisenbergiella merdigallinarum
GPB:bin_000029,8.374835371360824,8.287241371755202,0.0,0.0,2.516307668712403,0.0,5.198400333030652,0.0,0.0,0.0,3.159591794007883,0.0,0.0,13.859388275276126,19.758997061637448,0.0,0.0,0.0,1.793006721473904,0.0,0.0,0.0,7.046410061031275,0.0,0.0,Bacteria;Bacillota_A;Clostridia;Lachnospirales;Lachnospiraceae;Mediterraneibacter;Mediterraneibacter merdigallinarum
GPB:bin_000084,0.0,0.0,0.0,0.0,0.0,0.0,0.0,1.1999925895194472,0.8583104890299624,0.0,0.0,0.0,2.523984413289237,0.0,0.0,2.580994587542196,0.0,0.0,0.0,0.0,0.0,0.0,0.0,3.8813233995467256,0.0,Bacteria;Bacillota_A;Clostridia;Lachnospirales;Lachnospiraceae;Mediterraneibacter;unclassified_Mediterraneibacter
GPB:bin_000175,10.99002121323502,12.802738808999052,0.0,0.0,0.0,0.0,1.0042281417605698,0.0,0.0,0.0,2.623711256972438,0.0,0.0,0.0,5.309986641491402,0.0,0.0,0.0,0.0,0.0,0.0,0.0,0.0,0.0,0.0,Bacteria;Bacillota_A;Clostridia;Lachnospirales;Lachnospiraceae;Mediterraneibacter;Mediterraneibacter intestinavium
GPB:bin_000147,46.61172765014868,152.68063775779672,8.365465562551416,6.608046554654665,0.0,3.659713130627675,65.86709004599768,0.0,0.0,10.31046039301296,96.8838726404978,7.720185527212898,0.0,0.0,84.08275102670555,0.0,0.0,0.0,0.0,25.31876686501903,7.941435371166459,0.0,0.0,0.0,0.0,Bacteria;Bacillota_A;Clostridia;Lachnospirales;Lachnospiraceae;Mediterraneibacter;Mediterraneibacter faecavium
D300482:bin_000009,4.996941140713222,6.596435297407748,0.0,0.0,0.0,0.0,6.13185137270994,0.0,0.0,0.0,6.656728246504793,0.0,0.0,0.0,8.450634567178156,0.0,0.0,0.0,0.0,0.0,0.0,0.0,0.0,0.0,0.0,Bacteria;Bacillota_A;Clostridia;Lachnospirales;Lachnospiraceae;Mediterraneibacter;Mediterraneibacter sp900761655
GPB:bin_000116,0.0,27.970888027507183,0.0,9.317750444497008,3.059615330073276,4.170355319494013,2.197152080069765,0.0,0.0,0.0,2.9780404572818897,0.0,0.0,0.0,2.978370887146361,0.0,2.198391192061533,3.4111514021378264,0.0,0.0,0.0,6.780957767483664,0.0,0.0,0.0,Bacteria;Bacillota_A;Clostridia;Lachnospirales;Lachnospiraceae;Mediterraneibacter;Mediterraneibacter sp019418195
D300452:bin_000016,101.87496218260225,74.80011268771256,64.54881648623837,42.89459079461103,64.8455000712431,32.76248852465629,103.83658720187692,95.5121728103808,99.8989584194052,50.33786795108104,145.0561193917206,71.69664623930784,98.016969520316,52.07964783137962,110.77416848895017,60.6720533822254,12.169784988981718,39.633348536198326,44.56265521398629,51.64395887809363,50.33425699955302,23.33777491214978,33.11678467863507,108.15775759259488,15.26885973958208,Bacteria;Bacillota_A;Clostridia;Lachnospirales;Lachnospiraceae;Eisenbergiella;Eisenbergiella sp904392525
GPB:bin_000005,0.0,4.932329184800162,5.998230918128238,0.0,0.0,0.0,2.920347454236692,0.0,0.0,0.0,0.0,7.2883913583031,0.0,0.0,6.642929011214819,0.0,0.0,0.0,0.0,3.222692982996345,0.0,0.0,0.0,0.0,0.0,Bacteria;Bacillota_A;Clostridia;Lachnospirales;Lachnospiraceae;Blautia;unclassified_Blautia
GPB:bin_000053,0.0,0.0,11.67589435346846,12.641656764884605,11.969125791981298,7.060438284482392,0.0,141.39923791756814,57.6950876839893,38.82416176738101,0.0,22.462079722569484,327.0026434855305,17.794518347647376,0.0,303.8813856818296,4.00886709421723,9.37058532110802,5.989062239957271,70.13572537165548,26.62605323352853,5.226737907892139,36.39703178762322,390.9854917928096,13.866881345042591,Bacteria;Bacillota_A;Clostridia;Lachnospirales;Lachnospiraceae;Mediterraneibacter;Mediterraneibacter excrementipullorum
GPB:bin_000194,0.0,0.0,0.0,7.994804799060657,0.0,4.351995150924976,0.0,0.0,0.0,0.0,0.0,0.0,0.0,0.0,0.0,0.0,3.5844319518934658,3.693652067274291,0.0,0.0,0.0,3.407063121608608,0.0,0.0,0.0,Bacteria;Bacillota_A;Clostridia;Lachnospirales;Lachnospiraceae;Lachnoclostridium_B;Lachnoclostridium_B sp002160985
D300511:bin_000016,0.0,0.0,0.0,16.41884730843451,0.0,20.64880344272225,0.0,0.0,0.0,0.0,0.0,0.0,0.0,0.0,0.0,0.0,17.914305077430903,8.552128043373445,0.0,0.0,0.0,10.799248337474896,0.0,0.0,0.0,Bacteria;Bacillota_A;Clostridia;Lachnospirales;Lachnospiraceae;Merdisoma;Merdisoma sp002160825
GPB:bin_000031,0.0,2.4871684579630795,0.0,78.34333532923567,5.90525932375231,72.47866425359652,0.0,0.0,0.0,0.0,0.0,0.0,0.0,6.243079632352712,0.0,0.0,27.758081069609947,117.0735522876258,0.0,0.0,0.0,34.242199636586655,8.664948876189369,0.0,4.852183022515646,Bacteria;Bacillota_A;Clostridia;Lachnospirales;Lachnospiraceae;Mediterraneibacter;Mediterraneibacter faecigallinarum
GPB:bin_000172,0.0,0.0,0.0,0.0,9.994292851907618,0.0,0.0,0.0,0.0,0.0,0.0,0.0,0.0,9.28889967069608,0.0,0.0,0.0,0.0,3.2761905745048274,0.0,0.0,0.0,4.43509556892303,0.0,1.9572421054804845,Bacteria;Bacillota_A;Clostridia;Lachnospirales;Lachnospiraceae;Enterocloster;Enterocloster sp944384065
GPB:bin_000143,12.250752399675038,10.654327305093124,40.2304839442165,180.95715924365945,315.05046819316186,88.98172724416806,14.831815142342442,19.90677761295936,11.723922488906856,70.40345562317414,32.656154642802484,48.66125354455679,27.136027110203333,154.00813190131134,26.45431666080955,34.820537171846986,96.28549708079488,70.15041573796672,127.39986659440704,95.89994207770202,30.302566866913114,43.33890467008623,127.28182687383396,20.053737065072813,73.58661413001724,Bacteria;Bacillota_A;Clostridia;Lachnospirales;Lachnospiraceae;Blautia;Blautia ornithocaccae
GPB:bin_000001,14.440061974452885,12.718637718276394,10.864534945902433,44.98065466297056,23.62335199697065,28.11769220318602,12.222791509731204,3.8065581921034606,3.096229502036428,7.2465161049750115,16.03072273658834,6.392669150655155,0.0,11.025685866991957,31.313900314786284,0.0,16.562412378703222,20.69177826789498,12.82165145729573,7.518160191242062,7.285575330467786,23.726401868483507,15.442232814663434,0.0,6.453696932206771,Bacteria;Bacillota_A;Clostridia;Lachnospirales;Lachnospiraceae;Enterocloster;Enterocloster excrementipullorum
GPB:bin_000104,28.675223215071657,40.95685834865564,76.31198491876654,94.216477951724,92.40072307669556,53.99797752603266,92.8303227437479,78.99274881112756,96.84055341986122,64.55948869153963,32.4014836170454,31.46186418298601,3.277400754765877,145.50196719395117,14.018519157518469,18.798163154214343,36.25587394184542,31.479645334683525,77.11178464314109,46.61577149424348,29.08595021418365,51.83850066512071,55.45772205489552,35.41378676561202,58.89543485655012,Bacteria;Bacillota_A;Clostridia;Lachnospirales;Lachnospiraceae;Caccovicinus;Caccovicinus merdipullorum
GPB:bin_000135,31.95171815648209,46.75389743915782,8.844783756060021,14.774886058796792,23.333357847021304,17.42165267172313,28.344351049929163,11.026818290943632,6.547171136223671,7.794724116629485,70.07444490730505,17.140891868066383,24.7194408411959,87.59107230462511,28.010071330087406,15.439495631660805,6.947851319896037,8.343079501211292,10.81968158142704,4.645826236225284,4.255856952667074,7.210001489799617,17.944671973642883,5.46711385959635,13.643124669658286,Bacteria;Bacillota_A;Clostridia;Lachnospirales;Lachnospiraceae;UMGS1370;UMGS1370 sp904395885
TG3_28:bin_000042,0.0,5.29074402167115,0.0,15.045282025528197,6.927393805202346,5.180633369613717,0.0,0.0,0.0,0.0,0.0,0.0,0.0,2.427587030914247,0.0,0.0,2.3570176404806933,4.670069430572228,2.019740760170486,0.0,0.0,10.984573680604433,2.981220701101293,0.0,1.048571529918248,Bacteria;Bacillota_A;Clostridia;Lachnospirales;Lachnospiraceae;Mediterraneibacter;Mediterraneibacter faecipullorum
GPB:bin_000146,33.552382023354554,18.009600945244372,4.191818212633712,11.545750032148424,0.0,17.115282903441198,33.118539713661114,0.0,0.0,11.002791397888805,35.70601705507523,3.0405683518538744,0.0,0.0,18.132598932403297,0.0,12.713181714729682,17.253695992665318,0.0,2.6505904818066823,4.131005231449821,19.689927777691093,0.0,0.0,0.0,Bacteria;Bacillota_A;Clostridia;Lachnospirales;Lachnospiraceae;Clostridium_Q;Clostridium_Q saccharolyticum_A
GPB:bin_000067,0.0,0.0,0.0,0.0,50.87009581765935,0.0,0.0,29.985194102968205,19.02432000860425,0.0,0.0,0.0,0.0,58.55996821979688,0.0,3.682392258259253,0.0,0.0,36.51119462859056,0.0,0.0,0.0,112.26612624130576,3.402363912816078,43.14244972977286,Bacteria;Bacillota_A;Clostridia;Lachnospirales;Lachnospiraceae;Lachnoclostridium_A;Lachnoclostridium_A stercoripullorum
TG3:bin_000068,2.935367698468681,5.645277938169436,0.0,0.0,0.0,0.0,1.9555351667489416,0.0,0.0,0.0,3.61075122626909,0.0,0.0,0.0,6.865226153530558,0.0,0.0,0.0,0.7039437992800407,0.0,0.0,0.0,0.0,0.0,0.0,Bacteria;Bacillota_A;Clostridia;Lachnospirales;Lachnospiraceae;An181;An181 sp002160325
GPB:bin_000023,0.6807288440433803,1.4114194381082932,1.0425701442947464,2.43191678635345,3.983210055151797,1.2782198870012684,0.0,0.0,0.0,1.757147120509203,0.0,1.4000254893915505,0.0,2.982401831676576,2.104924760210615,0.0,3.1623690132903977,1.3554508364620343,3.045616794012981,2.859976474753584,0.6833985558765919,1.3873443581837952,6.599479978273632,1.860360086918189,2.272878238574984,Bacteria;Bacillota_A;Clostridia;Lachnospirales;Lachnospiraceae;Sellimonas;Sellimonas intestinalis
D300492:bin_000003,8.689769614941145,10.276123069480455,17.465134003473857,30.38338496264503,6.151106443645735,71.10089114474113,34.45800382009656,38.89916012767435,5.798683987896091,22.219987012998764,34.449272429344354,8.71854248809349,48.65185215568839,0.0,89.62048761273523,0.0,29.02843598322246,48.4426154602016,3.7762133994124185,13.522797977936577,26.014703722347203,45.09039477648695,36.5151285293895,50.990010022249216,0.0,Bacteria;Bacillota_A;Clostridia;Lachnospirales;Lachnospiraceae;Lachnoclostridium_A;Lachnoclostridium_A stercorigallinarum
GPB:bin_000124,0.0,0.0,42.71765122323799,28.33293803538113,0.0,17.87369999907792,0.0,17.13223459285677,8.857128733260454,32.428843807277644,0.0,23.01785397779023,11.901136409041683,0.0,0.0,3.300959882465881,19.12814774137166,17.599036224318866,0.0,20.39085575944848,11.84423655585688,23.379423537764698,0.0,9.566321434096574,0.0,Bacteria;Bacillota_A;Clostridia;Lachnospirales;Lachnospiraceae;Copromonas;Copromonas faecavium
D300474:bin_000012,0.0,0.0,0.0,5.666273523783027,0.0,4.676516528888311,0.0,0.0,0.0,0.0,0.0,0.0,0.0,0.0,0.0,0.0,1.6897397064169013,4.286673058164526,0.0,0.0,0.0,4.569725902386646,0.0,0.0,0.0,Bacteria;Bacillota_A;Clostridia;Lachnospirales;Lachnospiraceae;Mediterraneibacter;Mediterraneibacter norwichensis
D300444:bin_000010,16.867971854273573,11.405669792996836,29.01646294867257,38.29145785207485,38.22190336350436,26.330477779459272,17.58330904893109,8.216856793733498,6.602142071882664,35.47827661205699,20.642440213469275,46.14539311340212,1.2232303549608343,29.04089847702404,36.760274178197065,0.0,9.992536454744087,13.766441999467204,10.673119855719383,24.263400925267,31.48510792905536,18.284904190216285,17.35049146210445,1.4981652248193678,12.739821500263272,Bacteria;Bacillota_A;Clostridia;Lachnospirales;Lachnospiraceae;Enterocloster;Enterocloster excrementigallinarum
TG3_28:bin_000041,0.0,10.931104756681348,0.0,2.783312301510992,0.0,6.078215621504573,2.1154334129470302,0.0,0.0,0.0,0.0,0.0,0.0,0.0,0.0,0.0,1.015672026462546,2.012284556573705,2.5301339171418262,0.0,0.0,2.38607826113672,0.0,0.0,0.0,Bacteria;Bacillota_A;Clostridia;Lachnospirales;Lachnospiraceae;Merdimonas;Merdimonas faecis
TG2:bin_000059,0.928784308830184,14.819027259818684,0.0,7.090470766302059,0.0,1.392216830246384,3.4131571145474124,0.0,0.0,0.0,2.1696131820806093,0.0,0.0,0.0,3.756565294053397,0.0,3.0914225974066505,1.9462761558506407,0.0,0.0,0.0,1.3409115733300043,0.0,0.0,0.0,Bacteria;Bacillota_A;Clostridia;Lachnospirales;Lachnospiraceae;Pullilachnospira;Pullilachnospira stercoravium
TG2_07:bin_000029,1.0332090332324997,9.129924182627285,0.0,12.224858029089637,0.0,16.608516547984248,1.472881529488563,0.0,0.0,0.0,5.704382645202855,0.0,0.0,0.0,3.0514145891910114,0.0,1.457788453743723,1.6128791401960074,0.0,0.0,0.0,11.119970219174926,0.0,0.0,0.0,Bacteria;Bacillota_A;Clostridia;Lachnospirales;Lachnospiraceae;Mediterraneibacter;Mediterraneibacter vanvlietii
TG3_35:bin_000033,0.0,0.0,0.0,7.683055427403942,17.477746243326962,4.480666727080999,0.0,0.0,0.0,0.0,0.0,0.0,0.0,19.663526494430897,0.0,0.0,2.8439703750082383,8.275493475252093,11.459860854807884,0.0,0.0,10.17869941672708,11.467996193897054,0.0,4.876414931127662,Bacteria;Bacillota_A;Clostridia;Lachnospirales;Lachnospiraceae;Hungatella_B;Hungatella_B pullicola
GPB:bin_000171,0.0,0.0,2.6214865133696383,0.0,6.56613463352754,0.0,0.0,0.0,0.0,3.038453013193304,0.0,3.367385194619416,0.0,8.67826937389519,0.0,0.0,0.0,0.0,4.197184787225017,5.193625947934058,3.421373291857454,0.0,5.111719224186087,0.0,3.847766860372785,Bacteria;Bacillota_A;Clostridia;Lachnospirales;Lachnospiraceae;Anaerobutyricum;Anaerobutyricum stercoris
TG2_28:bin_000031,3.07280209249656,6.912229228684251,0.0,9.28207513705047,0.0,3.081312929846012,1.0444941379171448,0.0,0.0,0.0,3.114056914762989,0.0,0.0,0.0,12.872803911606834,0.0,5.293480958463216,4.002237505635994,0.0,0.0,0.0,2.689164729530787,0.0,0.0,0.0,Bacteria;Bacillota_A;Clostridia;Lachnospirales;Lachnospiraceae;Anaerostipes;Anaerostipes butyraticus
GPB:bin_000142,0.0,0.0,0.0,0.0,36.41745186960809,0.0,0.0,0.0,0.0,0.0,0.0,0.0,0.0,21.91425871859817,0.0,0.0,0.0,0.0,4.106390827421741,0.0,0.0,0.0,15.351191757734666,0.0,9.59302923546763,Bacteria;Bacillota_A;Clostridia;Christensenellales;CAG-314;Heteroclostridium;Heteroclostridium caecigallinarum
GPB:bin_000131,0.0,0.0,53.59141198237712,11.497575142781708,48.92895502194048,3.4171523781021618,0.0,213.7686948204752,163.38624896330535,58.45981827382161,0.0,52.75526074883333,124.000866976695,16.631260034374034,0.0,133.79192491534437,3.487259543606928,6.235521438354331,4.2178687353901045,50.83623596543346,5.996069118174889,10.187247308322062,7.102786221781316,64.25105652193217,3.4579253634066016,Bacteria;Bacillota_A;Clostridia;Christensenellales;Borkfalkiaceae;Borkfalkia;Borkfalkia excrementigallinarum
D300472:bin_000003,0.0,0.0,0.0,98.56061971009656,0.0,27.178583236291697,0.0,0.0,0.0,0.0,0.0,0.0,0.0,0.0,0.0,0.0,22.36414200806159,13.434066790196995,0.0,0.0,0.0,51.50304987146088,0.0,0.0,0.0,Bacteria;Bacillota_A;Clostridia;Christensenellales;Borkfalkiaceae;Borkfalkia;Borkfalkia sp904373255
GPB:bin_000190,0.0,0.0,0.0,0.0,63.61164943793775,0.0,0.0,0.0,0.0,0.0,0.0,0.0,0.0,11.685912929189064,0.0,0.0,0.0,0.0,8.229861513550714,0.0,0.0,0.0,25.521643462986773,0.0,47.59342706350368,Bacteria;Bacillota_A;Clostridia;Christensenellales;Borkfalkiaceae;Borkfalkia;Borkfalkia sp944342025
GPB:bin_000148,0.0,0.0,0.0,12.46626765937074,0.0,20.25799767782757,0.0,0.0,0.0,0.0,0.0,0.0,0.0,0.0,0.0,4.140904237111773,1.588106656174056,2.201458124135013,0.0,0.0,0.0,3.9210256678520135,0.0,0.0,0.0,Bacteria;Bacillota_A;Clostridia;Christensenellales;Borkfalkiaceae;Borkfalkia;Borkfalkia sp017886545
TG3:bin_000002,0.0,0.0,0.0,0.0,11.603551302777031,0.0,0.0,0.0,0.0,0.0,0.0,0.0,0.0,22.574170915445485,0.0,0.0,0.0,0.0,29.61132673163644,0.0,0.0,0.0,105.98375864754662,0.0,8.695128576010054,Bacteria;Bacillota_A;Clostridia;Christensenellales;Borkfalkiaceae;Scatosoma;Scatosoma sp904419075
GPB:bin_000070,0.0,0.0,0.0,0.0,31.90271663462403,0.0,0.0,81.57645671551477,96.82088811879063,111.3180407885364,0.0,108.40059397148153,116.80089132229388,13.13135139007854,0.0,39.07076045781803,0.0,0.0,3.434935799878705,19.073096916012087,72.59795441259753,0.0,0.0,60.5542881993802,0.0,Bacteria;Bacillota_A;Clostridia;Christensenellales;Borkfalkiaceae;Gallimonas;Gallimonas merdigallinarum
D300458:bin_000001,0.0,0.0,0.0,0.0,256.2204955262566,0.0,0.0,0.0,0.0,0.0,0.0,0.0,0.0,494.5178800833442,0.0,0.0,0.0,0.0,112.11255882923784,0.0,0.0,0.0,256.16149941517347,0.0,120.4286999393095,Bacteria;Bacillota_A;Clostridia;Christensenellales;Borkfalkiaceae;Coproplasma;Coproplasma stercorigallinarum
GPB:bin_000076,0.0,0.0,0.0,0.0,104.75280802507822,0.0,0.0,0.0,0.0,0.0,0.0,0.0,0.0,121.67454922748756,0.0,0.0,0.0,0.0,24.181098188011152,0.0,0.0,0.0,46.80612120341046,0.0,17.702962158731758,Bacteria;Bacillota_A;Clostridia;Christensenellales;UBA1750;Spyradocola;Spyradocola merdavium
TG1:bin_000047,0.0,0.0,0.0,2.262651471178605,2.237873995412715,0.0,0.0,0.0,0.0,0.7156318000618798,0.0,0.0,0.0,2.4255844697134354,0.0,0.0,1.6721344171667762,0.0,1.934254029216454,0.0,0.6777368371258128,2.5063605749192623,2.9038741334915272,0.0,1.851176610472,Bacteria;Bacillota_A;Clostridia;Peptostreptococcales;Peptostreptococcaceae;Romboutsia;Romboutsia sp904418825
GPB:bin_000014,0.0,0.0,0.0,22.482716220916345,29.29429147176158,13.814127973976936,0.0,0.0,0.0,0.0,0.0,0.0,0.0,27.63397709904947,0.0,0.0,31.132733429775595,9.628379452167998,7.9332387073104496,0.0,0.0,23.69137749880355,0.0,0.0,0.0,Bacteria;Bacillota;Bacilli;CAJFEE01;CAJFEE01;Harrysmithimonas;Harrysmithimonas galli
GPB:bin_000017,0.0,0.0,0.0,0.0,0.9980272718246804,0.0,0.0,0.6760133854429923,0.5877990965051628,0.0,0.0,0.0,1.205299119069969,1.1882062784316556,0.0,0.0,0.0,0.0,2.888097741714203,0.0,1.1604092578886562,0.0,0.9519527583219004,2.867620180157412,0.0,Bacteria;Bacillota;Bacilli;Erysipelotrichales;Coprobacillaceae;Thomasclavelia;Thomasclavelia ramosa
D300509:bin_000001,0.0,0.0,0.0,17.716302039619066,0.0,23.824621600070003,0.0,0.0,0.0,0.0,0.0,0.0,0.0,0.0,0.0,0.0,5.652920898669792,13.380832831100708,0.0,0.0,0.0,11.84474048438642,0.0,0.0,0.0,Bacteria;Bacillota;Bacilli;Erysipelotrichales;Coprobacillaceae;Massilimicrobiota;Massilimicrobiota merdigallinarum
TG5_28:bin_000003,1.5329827004119865,3.718853603890898,18.651969301158704,5.196834147002712,9.523170683430296,11.740231468911484,1.3229908217774151,1.5624931272295266,1.1228957326243367,25.36175264744117,2.7544864445973727,18.67494184886423,2.51030565684492,9.461630647018108,1.976358869182837,1.855678018050944,2.768461910956086,4.43328184337001,10.474941928838284,18.983181855805977,29.796953868165165,7.156698367049729,9.262075382745836,3.346974241556039,2.7494480790431584,Bacteria;Bacillota;Bacilli;Erysipelotrichales;Coprobacillaceae;Thomasclavelia;Thomasclavelia spiroformis
GPB:bin_000115,2.405847025329531,0.6400409751398741,1.4731247333621007,0.7859965748108018,15.87157129637666,1.3262156548993531,0.0,2.0907589568942018,0.0,1.5281697974591013,0.6071826290833036,1.282135596908284,3.3997753212795687,8.273518837929387,0.8703061033644355,1.5037093992227926,1.1974226734811877,1.2496806457251757,6.871354930035438,3.3537149611824115,1.6449342771958433,0.7688706288192633,6.7183949284707545,2.844117219215776,1.903473718823994,Bacteria;Bacillota;Bacilli;Erysipelotrichales;Erysipelotrichaceae;Clostridium_AQ;Clostridium_AQ innocuum
TG1:bin_000014,0.0,0.0,0.0,12.049158786470676,0.0,78.41960517100237,0.0,0.0,0.0,0.0,0.0,0.0,0.0,0.0,0.0,0.0,8.221590837985644,4.591579794994794,0.0,0.0,0.0,8.759693903311042,0.0,0.0,0.0,Bacteria;Bacillota;Bacilli;Erysipelotrichales;Erysipelotrichaceae;Merdibacter;Merdibacter merdigallinarum
D300479:bin_000001,3.3583835891648204,1.3221149514295174,1.2574727284990597,3.023587846747217,9.859522229356063,2.8098128490512706,1.5693309079413396,0.0,0.0,0.0,1.1483455349497922,0.0,0.0,4.4048616306316095,1.8213351772628248,0.0,1.2225643834995772,1.5607582833950064,0.0,1.4941852891703296,0.7767106762384869,0.0,5.215244958241279,0.0,1.0379826477722247,Bacteria;Bacillota;Bacilli;Lactobacillales;Lactobacillaceae;Lactobacillus;Lactobacillus crispatus
TG5_28:bin_000004,0.0,0.0,2.0552287844113435,20.451078010197936,16.88723718900978,9.278850657780277,0.0,0.0,0.0,3.2269208120876325,0.0,3.9456779218693536,0.0,8.839717080874184,0.0,0.0,8.077632124837729,5.6010023955782176,0.0,6.117339837528941,6.6322553231353965,4.87956866208964,3.3727968041112937,0.0,0.0,Bacteria;Bacillota;Bacilli;Lactobacillales;Lactobacillaceae;Lactobacillus;Lactobacillus johnsonii
TG2:bin_000055,1.5614674581558563,2.2555469292689905,0.0,3.142379286391618,0.0,1.4555801819598515,0.8847188386356816,0.0,0.0,0.0,1.873317110904769,0.0,0.0,0.0,0.0,0.0,6.899898128408929,1.1676132881134311,0.0,0.0,0.0,0.7487139240006933,0.0,0.0,0.0,Bacteria;Bacillota;Bacilli;Lactobacillales;Lactobacillaceae;Lactobacillus;Lactobacillus gallinarum
GPB:bin_000025,0.0,0.0,0.0,0.0,11.63230370487498,0.0,0.0,12.769753260413731,5.942676159647498,0.0,0.0,0.0,8.679726125775474,5.204472270684279,0.0,9.344553849115336,0.0,0.0,6.054763210486208,0.0,0.0,0.0,11.343320600695634,11.15325650033502,5.633227054678068,Bacteria;Bacillota;Bacilli;Lactobacillales;Lactobacillaceae;Ligilactobacillus;Ligilactobacillus salivarius
Total_removed_abd,0.0,266.876040333327,8.39436926857037,25.84973352152347,19.51106941305253,21.958835558795823,6.596947997128351,32.79477918868896,4.529137877099691,21.334176994999986,1.6414811374795026,13.661686555656518,14.10411345873834,0.0,5.551851128950346,20.54788800330913,33.13828561699788,3.240808788362177,7.277370730029801,20.626078073149763,2.384711523053894,26.574214792210523,0.0,6.865801782225272,0.0,Removed_sum
